Date,Observation Frequency,Ticker,Revenue,Operating Cash Flow,CapEx,Free Cash Flow,EBITDA,Total Debt,Cash,Net Debt,Financial Period End,Financial Filing Date,OCF Period End,CapEx Period End,Debt Period End,Cash Period End,Debt Definition,Cash Definition,Flow Method,Revenue Quarters,OCF Quarters,CapEx Quarters,EBITDA Quarters,Source URL
2014-12-31,Historical Annual,AMD,5856000000.0,-193000000.0,94000000.0,-287000000.0,519000000.0,3226000000.0,1060000000.0,2166000000.0,2014-09-27,2014-10-30,,,2026-06-27,,"Total debt, net",,Trailing four fiscal quarters,4,4,4,4,https://data.sec.gov/api/xbrl/companyfacts/CIK0000002488.json
2015-12-31,Historical Annual,AMD,4272000000.0,-174000000.0,86000000.0,-260000000.0,-581000000.0,3226000000.0,1060000000.0,2166000000.0,2015-09-26,2015-11-03,,,2026-06-27,,"Total debt, net",,Trailing four fiscal quarters,4,4,4,4,https://data.sec.gov/api/xbrl/companyfacts/CIK0000002488.json
2016-12-31,Historical Annual,AMD,4124000000.0,-39000000.0,88000000.0,-127000000.0,-285000000.0,3226000000.0,1060000000.0,2166000000.0,2016-09-24,2016-10-26,,,2026-06-27,,"Total debt, net",,Trailing four fiscal quarters,4,4,4,4,https://data.sec.gov/api/xbrl/companyfacts/CIK0000002488.json
2017-12-31,Historical Annual,AMD,4955000000.0,-127000000.0,90000000.0,-217000000.0,258000000.0,3226000000.0,1060000000.0,2166000000.0,2017-09-30,2017-11-02,,,2026-06-27,,"Total debt, net",,Trailing four fiscal quarters,4,4,4,4,https://data.sec.gov/api/xbrl/companyfacts/CIK0000002488.json
2018-12-31,Historical Annual,AMD,6536000000.0,344000000.0,166000000.0,178000000.0,671000000.0,3226000000.0,1060000000.0,2166000000.0,2018-09-29,2018-10-31,,,2026-06-27,,"Total debt, net",,Trailing four fiscal quarters,4,4,4,4,https://data.sec.gov/api/xbrl/companyfacts/CIK0000002488.json
2019-12-31,Historical Annual,AMD,6023000000.0,171000000.0,216000000.0,-45000000.0,512000000.0,3226000000.0,1060000000.0,2166000000.0,2019-09-28,2019-10-30,,,2026-06-27,,"Total debt, net",,Trailing four fiscal quarters,4,4,4,4,https://data.sec.gov/api/xbrl/companyfacts/CIK0000002488.json
2020-12-31,Historical Annual,AMD,8646000000.0,959000000.0,262000000.0,697000000.0,1411000000.0,3226000000.0,1060000000.0,2166000000.0,2020-09-26,2020-10-28,,,2026-06-27,,"Total debt, net",,Trailing four fiscal quarters,4,4,4,4,https://data.sec.gov/api/xbrl/companyfacts/CIK0000002488.json
2021-12-31,Historical Annual,AMD,14852000000.0,3253000000.0,289000000.0,2964000000.0,3275000000.0,3226000000.0,1060000000.0,2166000000.0,2021-09-25,2021-10-27,,,2026-06-27,,"Total debt, net",,Trailing four fiscal quarters,4,4,4,4,https://data.sec.gov/api/xbrl/companyfacts/CIK0000002488.json
2022-12-31,Historical Annual,AMD,22828000000.0,3820000000.0,412000000.0,3408000000.0,2884000000.0,3226000000.0,1060000000.0,2166000000.0,2022-09-24,2022-11-02,,,2026-06-27,,"Total debt, net",,Trailing four fiscal quarters,4,4,4,4,https://data.sec.gov/api/xbrl/companyfacts/CIK0000002488.json
2023-12-31,Historical Annual,AMD,22111000000.0,1853000000.0,531000000.0,1322000000.0,349000000.0,3226000000.0,1060000000.0,2166000000.0,2023-09-30,2023-11-01,,,2026-06-27,,"Total debt, net",,Latest annual SEC fact; Trailing four fiscal quarters,4,4,4,0,https://data.sec.gov/api/xbrl/companyfacts/CIK0000002488.json
2024-12-31,Historical Annual,AMD,24295000000.0,2123000000.0,567000000.0,1556000000.0,1812000000.0,3226000000.0,1060000000.0,2166000000.0,2024-09-28,2024-10-30,,,2026-06-27,,"Total debt, net",,Latest annual SEC fact; Trailing four fiscal quarters,4,4,4,0,https://data.sec.gov/api/xbrl/companyfacts/CIK0000002488.json
2025-03-31,Quarterly Bridge,AMD,25785000000.0,3041000000.0,636000000.0,2405000000.0,2354000000.0,3226000000.0,1060000000.0,2166000000.0,2024-12-28,2025-02-05,,,2026-06-27,,"Total debt, net",,Latest annual SEC fact; Trailing four fiscal quarters,4,4,4,0,https://data.sec.gov/api/xbrl/companyfacts/CIK0000002488.json
2025-06-30,Quarterly Bridge,AMD,27750000000.0,3459000000.0,706000000.0,2753000000.0,3124000000.0,3226000000.0,1060000000.0,2166000000.0,2025-03-29,2025-05-07,,,2026-06-27,,"Total debt, net",,Latest annual SEC fact; Trailing four fiscal quarters,4,4,4,0,https://data.sec.gov/api/xbrl/companyfacts/CIK0000002488.json
2025-09-30,Quarterly Bridge,AMD,29600000000.0,4877000000.0,834000000.0,4043000000.0,2721000000.0,3226000000.0,1060000000.0,2166000000.0,2025-06-28,2025-08-06,,,2026-06-27,,"Total debt, net",,Latest annual SEC fact; Trailing four fiscal quarters,4,4,4,0,https://data.sec.gov/api/xbrl/companyfacts/CIK0000002488.json
2025-12-31,Quarterly Bridge,AMD,32027000000.0,6408000000.0,960000000.0,5448000000.0,3267000000.0,3226000000.0,1060000000.0,2166000000.0,2025-09-27,2025-11-05,,,2026-06-27,,"Total debt, net",,Latest annual SEC fact; Trailing four fiscal quarters,4,4,4,0,https://data.sec.gov/api/xbrl/companyfacts/CIK0000002488.json
2026-03-31,Quarterly Bridge,AMD,34639000000.0,7709000000.0,974000000.0,6735000000.0,4215000000.0,3226000000.0,1060000000.0,2166000000.0,2025-12-27,2026-02-04,,,2026-06-27,,"Total debt, net",,Latest annual SEC fact; Trailing four fiscal quarters,4,4,4,0,https://data.sec.gov/api/xbrl/companyfacts/CIK0000002488.json
2026-06-13,Quarterly Bridge,AMD,37454000000.0,9725000000.0,1151000000.0,8574000000.0,4885000000.0,3226000000.0,1060000000.0,2166000000.0,2026-03-28,2026-05-06,,,2026-06-27,,"Total debt, net",,Latest annual SEC fact; Trailing four fiscal quarters,4,4,4,0,https://data.sec.gov/api/xbrl/companyfacts/CIK0000002488.json
2026-08-09,Current SEC refresh,AMD,41305000000.0,10080000000.0,1677000000.0,8403000000.0,7009000000.0,3226000000.0,1060000000.0,2166000000.0,2026-06-27,2026-08-05,2026-06-27,2026-06-27,2026-06-27,2013-09-28,"Total debt, net",CashCashEquivalentsAndShortTermInvestments,Latest annual SEC fact; Trailing four fiscal quarters,4,4,4,0,https://data.sec.gov/api/xbrl/companyfacts/CIK0000002488.json
2026-08-10,Current SEC refresh,AMD,41305000000.0,10080000000.0,1677000000.0,8403000000.0,7009000000.0,3226000000.0,1060000000.0,2166000000.0,2026-06-27,2026-08-05,2026-06-27,2026-06-27,2026-06-27,2013-09-28,"Total debt, net",CashCashEquivalentsAndShortTermInvestments,Latest annual SEC fact; Trailing four fiscal quarters,4,4,4,0,https://data.sec.gov/api/xbrl/companyfacts/CIK0000002488.json
2026-08-12,Current SEC refresh,AMD,41305000000.0,10080000000.0,1677000000.0,8403000000.0,7009000000.0,3226000000.0,1060000000.0,2166000000.0,2026-06-27,2026-08-05,2026-06-27,2026-06-27,2026-06-27,2013-09-28,"Total debt, net",CashCashEquivalentsAndShortTermInvestments,Latest annual SEC fact; Trailing four fiscal quarters,4,4,4,0,https://data.sec.gov/api/xbrl/companyfacts/CIK0000002488.json
2026-08-13,Current SEC refresh,AMD,41305000000.0,10080000000.0,1677000000.0,8403000000.0,7009000000.0,3226000000.0,1060000000.0,2166000000.0,2026-06-27,2026-08-05,2026-06-27,2026-06-27,2026-06-27,2013-09-28,"Total debt, net",CashCashEquivalentsAndShortTermInvestments,Latest annual SEC fact; Trailing four fiscal quarters,4,4,4,0,https://data.sec.gov/api/xbrl/companyfacts/CIK0000002488.json
2014-12-31,Historical Annual,AMZN,85247000000.0,5704000000.0,4627000000.0,1077000000.0,3632000000.0,132549000000.0,6883000000.0,125666000000.0,2014-09-30,2014-10-24,,,2026-06-30,,"Long-term debt, current plus non-current, net",,Trailing four fiscal quarters,4,4,4,4,https://data.sec.gov/api/xbrl/companyfacts/CIK0001018724.json
2015-12-31,Historical Annual,AMZN,100588000000.0,9823000000.0,4424000000.0,5399000000.0,6495000000.0,132549000000.0,14428000000.0,118121000000.0,2015-09-30,2015-10-23,,,2026-06-30,,"Long-term debt, current plus non-current, net",,Trailing four fiscal quarters,4,4,4,4,https://data.sec.gov/api/xbrl/companyfacts/CIK0001018724.json
2016-12-31,Historical Annual,AMZN,127993000000.0,14603000000.0,6040000000.0,8563000000.0,10279000000.0,132549000000.0,18347000000.0,114202000000.0,2016-09-30,2016-10-28,,,2026-06-30,,"Long-term debt, current plus non-current, net",,Trailing four fiscal quarters,4,4,4,4,https://data.sec.gov/api/xbrl/companyfacts/CIK0001018724.json
2017-12-31,Historical Annual,AMZN,161154000000.0,16249000000.0,7419000000.0,8830000000.0,11758000000.0,132549000000.0,21531000000.0,111018000000.0,2017-09-30,2017-10-27,,,2026-06-30,,"Long-term debt, current plus non-current, net",,Trailing four fiscal quarters,4,4,4,4,https://data.sec.gov/api/xbrl/companyfacts/CIK0001018724.json
2018-12-31,Historical Annual,AMZN,220957000000.0,26673000000.0,13312000000.0,13361000000.0,25338000000.0,132549000000.0,21531000000.0,111018000000.0,2018-09-30,2018-10-26,,,2026-06-30,,"Long-term debt, current plus non-current, net",,Latest annual SEC fact; Trailing four fiscal quarters,4,4,0,4,https://data.sec.gov/api/xbrl/companyfacts/CIK0001018724.json
2019-12-31,Historical Annual,AMZN,265468000000.0,35333000000.0,15283000000.0,20050000000.0,34328000000.0,132549000000.0,21531000000.0,111018000000.0,2019-09-30,2019-10-25,,,2026-06-30,,"Long-term debt, current plus non-current, net",,Trailing four fiscal quarters,4,4,4,4,https://data.sec.gov/api/xbrl/companyfacts/CIK0001018724.json
2020-12-31,Historical Annual,AMZN,347946000000.0,55293000000.0,30629000000.0,24664000000.0,43708000000.0,132549000000.0,21531000000.0,111018000000.0,2020-09-30,2020-10-30,,,2026-06-30,,"Long-term debt, current plus non-current, net",,Trailing four fiscal quarters,4,4,4,4,https://data.sec.gov/api/xbrl/companyfacts/CIK0001018724.json
2021-12-31,Historical Annual,AMZN,457965000000.0,54672000000.0,56941000000.0,-2269000000.0,60404000000.0,132549000000.0,21531000000.0,111018000000.0,2021-09-30,2021-10-29,,,2026-06-30,,"Long-term debt, current plus non-current, net",,Trailing four fiscal quarters,4,4,4,4,https://data.sec.gov/api/xbrl/companyfacts/CIK0001018724.json
2022-12-31,Historical Annual,AMZN,502191000000.0,39665000000.0,65988000000.0,-26323000000.0,51549000000.0,132549000000.0,21531000000.0,111018000000.0,2022-09-30,2022-10-28,,,2026-06-30,,"Long-term debt, current plus non-current, net",,Trailing four fiscal quarters,4,4,4,4,https://data.sec.gov/api/xbrl/companyfacts/CIK0001018724.json
2023-12-31,Historical Annual,AMZN,554028000000.0,71654000000.0,54733000000.0,16921000000.0,73908000000.0,132549000000.0,21531000000.0,111018000000.0,2023-09-30,2023-10-27,,,2026-06-30,,"Long-term debt, current plus non-current, net",,Trailing four fiscal quarters,4,4,4,4,https://data.sec.gov/api/xbrl/companyfacts/CIK0001018724.json
2024-12-31,Historical Annual,AMZN,620128000000.0,112706000000.0,69753000000.0,42953000000.0,111583000000.0,132549000000.0,21531000000.0,111018000000.0,2024-09-30,2024-11-01,,,2026-06-30,,"Long-term debt, current plus non-current, net",,Trailing four fiscal quarters,4,4,4,4,https://data.sec.gov/api/xbrl/companyfacts/CIK0001018724.json
2025-03-31,Quarterly Bridge,AMZN,637959000000.0,115877000000.0,82999000000.0,32878000000.0,121388000000.0,132549000000.0,21531000000.0,111018000000.0,2024-12-31,2025-02-07,,,2026-06-30,,"Long-term debt, current plus non-current, net",,Trailing four fiscal quarters,4,4,4,4,https://data.sec.gov/api/xbrl/companyfacts/CIK0001018724.json
2025-06-30,Quarterly Bridge,AMZN,650313000000.0,113903000000.0,93093000000.0,20810000000.0,127064000000.0,132549000000.0,21531000000.0,111018000000.0,2025-03-31,2025-05-02,,,2026-06-30,,"Long-term debt, current plus non-current, net",,Trailing four fiscal quarters,4,4,4,4,https://data.sec.gov/api/xbrl/companyfacts/CIK0001018724.json
2025-09-30,Quarterly Bridge,AMZN,670038000000.0,121137000000.0,107656000000.0,13481000000.0,134752000000.0,132549000000.0,21531000000.0,111018000000.0,2025-06-30,2025-08-01,,,2026-06-30,,"Long-term debt, current plus non-current, net",,Trailing four fiscal quarters,4,4,4,4,https://data.sec.gov/api/xbrl/companyfacts/CIK0001018724.json
2025-12-31,Quarterly Bridge,AMZN,691330000000.0,130691000000.0,120131000000.0,10560000000.0,138117000000.0,132549000000.0,21531000000.0,111018000000.0,2025-09-30,2025-10-31,,,2026-06-30,,"Long-term debt, current plus non-current, net",,Trailing four fiscal quarters,4,4,4,4,https://data.sec.gov/api/xbrl/companyfacts/CIK0001018724.json
2026-03-31,Quarterly Bridge,AMZN,716924000000.0,139514000000.0,131819000000.0,7695000000.0,145731000000.0,132549000000.0,21531000000.0,111018000000.0,2025-12-31,2026-02-06,,,2026-06-30,,"Long-term debt, current plus non-current, net",,Trailing four fiscal quarters,4,4,4,4,https://data.sec.gov/api/xbrl/companyfacts/CIK0001018724.json
2026-06-13,Quarterly Bridge,AMZN,742776000000.0,148531000000.0,151003000000.0,-2472000000.0,155861000000.0,132549000000.0,21531000000.0,111018000000.0,2026-03-31,2026-04-30,,,2026-06-30,,"Long-term debt, current plus non-current, net",,Trailing four fiscal quarters,4,4,4,4,https://data.sec.gov/api/xbrl/companyfacts/CIK0001018724.json
2026-08-09,Current SEC refresh,AMZN,775680000000.0,161403000000.0,173028000000.0,-11625000000.0,168912000000.0,132549000000.0,21531000000.0,111018000000.0,2026-06-30,2026-07-31,2026-06-30,2026-06-30,2026-06-30,2017-03-31,"Long-term debt, current plus non-current, net",CashCashEquivalentsAndShortTermInvestments,Trailing four fiscal quarters,4,4,4,4,https://data.sec.gov/api/xbrl/companyfacts/CIK0001018724.json
2026-08-10,Current SEC refresh,AMZN,775680000000.0,161403000000.0,173028000000.0,-11625000000.0,168912000000.0,132549000000.0,21531000000.0,111018000000.0,2026-06-30,2026-07-31,2026-06-30,2026-06-30,2026-06-30,2017-03-31,"Long-term debt, current plus non-current, net",CashCashEquivalentsAndShortTermInvestments,Trailing four fiscal quarters,4,4,4,4,https://data.sec.gov/api/xbrl/companyfacts/CIK0001018724.json
2026-08-12,Current SEC refresh,AMZN,775680000000.0,161403000000.0,173028000000.0,-11625000000.0,168912000000.0,132549000000.0,21531000000.0,111018000000.0,2026-06-30,2026-07-31,2026-06-30,2026-06-30,2026-06-30,2017-03-31,"Long-term debt, current plus non-current, net",CashCashEquivalentsAndShortTermInvestments,Trailing four fiscal quarters,4,4,4,4,https://data.sec.gov/api/xbrl/companyfacts/CIK0001018724.json
2026-08-13,Current SEC refresh,AMZN,775680000000.0,161403000000.0,173028000000.0,-11625000000.0,168912000000.0,132549000000.0,21531000000.0,111018000000.0,2026-06-30,2026-07-31,2026-06-30,2026-06-30,2026-06-30,2017-03-31,"Long-term debt, current plus non-current, net",CashCashEquivalentsAndShortTermInvestments,Trailing four fiscal quarters,4,4,4,4,https://data.sec.gov/api/xbrl/companyfacts/CIK0001018724.json
2014-12-31,Historical Annual,ANET,,,,,,0.0,408596000.0,-408596000.0,2014-09-30,2014-11-07,,,,,,,Unavailable,0,0,0,0,https://data.sec.gov/api/xbrl/companyfacts/CIK0001596532.json
2015-12-31,Historical Annual,ANET,765634000.0,117193000.0,16319000.0,100874000.0,151161000.0,0.0,418500000.0,-418500000.0,2015-09-30,2015-11-06,,,,,,,Trailing four fiscal quarters,4,4,4,4,https://data.sec.gov/api/xbrl/companyfacts/CIK0001596532.json
2016-12-31,Historical Annual,ANET,1046644000.0,195196000.0,21802000.0,173394000.0,233937000.0,0.0,500481000.0,-500481000.0,2016-09-30,2016-11-03,,,,,,,Trailing four fiscal quarters,4,4,4,4,https://data.sec.gov/api/xbrl/companyfacts/CIK0001596532.json
2017-12-31,Historical Annual,ANET,1506288000.0,470675000.0,17094000.0,453581000.0,428460000.0,0.0,854479000.0,-854479000.0,2017-09-30,2017-11-03,,,,,,,Trailing four fiscal quarters,4,4,4,4,https://data.sec.gov/api/xbrl/companyfacts/CIK0001596532.json
2018-12-31,Historical Annual,ANET,1646186000.0,390964000.0,20733000.0,370231000.0,240875000.0,0.0,524687000.0,-524687000.0,2018-09-30,2018-11-05,,,,,,,Latest annual SEC fact; Trailing four fiscal quarters,0,4,4,4,https://data.sec.gov/api/xbrl/companyfacts/CIK0001596532.json
2019-12-31,Historical Annual,ANET,2453886000.0,931692000.0,19536000.0,912156000.0,850620000.0,0.0,1095265000.0,-1095265000.0,2019-09-30,2019-11-01,,,,,,,Trailing four fiscal quarters,4,4,4,4,https://data.sec.gov/api/xbrl/companyfacts/CIK0001596532.json
2020-12-31,Historical Annual,ANET,2221576000.0,875351000.0,10133000.0,865218000.0,709144000.0,0.0,970349000.0,-970349000.0,2020-09-30,2020-11-03,,,,,,,Trailing four fiscal quarters,4,4,4,4,https://data.sec.gov/api/xbrl/companyfacts/CIK0001596532.json
2021-12-31,Historical Annual,ANET,2772060000.0,977544000.0,63138000.0,914406000.0,888562000.0,0.0,630982000.0,-630982000.0,2021-09-30,2021-11-02,,,,,,,Trailing four fiscal quarters,4,4,4,4,https://data.sec.gov/api/xbrl/companyfacts/CIK0001596532.json
2022-12-31,Historical Annual,ANET,3930217000.0,677576000.0,43465000.0,634111000.0,1362636000.0,0.0,716253000.0,-716253000.0,2022-09-30,2022-11-01,,,,,,,Trailing four fiscal quarters,4,4,4,4,https://data.sec.gov/api/xbrl/companyfacts/CIK0001596532.json
2023-12-31,Historical Annual,ANET,5595283000.0,1548023000.0,38884000.0,1509139000.0,2141090000.0,0.0,1748818000.0,-1748818000.0,2023-09-30,2023-10-31,,,,,,,Trailing four fiscal quarters,4,4,4,4,https://data.sec.gov/api/xbrl/companyfacts/CIK0001596532.json
2024-12-31,Historical Annual,ANET,6613147000.0,3203736000.0,25590000.0,3178146000.0,2838927000.0,0.0,3175139000.0,-3175139000.0,2024-09-30,2024-11-08,,,,,,,Trailing four fiscal quarters,4,4,4,4,https://data.sec.gov/api/xbrl/companyfacts/CIK0001596532.json
2025-03-31,Quarterly Bridge,ANET,7003146000.0,3708235000.0,32032000.0,3676203000.0,2999656000.0,0.0,2762357000.0,-2762357000.0,2024-12-31,2025-02-19,,,,,,,Trailing four fiscal quarters,4,4,4,4,https://data.sec.gov/api/xbrl/companyfacts/CIK0001596532.json
2025-06-30,Quarterly Bridge,ANET,7436572000.0,3836135000.0,51032000.0,3785103000.0,3196501000.0,0.0,1845100000.0,-1845100000.0,2025-03-31,2025-05-07,,,,,,,Trailing four fiscal quarters,4,4,4,4,https://data.sec.gov/api/xbrl/companyfacts/CIK0001596532.json
2025-09-30,Quarterly Bridge,ANET,7950972000.0,4047235000.0,71832000.0,3975403000.0,3482340000.0,0.0,2225500000.0,-2225500000.0,2025-06-30,2025-08-06,,,,,,,Trailing four fiscal quarters,4,4,4,4,https://data.sec.gov/api/xbrl/companyfacts/CIK0001596532.json
2025-12-31,Quarterly Bridge,ANET,8448346000.0,4140935000.0,94932000.0,4046003000.0,3667054000.0,0.0,2326600000.0,-2326600000.0,2025-09-30,2025-11-05,,,,,,,Trailing four fiscal quarters,4,4,4,4,https://data.sec.gov/api/xbrl/companyfacts/CIK0001596532.json
2026-03-31,Quarterly Bridge,ANET,9005700000.0,4371900000.0,119500000.0,4252400000.0,3907800000.0,0.0,1963900000.0,-1963900000.0,2025-12-31,2026-02-17,,,,,,,Trailing four fiscal quarters,4,4,4,4,https://data.sec.gov/api/xbrl/companyfacts/CIK0001596532.json
2026-06-13,Quarterly Bridge,ANET,9709900000.0,5423700000.0,145600000.0,5278100000.0,4216300000.0,0.0,2789500000.0,-2789500000.0,2026-03-31,2026-05-06,,,,,,,Trailing four fiscal quarters,4,4,4,4,https://data.sec.gov/api/xbrl/companyfacts/CIK0001596532.json
2026-08-09,Current SEC refresh,ANET,10540800000.0,5306600000.0,151300000.0,5155300000.0,4623800000.0,0.0,2290200000.0,-2290200000.0,2026-06-30,2026-08-05,2026-06-30,2026-06-30,2014-06-30,2026-06-30,LongTermDebtCurrent;LongTermDebtNoncurrent,CashAndCashEquivalentsAtCarryingValue,Trailing four fiscal quarters,4,4,4,4,https://data.sec.gov/api/xbrl/companyfacts/CIK0001596532.json
2026-08-10,Current SEC refresh,ANET,10540800000.0,5306600000.0,151300000.0,5155300000.0,4623800000.0,0.0,2290200000.0,-2290200000.0,2026-06-30,2026-08-05,2026-06-30,2026-06-30,2014-06-30,2026-06-30,LongTermDebtCurrent;LongTermDebtNoncurrent,CashAndCashEquivalentsAtCarryingValue,Trailing four fiscal quarters,4,4,4,4,https://data.sec.gov/api/xbrl/companyfacts/CIK0001596532.json
2026-08-12,Current SEC refresh,ANET,10540800000.0,5306600000.0,151300000.0,5155300000.0,4623800000.0,0.0,2290200000.0,-2290200000.0,2026-06-30,2026-08-05,2026-06-30,2026-06-30,2014-06-30,2026-06-30,LongTermDebtCurrent;LongTermDebtNoncurrent,CashAndCashEquivalentsAtCarryingValue,Trailing four fiscal quarters,4,4,4,4,https://data.sec.gov/api/xbrl/companyfacts/CIK0001596532.json
2026-08-13,Current SEC refresh,ANET,10540800000.0,5306600000.0,151300000.0,5155300000.0,4623800000.0,0.0,2290200000.0,-2290200000.0,2026-06-30,2026-08-05,2026-06-30,2026-06-30,2014-06-30,2026-06-30,LongTermDebtCurrent;LongTermDebtNoncurrent,CashAndCashEquivalentsAtCarryingValue,Trailing four fiscal quarters,4,4,4,4,https://data.sec.gov/api/xbrl/companyfacts/CIK0001596532.json
2014-12-31,Historical Annual,GOOG,,,,,,100164000000.0,,,,,,,2026-06-30,,"Long-term debt, current plus non-current, net",,Unavailable,0,0,0,0,https://data.sec.gov/api/xbrl/companyfacts/CIK0001652044.json
2015-12-31,Historical Annual,GOOG,,,,,,100164000000.0,72767000000.0,27397000000.0,2015-09-30,2015-10-29,,,2026-06-30,,"Long-term debt, current plus non-current, net",,Unavailable,0,0,0,0,https://data.sec.gov/api/xbrl/companyfacts/CIK0001652044.json
2016-12-31,Historical Annual,GOOG,85537000000.0,32684000000.0,9172000000.0,23512000000.0,,100164000000.0,83056000000.0,17108000000.0,2016-09-30,2016-11-03,,,2026-06-30,,"Long-term debt, current plus non-current, net",,Trailing four fiscal quarters; Unavailable,4,4,4,0,https://data.sec.gov/api/xbrl/companyfacts/CIK0001652044.json
2017-12-31,Historical Annual,GOOG,104596000000.0,36236000000.0,11955000000.0,24281000000.0,,100164000000.0,100143000000.0,21000000.0,2017-09-30,2017-10-27,,,2026-06-30,,"Long-term debt, current plus non-current, net",,Trailing four fiscal quarters; Unavailable,4,4,4,0,https://data.sec.gov/api/xbrl/companyfacts/CIK0001652044.json
2018-12-31,Historical Annual,GOOG,129866000000.0,45252000000.0,22365000000.0,22887000000.0,,100164000000.0,106416000000.0,-6252000000.0,2018-09-30,2018-10-26,,,2026-06-30,,"Long-term debt, current plus non-current, net",,Trailing four fiscal quarters; Unavailable,4,4,4,0,https://data.sec.gov/api/xbrl/companyfacts/CIK0001652044.json
2019-12-31,Historical Annual,GOOG,155058000000.0,53080000000.0,24577000000.0,28503000000.0,,100164000000.0,121177000000.0,-21013000000.0,2019-09-30,2019-10-29,,,2026-06-30,,"Long-term debt, current plus non-current, net",,Trailing four fiscal quarters; Unavailable,4,4,4,0,https://data.sec.gov/api/xbrl/companyfacts/CIK0001652044.json
2020-12-31,Historical Annual,GOOG,171704000000.0,56874000000.0,22854000000.0,34020000000.0,,100164000000.0,132596000000.0,-32432000000.0,2020-09-30,2020-10-30,,,2026-06-30,,"Long-term debt, current plus non-current, net",,Trailing four fiscal quarters; Unavailable,4,4,4,0,https://data.sec.gov/api/xbrl/companyfacts/CIK0001652044.json
2021-12-31,Historical Annual,GOOG,239210000000.0,89395000000.0,23736000000.0,65659000000.0,,100164000000.0,142003000000.0,-41839000000.0,2021-09-30,2021-10-27,,,2026-06-30,,"Long-term debt, current plus non-current, net",,Trailing four fiscal quarters; Unavailable,4,4,4,0,https://data.sec.gov/api/xbrl/companyfacts/CIK0001652044.json
2022-12-31,Historical Annual,GOOG,282113000000.0,92815000000.0,30273000000.0,62542000000.0,,100164000000.0,116259000000.0,-16095000000.0,2022-09-30,2022-10-26,,,2026-06-30,,"Long-term debt, current plus non-current, net",,Trailing four fiscal quarters; Unavailable,4,4,4,0,https://data.sec.gov/api/xbrl/companyfacts/CIK0001652044.json
2023-12-31,Historical Annual,GOOG,297132000000.0,106445000000.0,28827000000.0,77618000000.0,,100164000000.0,119935000000.0,-19771000000.0,2023-09-30,2023-10-25,,,2026-06-30,,"Long-term debt, current plus non-current, net",,Trailing four fiscal quarters; Unavailable,4,4,4,0,https://data.sec.gov/api/xbrl/companyfacts/CIK0001652044.json
2024-12-31,Historical Annual,GOOG,339859000000.0,105101000000.0,49278000000.0,55823000000.0,119537000000.0,100164000000.0,93230000000.0,6934000000.0,2024-09-30,2024-10-30,,,2026-06-30,,"Long-term debt, current plus non-current, net",,Trailing four fiscal quarters,4,4,4,4,https://data.sec.gov/api/xbrl/companyfacts/CIK0001652044.json
2025-03-31,Quarterly Bridge,GOOG,350018000000.0,125299000000.0,52535000000.0,72764000000.0,127701000000.0,100164000000.0,95657000000.0,4507000000.0,2024-12-31,2025-02-05,,,2026-06-30,,"Long-term debt, current plus non-current, net",,Trailing four fiscal quarters,4,4,4,4,https://data.sec.gov/api/xbrl/companyfacts/CIK0001652044.json
2025-06-30,Quarterly Bridge,GOOG,359713000000.0,132601000000.0,57720000000.0,74881000000.0,133909000000.0,100164000000.0,95328000000.0,4836000000.0,2025-03-31,2025-04-25,,,2026-06-30,,"Long-term debt, current plus non-current, net",,Trailing four fiscal quarters,4,4,4,4,https://data.sec.gov/api/xbrl/companyfacts/CIK0001652044.json
2025-09-30,Quarterly Bridge,GOOG,371399000000.0,133708000000.0,66980000000.0,66728000000.0,139045000000.0,100164000000.0,95148000000.0,5016000000.0,2025-06-30,2025-07-24,,,2026-06-30,,"Long-term debt, current plus non-current, net",,Trailing four fiscal quarters,4,4,4,4,https://data.sec.gov/api/xbrl/companyfacts/CIK0001652044.json
2025-12-31,Quarterly Bridge,GOOG,385477000000.0,151424000000.0,77872000000.0,73552000000.0,143378000000.0,100164000000.0,98496000000.0,1668000000.0,2025-09-30,2025-10-30,,,2026-06-30,,"Long-term debt, current plus non-current, net",,Trailing four fiscal quarters,4,4,4,4,https://data.sec.gov/api/xbrl/companyfacts/CIK0001652044.json
2026-03-31,Quarterly Bridge,GOOG,402837000000.0,164713000000.0,91447000000.0,73266000000.0,150175000000.0,100164000000.0,126843000000.0,-26679000000.0,2025-12-31,2026-02-05,,,2026-06-30,,"Long-term debt, current plus non-current, net",,Trailing four fiscal quarters,4,4,4,4,https://data.sec.gov/api/xbrl/companyfacts/CIK0001652044.json
2026-06-13,Quarterly Bridge,GOOG,422499000000.0,174353000000.0,109924000000.0,64429000000.0,161260000000.0,100164000000.0,126840000000.0,-26676000000.0,2026-03-31,2026-04-30,,,2026-06-30,,"Long-term debt, current plus non-current, net",,Trailing four fiscal quarters,4,4,4,4,https://data.sec.gov/api/xbrl/companyfacts/CIK0001652044.json
2026-08-09,Current SEC refresh,GOOG,445867000000.0,185675000000.0,132402000000.0,53273000000.0,172865000000.0,100164000000.0,242474000000.0,-142310000000.0,2026-06-30,2026-07-23,2026-06-30,2026-06-30,2026-06-30,2026-06-30,"Long-term debt, current plus non-current, net",CashCashEquivalentsAndShortTermInvestments,Trailing four fiscal quarters,4,4,4,4,https://data.sec.gov/api/xbrl/companyfacts/CIK0001652044.json
2026-08-10,Current SEC refresh,GOOG,445867000000.0,185675000000.0,132402000000.0,53273000000.0,172865000000.0,100164000000.0,242474000000.0,-142310000000.0,2026-06-30,2026-07-23,2026-06-30,2026-06-30,2026-06-30,2026-06-30,"Long-term debt, current plus non-current, net",CashCashEquivalentsAndShortTermInvestments,Trailing four fiscal quarters,4,4,4,4,https://data.sec.gov/api/xbrl/companyfacts/CIK0001652044.json
2026-08-12,Current SEC refresh,GOOG,445867000000.0,185675000000.0,132402000000.0,53273000000.0,172865000000.0,100164000000.0,242474000000.0,-142310000000.0,2026-06-30,2026-07-23,2026-06-30,2026-06-30,2026-06-30,2026-06-30,"Long-term debt, current plus non-current, net",CashCashEquivalentsAndShortTermInvestments,Trailing four fiscal quarters,4,4,4,4,https://data.sec.gov/api/xbrl/companyfacts/CIK0001652044.json
2026-08-13,Current SEC refresh,GOOG,445867000000.0,185675000000.0,132402000000.0,53273000000.0,172865000000.0,100164000000.0,242474000000.0,-142310000000.0,2026-06-30,2026-07-23,2026-06-30,2026-06-30,2026-06-30,2026-06-30,"Long-term debt, current plus non-current, net",CashCashEquivalentsAndShortTermInvestments,Trailing four fiscal quarters,4,4,4,4,https://data.sec.gov/api/xbrl/companyfacts/CIK0001652044.json
2014-12-31,Historical Annual,IREN,,,,,,,,,,,,,,,,,Unavailable,0,0,0,0,https://data.sec.gov/api/xbrl/companyfacts/CIK0001878848.json
2015-12-31,Historical Annual,IREN,,,,,,,,,,,,,,,,,Unavailable,0,0,0,0,https://data.sec.gov/api/xbrl/companyfacts/CIK0001878848.json
2016-12-31,Historical Annual,IREN,,,,,,,,,,,,,,,,,Unavailable,0,0,0,0,https://data.sec.gov/api/xbrl/companyfacts/CIK0001878848.json
2017-12-31,Historical Annual,IREN,,,,,,,,,,,,,,,,,Unavailable,0,0,0,0,https://data.sec.gov/api/xbrl/companyfacts/CIK0001878848.json
2018-12-31,Historical Annual,IREN,,,,,,,,,,,,,,,,,Unavailable,0,0,0,0,https://data.sec.gov/api/xbrl/companyfacts/CIK0001878848.json
2019-12-31,Historical Annual,IREN,,,,,,,,,,,,,,,,,Unavailable,0,0,0,0,https://data.sec.gov/api/xbrl/companyfacts/CIK0001878848.json
2020-12-31,Historical Annual,IREN,,,,,,,,,,,,,,,,,Unavailable,0,0,0,0,https://data.sec.gov/api/xbrl/companyfacts/CIK0001878848.json
2021-12-31,Historical Annual,IREN,,,,,,,,,,,,,,,,,Unavailable,0,0,0,0,https://data.sec.gov/api/xbrl/companyfacts/CIK0001878848.json
2022-12-31,Historical Annual,IREN,,,,,,,,,,,,,,,,,Unavailable,0,0,0,0,https://data.sec.gov/api/xbrl/companyfacts/CIK0001878848.json
2023-12-31,Historical Annual,IREN,,,,,,,,,,,,,,,,,Unavailable,0,0,0,0,https://data.sec.gov/api/xbrl/companyfacts/CIK0001878848.json
2024-12-31,Historical Annual,IREN,,,,,,,,,,,,,,,,,Unavailable,0,0,0,0,https://data.sec.gov/api/xbrl/companyfacts/CIK0001878848.json
2025-03-31,Quarterly Bridge,IREN,,,,,,,,,,,,,,,,,Unavailable,0,0,0,0,https://data.sec.gov/api/xbrl/companyfacts/CIK0001878848.json
2025-06-30,Quarterly Bridge,IREN,,,,,,,,,,,,,,,,,Unavailable,0,0,0,0,https://data.sec.gov/api/xbrl/companyfacts/CIK0001878848.json
2025-09-30,Quarterly Bridge,IREN,501023000.0,245886000.0,573456000.0,-327570000.0,198463000.0,,564526000.0,,2025-06-30,2025-08-28,,,,,,,Latest annual SEC fact,0,0,0,0,https://data.sec.gov/api/xbrl/companyfacts/CIK0001878848.json
2025-12-31,Quarterly Bridge,IREN,501023000.0,245886000.0,573456000.0,-327570000.0,198463000.0,,1032263000.0,,2025-09-30,2025-11-06,,,,,,,Latest annual SEC fact,0,0,0,0,https://data.sec.gov/api/xbrl/companyfacts/CIK0001878848.json
2026-03-31,Quarterly Bridge,IREN,501023000.0,245886000.0,573456000.0,-327570000.0,198463000.0,,3260589000.0,,2025-12-31,2026-02-05,,,,,,,Latest annual SEC fact,0,0,0,0,https://data.sec.gov/api/xbrl/companyfacts/CIK0001878848.json
2026-06-13,Quarterly Bridge,IREN,757074000.0,392467000.0,1853271000.0,-1460804000.0,-38979000.0,,2213274000.0,,2026-03-31,2026-05-08,,,,,,,Trailing four fiscal quarters,4,4,4,4,https://data.sec.gov/api/xbrl/companyfacts/CIK0001878848.json
2026-08-09,Current SEC refresh,IREN,757074000.0,392467000.0,1853271000.0,-1460804000.0,-38979000.0,,564526000.0,,2026-03-31,2026-05-08,2026-03-31,2026-03-31,,2025-06-30,,CashAndCashEquivalentsAtCarryingValue;ShortTermInvestments,Trailing four fiscal quarters,4,4,4,4,https://data.sec.gov/api/xbrl/companyfacts/CIK0001878848.json
2026-08-10,Current SEC refresh,IREN,757074000.0,392467000.0,1853271000.0,-1460804000.0,-38979000.0,,564526000.0,,2026-03-31,2026-05-08,2026-03-31,2026-03-31,,2025-06-30,,CashAndCashEquivalentsAtCarryingValue;ShortTermInvestments,Trailing four fiscal quarters,4,4,4,4,https://data.sec.gov/api/xbrl/companyfacts/CIK0001878848.json
2026-08-12,Current SEC refresh,IREN,757074000.0,392467000.0,1853271000.0,-1460804000.0,-38979000.0,,564526000.0,,2026-03-31,2026-05-08,2026-03-31,2026-03-31,,2025-06-30,,CashAndCashEquivalentsAtCarryingValue;ShortTermInvestments,Trailing four fiscal quarters,4,4,4,4,https://data.sec.gov/api/xbrl/companyfacts/CIK0001878848.json
2026-08-13,Current SEC refresh,IREN,757074000.0,392467000.0,1853271000.0,-1460804000.0,-38979000.0,,564526000.0,,2026-03-31,2026-05-08,2026-03-31,2026-03-31,,2025-06-30,,CashAndCashEquivalentsAtCarryingValue;ShortTermInvestments,Trailing four fiscal quarters,4,4,4,4,https://data.sec.gov/api/xbrl/companyfacts/CIK0001878848.json
2014-12-31,Historical Annual,META,11201000000.0,5105000000.0,1797000000.0,3308000000.0,6078000000.0,83664000000.0,8999000000.0,74665000000.0,2014-09-30,2014-10-30,,,2026-06-30,,"Fixed-rate senior unsecured notes, carrying amount",,Trailing four fiscal quarters,4,4,4,4,https://data.sec.gov/api/xbrl/companyfacts/CIK0001326801.json
2015-12-31,Historical Annual,META,15937000000.0,7355000000.0,2348000000.0,5007000000.0,6633000000.0,83664000000.0,4308000000.0,79356000000.0,2015-09-30,2015-11-05,,,2026-06-30,,"Fixed-rate senior unsecured notes, carrying amount",,Trailing four fiscal quarters,4,4,4,4,https://data.sec.gov/api/xbrl/companyfacts/CIK0001326801.json
2016-12-31,Historical Annual,META,24670000000.0,12585000000.0,3914000000.0,8671000000.0,12708000000.0,83664000000.0,6038000000.0,77626000000.0,2016-09-30,2016-11-03,,,2026-06-30,,"Fixed-rate senior unsecured notes, carrying amount",,Trailing four fiscal quarters,4,4,4,4,https://data.sec.gov/api/xbrl/companyfacts/CIK0001326801.json
2017-12-31,Historical Annual,META,36490000000.0,21475000000.0,5739000000.0,15736000000.0,20203000000.0,83664000000.0,7201000000.0,76463000000.0,2017-09-30,2017-11-02,,,2026-06-30,,"Fixed-rate senior unsecured notes, carrying amount",,Trailing four fiscal quarters,4,4,4,4,https://data.sec.gov/api/xbrl/companyfacts/CIK0001326801.json
2018-12-31,Historical Annual,META,51896000000.0,29327000000.0,11877000000.0,17450000000.0,28388000000.0,83664000000.0,9637000000.0,74027000000.0,2018-09-30,2018-10-31,,,2026-06-30,,"Fixed-rate senior unsecured notes, carrying amount",,Trailing four fiscal quarters,4,4,4,4,https://data.sec.gov/api/xbrl/companyfacts/CIK0001326801.json
2019-12-31,Historical Annual,META,66529000000.0,34849000000.0,15303000000.0,19546000000.0,28446000000.0,83664000000.0,15979000000.0,67685000000.0,2019-09-30,2019-10-31,,,2026-06-30,,"Fixed-rate senior unsecured notes, carrying amount",,Trailing four fiscal quarters,4,4,4,4,https://data.sec.gov/api/xbrl/companyfacts/CIK0001326801.json
2020-12-31,Historical Annual,META,78976000000.0,33790000000.0,14602000000.0,19188000000.0,34979000000.0,83664000000.0,11617000000.0,72047000000.0,2020-09-30,2020-10-30,,,2026-06-30,,"Fixed-rate senior unsecured notes, carrying amount",,Trailing four fiscal quarters,4,4,4,4,https://data.sec.gov/api/xbrl/companyfacts/CIK0001326801.json
2021-12-31,Historical Annual,META,112330000000.0,53619000000.0,17811000000.0,35808000000.0,54508000000.0,83664000000.0,14496000000.0,69168000000.0,2021-09-30,2021-10-26,,,2026-06-30,,"Fixed-rate senior unsecured notes, carrying amount",,Trailing four fiscal quarters,4,4,4,4,https://data.sec.gov/api/xbrl/companyfacts/CIK0001326801.json
2022-12-31,Historical Annual,META,118115000000.0,54068000000.0,27665000000.0,26403000000.0,43361000000.0,83664000000.0,14308000000.0,69356000000.0,2022-09-30,2022-10-27,,,2026-06-30,,"Fixed-rate senior unsecured notes, carrying amount",,Trailing four fiscal quarters,4,4,4,4,https://data.sec.gov/api/xbrl/companyfacts/CIK0001326801.json
2023-12-31,Historical Annual,META,126955000000.0,66220000000.0,28644000000.0,37576000000.0,47076000000.0,83664000000.0,36890000000.0,46774000000.0,2023-09-30,2023-10-26,,,2026-06-30,,"Fixed-rate senior unsecured notes, carrying amount",,Trailing four fiscal quarters,4,4,4,4,https://data.sec.gov/api/xbrl/companyfacts/CIK0001326801.json
2024-12-31,Historical Annual,META,156226000000.0,82744000000.0,30644000000.0,52100000000.0,76485000000.0,83664000000.0,43852000000.0,39812000000.0,2024-09-30,2024-10-31,,,2026-06-30,,"Fixed-rate senior unsecured notes, carrying amount",,Trailing four fiscal quarters,4,4,4,4,https://data.sec.gov/api/xbrl/companyfacts/CIK0001326801.json
2025-03-31,Quarterly Bridge,META,164500000000.0,91328000000.0,37256000000.0,54072000000.0,84753000000.0,83664000000.0,43889000000.0,39775000000.0,2024-12-31,2025-01-30,,,2026-06-30,,"Fixed-rate senior unsecured notes, carrying amount",,Trailing four fiscal quarters,4,4,4,4,https://data.sec.gov/api/xbrl/companyfacts/CIK0001326801.json
2025-06-30,Quarterly Bridge,META,170359000000.0,96108000000.0,43797000000.0,52311000000.0,89016000000.0,83664000000.0,28750000000.0,54914000000.0,2025-03-31,2025-05-01,,,2026-06-30,,"Fixed-rate senior unsecured notes, carrying amount",,Trailing four fiscal quarters,4,4,4,4,https://data.sec.gov/api/xbrl/companyfacts/CIK0001326801.json
2025-09-30,Quarterly Bridge,META,178804000000.0,102299000000.0,52162000000.0,50137000000.0,95310000000.0,83664000000.0,12005000000.0,71659000000.0,2025-06-30,2025-07-31,,,2026-06-30,,"Fixed-rate senior unsecured notes, carrying amount",,Trailing four fiscal quarters,4,4,4,4,https://data.sec.gov/api/xbrl/companyfacts/CIK0001326801.json
2025-12-31,Quarterly Bridge,META,189457000000.0,107574000000.0,62733000000.0,44841000000.0,99295000000.0,83664000000.0,10187000000.0,73477000000.0,2025-09-30,2025-10-30,,,2026-06-30,,"Fixed-rate senior unsecured notes, carrying amount",,Trailing four fiscal quarters,4,4,4,4,https://data.sec.gov/api/xbrl/companyfacts/CIK0001326801.json
2026-03-31,Quarterly Bridge,META,200965000000.0,115800000000.0,69691000000.0,46109000000.0,101627000000.0,83664000000.0,35873000000.0,47791000000.0,2025-12-31,2026-01-29,,,2026-06-30,,"Fixed-rate senior unsecured notes, carrying amount",,Trailing four fiscal quarters,4,4,4,4,https://data.sec.gov/api/xbrl/companyfacts/CIK0001326801.json
2026-06-13,Quarterly Bridge,META,214962000000.0,124000000000.0,75747000000.0,48253000000.0,109043000000.0,83664000000.0,23426000000.0,60238000000.0,2026-03-31,2026-04-30,,,2026-06-30,,"Fixed-rate senior unsecured notes, carrying amount",,Trailing four fiscal quarters,4,4,4,4,https://data.sec.gov/api/xbrl/companyfacts/CIK0001326801.json
2026-08-09,Current SEC refresh,META,214962000000.0,124000000000.0,75747000000.0,48253000000.0,109043000000.0,83664000000.0,23426000000.0,60238000000.0,2026-03-31,2026-04-30,2026-03-31,2026-03-31,2026-06-30,2026-03-31,"Fixed-rate senior unsecured notes, carrying amount",CashAndCashEquivalentsAtCarryingValue,Trailing four fiscal quarters,4,4,4,4,https://data.sec.gov/api/xbrl/companyfacts/CIK0001326801.json
2026-08-10,Current SEC refresh,META,214962000000.0,124000000000.0,75747000000.0,48253000000.0,109043000000.0,83664000000.0,23426000000.0,60238000000.0,2026-03-31,2026-04-30,2026-03-31,2026-03-31,2026-06-30,2026-03-31,"Fixed-rate senior unsecured notes, carrying amount",CashAndCashEquivalentsAtCarryingValue,Trailing four fiscal quarters,4,4,4,4,https://data.sec.gov/api/xbrl/companyfacts/CIK0001326801.json
2026-08-12,Current SEC refresh,META,228247000000.0,130301000000.0,89325000000.0,40976000000.0,109097000000.0,83664000000.0,15462000000.0,68202000000.0,2026-06-30,2026-07-30,2026-06-30,2026-06-30,2026-06-30,2026-06-30,"Fixed-rate senior unsecured notes, carrying amount",CashAndCashEquivalentsAtCarryingValue,Trailing four fiscal quarters,4,4,4,4,https://data.sec.gov/api/xbrl/companyfacts/CIK0001326801.json
2026-08-13,Current SEC refresh,META,228247000000.0,130301000000.0,89325000000.0,40976000000.0,109097000000.0,83664000000.0,15462000000.0,68202000000.0,2026-06-30,2026-07-30,2026-06-30,2026-06-30,2026-06-30,2026-06-30,"Fixed-rate senior unsecured notes, carrying amount",CashAndCashEquivalentsAtCarryingValue,Trailing four fiscal quarters,4,4,4,4,https://data.sec.gov/api/xbrl/companyfacts/CIK0001326801.json
2014-12-31,Historical Annual,MSFT,91505000000.0,32380000000.0,5536000000.0,26844000000.0,30669000000.0,40294000000.0,89193000000.0,-48899000000.0,2014-09-30,2014-10-23,,,2026-06-30,,"Long-term debt, current plus non-current, carrying amount",,Latest annual SEC fact; Trailing four fiscal quarters,4,4,4,0,https://data.sec.gov/api/xbrl/companyfacts/CIK0000789019.json
2015-12-31,Historical Annual,MSFT,90758000000.0,29320000000.0,6018000000.0,23302000000.0,22210000000.0,40294000000.0,99355000000.0,-59061000000.0,2015-09-30,2015-10-22,,,2026-06-30,,"Long-term debt, current plus non-current, carrying amount",,Latest annual SEC fact; Trailing four fiscal quarters,4,4,4,0,https://data.sec.gov/api/xbrl/companyfacts/CIK0000789019.json
2016-12-31,Historical Annual,MSFT,85394000000.0,35998000000.0,9150000000.0,26848000000.0,24514000000.0,40294000000.0,136932000000.0,-96638000000.0,2016-09-30,2016-10-20,,,2026-06-30,,"Long-term debt, current plus non-current, carrying amount",,Latest annual SEC fact; Trailing four fiscal quarters,4,4,4,0,https://data.sec.gov/api/xbrl/companyfacts/CIK0000789019.json
2017-12-31,Historical Annual,MSFT,94035000000.0,40398000000.0,8098000000.0,32300000000.0,30909000000.0,40294000000.0,138471000000.0,-98177000000.0,2017-09-30,2017-10-26,,,2026-06-30,,"Long-term debt, current plus non-current, carrying amount",,Latest annual SEC fact; Trailing four fiscal quarters,4,4,4,0,https://data.sec.gov/api/xbrl/companyfacts/CIK0000789019.json
2018-12-31,Historical Annual,MSFT,114906000000.0,45101000000.0,13102000000.0,31999000000.0,45005000000.0,40294000000.0,135880000000.0,-95586000000.0,2018-09-30,2018-10-24,,,2026-06-30,,"Long-term debt, current plus non-current, carrying amount",,Latest annual SEC fact; Trailing four fiscal quarters,4,4,4,0,https://data.sec.gov/api/xbrl/companyfacts/CIK0000789019.json
2019-12-31,Historical Annual,MSFT,129814000000.0,52346000000.0,13708000000.0,38638000000.0,55390000000.0,40294000000.0,136636000000.0,-96342000000.0,2019-09-30,2019-10-23,,,2026-06-30,,"Long-term debt, current plus non-current, carrying amount",,Latest annual SEC fact; Trailing four fiscal quarters,4,4,4,0,https://data.sec.gov/api/xbrl/companyfacts/CIK0000789019.json
2020-12-31,Historical Annual,MSFT,147114000000.0,66192000000.0,16963000000.0,49229000000.0,66849000000.0,40294000000.0,137977000000.0,-97683000000.0,2020-09-30,2020-10-27,,,2026-06-30,,"Long-term debt, current plus non-current, carrying amount",,Latest annual SEC fact; Trailing four fiscal quarters,4,4,4,0,https://data.sec.gov/api/xbrl/companyfacts/CIK0000789019.json
2021-12-31,Historical Annual,MSFT,176251000000.0,81945000000.0,21525000000.0,60420000000.0,83578000000.0,40294000000.0,130615000000.0,-90321000000.0,2021-09-30,2021-10-26,,,2026-06-30,,"Long-term debt, current plus non-current, carrying amount",,Latest annual SEC fact; Trailing four fiscal quarters,4,4,4,0,https://data.sec.gov/api/xbrl/companyfacts/CIK0000789019.json
2022-12-31,Historical Annual,MSFT,203075000000.0,87693000000.0,24359000000.0,63334000000.0,97263000000.0,40294000000.0,107262000000.0,-66968000000.0,2022-09-30,2022-10-25,,,2026-06-30,,"Long-term debt, current plus non-current, carrying amount",,Latest annual SEC fact; Trailing four fiscal quarters,4,4,4,0,https://data.sec.gov/api/xbrl/companyfacts/CIK0000789019.json
2023-12-31,Historical Annual,MSFT,218310000000.0,94967000000.0,31741000000.0,63226000000.0,104900000000.0,40294000000.0,143951000000.0,-103657000000.0,2023-09-30,2023-10-24,,,2026-06-30,,"Long-term debt, current plus non-current, carrying amount",,Latest annual SEC fact; Trailing four fiscal quarters,4,4,4,0,https://data.sec.gov/api/xbrl/companyfacts/CIK0000789019.json
2024-12-31,Historical Annual,MSFT,254190000000.0,122145000000.0,49483000000.0,72662000000.0,128290000000.0,40294000000.0,78428000000.0,-38134000000.0,2024-09-30,2024-10-30,,,2026-06-30,,"Long-term debt, current plus non-current, carrying amount",,Latest annual SEC fact; Trailing four fiscal quarters,4,4,4,0,https://data.sec.gov/api/xbrl/companyfacts/CIK0000789019.json
2025-03-31,Quarterly Bridge,MSFT,261802000000.0,125583000000.0,55552000000.0,70031000000.0,132911000000.0,40294000000.0,71555000000.0,-31261000000.0,2024-12-31,2025-01-29,,,2026-06-30,,"Long-term debt, current plus non-current, carrying amount",,Latest annual SEC fact; Trailing four fiscal quarters,4,4,4,0,https://data.sec.gov/api/xbrl/companyfacts/CIK0000789019.json
2025-06-30,Quarterly Bridge,MSFT,270010000000.0,130710000000.0,61345000000.0,69365000000.0,137330000000.0,40294000000.0,79618000000.0,-39324000000.0,2025-03-31,2025-04-30,,,2026-06-30,,"Long-term debt, current plus non-current, carrying amount",,Latest annual SEC fact; Trailing four fiscal quarters,4,4,4,0,https://data.sec.gov/api/xbrl/companyfacts/CIK0000789019.json
2025-09-30,Quarterly Bridge,MSFT,281724000000.0,136162000000.0,64551000000.0,71611000000.0,150528000000.0,40294000000.0,94565000000.0,-54271000000.0,2025-06-30,2025-07-30,,,2026-06-30,,"Long-term debt, current plus non-current, carrying amount",,Latest annual SEC fact; Trailing four fiscal quarters,4,4,4,0,https://data.sec.gov/api/xbrl/companyfacts/CIK0000789019.json
2025-12-31,Quarterly Bridge,MSFT,293812000000.0,147039000000.0,69022000000.0,78017000000.0,157937000000.0,40294000000.0,102012000000.0,-61718000000.0,2025-09-30,2025-10-29,,,2026-06-30,,"Long-term debt, current plus non-current, carrying amount",,Latest annual SEC fact; Trailing four fiscal quarters,4,4,4,0,https://data.sec.gov/api/xbrl/companyfacts/CIK0000789019.json
2026-03-31,Quarterly Bridge,MSFT,305453000000.0,160506000000.0,83094000000.0,77412000000.0,164559000000.0,40294000000.0,89462000000.0,-49168000000.0,2025-12-31,2026-01-28,,,2026-06-30,,"Long-term debt, current plus non-current, carrying amount",,Latest annual SEC fact; Trailing four fiscal quarters,4,4,4,0,https://data.sec.gov/api/xbrl/companyfacts/CIK0000789019.json
2026-06-13,Quarterly Bridge,MSFT,318273000000.0,170141000000.0,97225000000.0,72916000000.0,179257000000.0,40294000000.0,78272000000.0,-37978000000.0,2026-03-31,2026-04-29,,,2026-06-30,,"Long-term debt, current plus non-current, carrying amount",,Trailing four fiscal quarters,4,4,4,4,https://data.sec.gov/api/xbrl/companyfacts/CIK0000789019.json
2026-08-09,Current SEC refresh,MSFT,331839000000.0,182935000000.0,115948000000.0,66987000000.0,189537000000.0,40294000000.0,76843000000.0,-36549000000.0,2026-06-30,2026-07-29,2026-06-30,2026-06-30,2026-06-30,2026-06-30,"Long-term debt, current plus non-current, carrying amount",CashCashEquivalentsAndShortTermInvestments,Trailing four fiscal quarters,4,4,4,4,https://data.sec.gov/api/xbrl/companyfacts/CIK0000789019.json
2026-08-10,Current SEC refresh,MSFT,331839000000.0,182935000000.0,115948000000.0,66987000000.0,189537000000.0,40294000000.0,76843000000.0,-36549000000.0,2026-06-30,2026-07-29,2026-06-30,2026-06-30,2026-06-30,2026-06-30,"Long-term debt, current plus non-current, carrying amount",CashCashEquivalentsAndShortTermInvestments,Trailing four fiscal quarters,4,4,4,4,https://data.sec.gov/api/xbrl/companyfacts/CIK0000789019.json
2026-08-12,Current SEC refresh,MSFT,331839000000.0,182935000000.0,115948000000.0,66987000000.0,189537000000.0,40294000000.0,76843000000.0,-36549000000.0,2026-06-30,2026-07-29,2026-06-30,2026-06-30,2026-06-30,2026-06-30,"Long-term debt, current plus non-current, carrying amount",CashCashEquivalentsAndShortTermInvestments,Trailing four fiscal quarters,4,4,4,4,https://data.sec.gov/api/xbrl/companyfacts/CIK0000789019.json
2026-08-13,Current SEC refresh,MSFT,331839000000.0,182935000000.0,115948000000.0,66987000000.0,189537000000.0,40294000000.0,76843000000.0,-36549000000.0,2026-06-30,2026-07-29,2026-06-30,2026-06-30,2026-06-30,2026-06-30,"Long-term debt, current plus non-current, carrying amount",CashCashEquivalentsAndShortTermInvestments,Trailing four fiscal quarters,4,4,4,4,https://data.sec.gov/api/xbrl/companyfacts/CIK0000789019.json
2014-12-31,Historical Annual,NVDA,4575211000.0,863639000.0,138735000.0,724904000.0,915785000.0,8470000000.0,394683000.0,8075317000.0,2014-10-26,2014-11-19,,,2026-04-26,,"Notes, current plus non-current, carrying amount",,Latest annual SEC fact; Trailing four fiscal quarters,4,4,0,4,https://data.sec.gov/api/xbrl/companyfacts/CIK0001045810.json
2015-12-31,Historical Annual,NVDA,4859514000.0,1106656000.0,138735000.0,967921000.0,933114000.0,8470000000.0,471000000.0,7999000000.0,2015-10-25,2015-11-18,,,2026-04-26,,"Notes, current plus non-current, carrying amount",,Latest annual SEC fact; Trailing four fiscal quarters,4,4,0,4,https://data.sec.gov/api/xbrl/companyfacts/CIK0001045810.json
2016-12-31,Historical Annual,NVDA,6138000000.0,1462000000.0,138735000.0,1323265000.0,1639000000.0,8470000000.0,1940000000.0,6530000000.0,2016-10-30,2016-11-22,,,2026-04-26,,"Notes, current plus non-current, carrying amount",,Latest annual SEC fact; Trailing four fiscal quarters,4,4,0,4,https://data.sec.gov/api/xbrl/companyfacts/CIK0001045810.json
2017-12-31,Historical Annual,NVDA,8976000000.0,2865000000.0,138735000.0,2726265000.0,3063000000.0,8470000000.0,2802000000.0,5668000000.0,2017-10-29,2017-11-21,,,2026-04-26,,"Notes, current plus non-current, carrying amount",,Latest annual SEC fact; Trailing four fiscal quarters,4,4,0,4,https://data.sec.gov/api/xbrl/companyfacts/CIK0001045810.json
2018-12-31,Historical Annual,NVDA,12422000000.0,4203000000.0,138735000.0,4064265000.0,4820000000.0,8470000000.0,721000000.0,7749000000.0,2018-10-28,2018-11-15,,,2026-04-26,,"Notes, current plus non-current, carrying amount",,Latest annual SEC fact; Trailing four fiscal quarters,4,4,0,4,https://data.sec.gov/api/xbrl/companyfacts/CIK0001045810.json
2019-12-31,Historical Annual,NVDA,10018000000.0,4194000000.0,138735000.0,4055265000.0,2503000000.0,8470000000.0,9765000000.0,-1295000000.0,2019-10-27,2019-11-14,,,2026-04-26,,"Notes, current plus non-current, carrying amount",,Latest annual SEC fact; Trailing four fiscal quarters,4,4,0,4,https://data.sec.gov/api/xbrl/companyfacts/CIK0001045810.json
2020-12-31,Historical Annual,NVDA,14777000000.0,5220000000.0,138735000.0,5081265000.0,4931000000.0,8470000000.0,2251000000.0,6219000000.0,2020-10-25,2020-11-18,,,2026-04-26,,"Notes, current plus non-current, carrying amount",,Latest annual SEC fact; Trailing four fiscal quarters,4,4,0,4,https://data.sec.gov/api/xbrl/companyfacts/CIK0001045810.json
2021-12-31,Historical Annual,NVDA,24274000000.0,8142000000.0,138735000.0,8003265000.0,9731000000.0,8470000000.0,1288000000.0,7182000000.0,2021-10-31,2021-11-22,,,2026-04-26,,"Notes, current plus non-current, carrying amount",,Latest annual SEC fact; Trailing four fiscal quarters,4,4,0,4,https://data.sec.gov/api/xbrl/companyfacts/CIK0001045810.json
2022-12-31,Historical Annual,NVDA,28566000000.0,6426000000.0,138735000.0,6287265000.0,7365000000.0,8470000000.0,2800000000.0,5670000000.0,2022-10-30,2022-11-18,,,2026-04-26,,"Notes, current plus non-current, carrying amount",,Latest annual SEC fact; Trailing four fiscal quarters,4,4,0,4,https://data.sec.gov/api/xbrl/companyfacts/CIK0001045810.json
2023-12-31,Historical Annual,NVDA,44870000000.0,18839000000.0,138735000.0,18700265000.0,22160000000.0,8470000000.0,5519000000.0,2951000000.0,2023-10-29,2023-11-21,,,2026-04-26,,"Notes, current plus non-current, carrying amount",,Latest annual SEC fact; Trailing four fiscal quarters,4,4,0,4,https://data.sec.gov/api/xbrl/companyfacts/CIK0001045810.json
2024-12-31,Historical Annual,NVDA,113269000000.0,58959000000.0,2413000000.0,56546000000.0,72742000000.0,8470000000.0,9107000000.0,-637000000.0,2024-10-27,2024-11-20,,,2026-04-26,,"Notes, current plus non-current, carrying amount",,Trailing four fiscal quarters,4,4,4,4,https://data.sec.gov/api/xbrl/companyfacts/CIK0001045810.json
2025-03-31,Quarterly Bridge,NVDA,130497000000.0,64089000000.0,3236000000.0,60853000000.0,83318000000.0,8470000000.0,8589000000.0,-119000000.0,2025-01-26,2025-02-26,,,2026-04-26,,"Notes, current plus non-current, carrying amount",,Trailing four fiscal quarters,4,4,4,4,https://data.sec.gov/api/xbrl/companyfacts/CIK0001045810.json
2025-06-30,Quarterly Bridge,NVDA,148515000000.0,76158000000.0,4094000000.0,72064000000.0,88248000000.0,8470000000.0,15234000000.0,-6764000000.0,2025-04-27,2025-05-28,,,2026-04-26,,"Notes, current plus non-current, carrying amount",,Trailing four fiscal quarters,4,4,4,4,https://data.sec.gov/api/xbrl/companyfacts/CIK0001045810.json
2025-09-30,Quarterly Bridge,NVDA,165218000000.0,77035000000.0,5012000000.0,72023000000.0,98282000000.0,8470000000.0,11639000000.0,-3169000000.0,2025-07-27,2025-08-27,,,2026-04-26,,"Notes, current plus non-current, carrying amount",,Trailing four fiscal quarters,4,4,4,4,https://data.sec.gov/api/xbrl/companyfacts/CIK0001045810.json
2025-12-31,Quarterly Bridge,NVDA,187142000000.0,83159000000.0,5835000000.0,77324000000.0,112696000000.0,8470000000.0,11486000000.0,-3016000000.0,2025-10-26,2025-11-19,,,2026-04-26,,"Notes, current plus non-current, carrying amount",,Trailing four fiscal quarters,4,4,4,4,https://data.sec.gov/api/xbrl/companyfacts/CIK0001045810.json
2026-03-31,Quarterly Bridge,NVDA,215938000000.0,102718000000.0,6042000000.0,96676000000.0,133230000000.0,8470000000.0,10605000000.0,-2135000000.0,2026-01-25,2026-02-25,,,2026-04-26,,"Notes, current plus non-current, carrying amount",,Trailing four fiscal quarters,4,4,4,4,https://data.sec.gov/api/xbrl/companyfacts/CIK0001045810.json
2026-06-13,Quarterly Bridge,NVDA,253491000000.0,125648000000.0,6572000000.0,119076000000.0,165514000000.0,8470000000.0,13237000000.0,-4767000000.0,2026-04-26,2026-05-20,,,2026-04-26,,"Notes, current plus non-current, carrying amount",,Trailing four fiscal quarters,4,4,4,4,https://data.sec.gov/api/xbrl/companyfacts/CIK0001045810.json
2026-08-09,Current SEC refresh,NVDA,253491000000.0,125648000000.0,6572000000.0,119076000000.0,165514000000.0,8470000000.0,13237000000.0,-4767000000.0,2026-04-26,2026-05-20,2026-04-26,2026-04-26,2026-04-26,2026-04-26,"Notes, current plus non-current, carrying amount",CashAndCashEquivalentsAtCarryingValue,Trailing four fiscal quarters,4,4,4,4,https://data.sec.gov/api/xbrl/companyfacts/CIK0001045810.json
2026-08-10,Current SEC refresh,NVDA,253491000000.0,125648000000.0,6572000000.0,119076000000.0,165514000000.0,8470000000.0,13237000000.0,-4767000000.0,2026-04-26,2026-05-20,2026-04-26,2026-04-26,2026-04-26,2026-04-26,"Notes, current plus non-current, carrying amount",CashAndCashEquivalentsAtCarryingValue,Trailing four fiscal quarters,4,4,4,4,https://data.sec.gov/api/xbrl/companyfacts/CIK0001045810.json
2026-08-12,Current SEC refresh,NVDA,253491000000.0,125648000000.0,6572000000.0,119076000000.0,165514000000.0,8470000000.0,13237000000.0,-4767000000.0,2026-04-26,2026-05-20,2026-04-26,2026-04-26,2026-04-26,2026-04-26,"Notes, current plus non-current, carrying amount",CashAndCashEquivalentsAtCarryingValue,Trailing four fiscal quarters,4,4,4,4,https://data.sec.gov/api/xbrl/companyfacts/CIK0001045810.json
2026-08-13,Current SEC refresh,NVDA,253491000000.0,125648000000.0,6572000000.0,119076000000.0,165514000000.0,8470000000.0,13237000000.0,-4767000000.0,2026-04-26,2026-05-20,2026-04-26,2026-04-26,2026-04-26,2026-04-26,"Notes, current plus non-current, carrying amount",CashAndCashEquivalentsAtCarryingValue,Trailing four fiscal quarters,4,4,4,4,https://data.sec.gov/api/xbrl/companyfacts/CIK0001045810.json
2014-12-31,Historical Annual,ORCL,38821000000.0,15273000000.0,727000000.0,14546000000.0,15611000000.0,129541000000.0,16153000000.0,113388000000.0,2014-11-30,2014-12-19,,,2026-05-31,,"Notes payable and other borrowings, current plus non-current",,Trailing four fiscal quarters,4,4,4,4,https://data.sec.gov/api/xbrl/companyfacts/CIK0001341439.json
2015-12-31,Historical Annual,ORCL,37474000000.0,12903000000.0,1606000000.0,11297000000.0,13791000000.0,129541000000.0,17411000000.0,112130000000.0,2015-11-30,2015-12-18,,,2026-05-31,,"Notes payable and other borrowings, current plus non-current",,Trailing four fiscal quarters,4,4,4,4,https://data.sec.gov/api/xbrl/companyfacts/CIK0001341439.json
2016-12-31,Historical Annual,ORCL,37236000000.0,14125000000.0,1604000000.0,12521000000.0,13578000000.0,129541000000.0,18592000000.0,110949000000.0,2016-11-30,2016-12-19,,,2026-05-31,,"Notes payable and other borrowings, current plus non-current",,Trailing four fiscal quarters,4,4,4,4,https://data.sec.gov/api/xbrl/companyfacts/CIK0001341439.json
2017-12-31,Historical Annual,ORCL,38906000000.0,14581000000.0,2037000000.0,12544000000.0,14033000000.0,129541000000.0,21310000000.0,108231000000.0,2017-11-30,2017-12-18,,,2026-05-31,,"Notes payable and other borrowings, current plus non-current",,Trailing four fiscal quarters,4,4,4,4,https://data.sec.gov/api/xbrl/companyfacts/CIK0001341439.json
2018-12-31,Historical Annual,ORCL,39778000000.0,15238000000.0,1468000000.0,13770000000.0,14827000000.0,129541000000.0,10824000000.0,118717000000.0,2018-11-30,2018-12-19,,,2026-05-31,,"Notes payable and other borrowings, current plus non-current",,Trailing four fiscal quarters,4,4,4,4,https://data.sec.gov/api/xbrl/companyfacts/CIK0001341439.json
2019-12-31,Historical Annual,ORCL,39583000000.0,13796000000.0,1591000000.0,12205000000.0,15057000000.0,129541000000.0,24540000000.0,105001000000.0,2019-11-30,2019-12-13,,,2026-05-31,,"Notes payable and other borrowings, current plus non-current",,Trailing four fiscal quarters,4,4,4,4,https://data.sec.gov/api/xbrl/companyfacts/CIK0001341439.json
2020-12-31,Historical Annual,ORCL,68031000000.0,13967000000.0,1833000000.0,12134000000.0,16077000000.0,129541000000.0,28001000000.0,101540000000.0,2020-11-30,2020-12-11,,,2026-05-31,,"Notes payable and other borrowings, current plus non-current",,Trailing four fiscal quarters,4,4,4,4,https://data.sec.gov/api/xbrl/companyfacts/CIK0001341439.json
2021-12-31,Historical Annual,ORCL,70652000000.0,10255000000.0,3118000000.0,7137000000.0,12730000000.0,129541000000.0,17938000000.0,111603000000.0,2021-11-30,2021-12-10,,,2026-05-31,,"Notes payable and other borrowings, current plus non-current",,Trailing four fiscal quarters,4,4,4,4,https://data.sec.gov/api/xbrl/companyfacts/CIK0001341439.json
2022-12-31,Historical Annual,ORCL,76673000000.0,15073000000.0,6678000000.0,8395000000.0,16215000000.0,129541000000.0,6813000000.0,122728000000.0,2022-11-30,2022-12-13,,,2026-05-31,,"Notes payable and other borrowings, current plus non-current",,Trailing four fiscal quarters,4,4,4,4,https://data.sec.gov/api/xbrl/companyfacts/CIK0001341439.json
2023-12-31,Historical Annual,ORCL,51628000000.0,17039000000.0,6935000000.0,10104000000.0,17216000000.0,129541000000.0,8244000000.0,121297000000.0,2023-11-30,2023-12-12,,,2026-05-31,,"Notes payable and other borrowings, current plus non-current",,Trailing four fiscal quarters,4,4,4,4,https://data.sec.gov/api/xbrl/companyfacts/CIK0001341439.json
2024-12-31,Historical Annual,ORCL,54933000000.0,20287000000.0,10745000000.0,9542000000.0,19978000000.0,129541000000.0,10941000000.0,118600000000.0,2024-11-30,2024-12-10,,,2026-05-31,,"Notes payable and other borrowings, current plus non-current",,Trailing four fiscal quarters,4,4,4,4,https://data.sec.gov/api/xbrl/companyfacts/CIK0001341439.json
2025-03-31,Quarterly Bridge,ORCL,55783000000.0,20745000000.0,14933000000.0,5812000000.0,20781000000.0,129541000000.0,17406000000.0,112135000000.0,2025-02-28,2025-03-11,,,2026-05-31,,"Notes payable and other borrowings, current plus non-current",,Trailing four fiscal quarters,4,4,4,4,https://data.sec.gov/api/xbrl/companyfacts/CIK0001341439.json
2025-06-30,Quarterly Bridge,ORCL,57399000000.0,20821000000.0,21215000000.0,-394000000.0,21545000000.0,129541000000.0,10786000000.0,118755000000.0,2025-05-31,2025-06-18,,,2026-05-31,,"Notes payable and other borrowings, current plus non-current",,Trailing four fiscal quarters,4,4,4,4,https://data.sec.gov/api/xbrl/companyfacts/CIK0001341439.json
2025-09-30,Quarterly Bridge,ORCL,59018000000.0,21534000000.0,27414000000.0,-5880000000.0,22378000000.0,129541000000.0,10445000000.0,119096000000.0,2025-08-31,2025-09-10,,,2026-05-31,,"Notes payable and other borrowings, current plus non-current",,Trailing four fiscal quarters,4,4,4,4,https://data.sec.gov/api/xbrl/companyfacts/CIK0001341439.json
2025-12-31,Quarterly Bridge,ORCL,61017000000.0,22296000000.0,35477000000.0,-13181000000.0,23685000000.0,129541000000.0,19241000000.0,110300000000.0,2025-11-30,2025-12-11,,,2026-05-31,,"Notes payable and other borrowings, current plus non-current",,Trailing four fiscal quarters,4,4,4,4,https://data.sec.gov/api/xbrl/companyfacts/CIK0001341439.json
2026-03-31,Quarterly Bridge,ORCL,64077000000.0,23514000000.0,48250000000.0,-24736000000.0,25941000000.0,129541000000.0,38455000000.0,91086000000.0,2026-02-28,2026-03-11,,,2026-05-31,,"Notes payable and other borrowings, current plus non-current",,Trailing four fiscal quarters,4,4,4,4,https://data.sec.gov/api/xbrl/companyfacts/CIK0001341439.json
2026-06-13,Quarterly Bridge,ORCL,64077000000.0,23514000000.0,48250000000.0,-24736000000.0,25941000000.0,129541000000.0,38455000000.0,91086000000.0,2026-02-28,2026-03-11,,,2026-05-31,,"Notes payable and other borrowings, current plus non-current",,Trailing four fiscal quarters,4,4,4,4,https://data.sec.gov/api/xbrl/companyfacts/CIK0001341439.json
2026-08-09,Current SEC refresh,ORCL,67358000000.0,31977000000.0,55663000000.0,-23686000000.0,28228000000.0,129541000000.0,31289000000.0,98252000000.0,2026-05-31,2026-06-22,2026-05-31,2026-05-31,2026-05-31,2026-05-31,"Notes payable and other borrowings, current plus non-current",CashAndCashEquivalentsAtCarryingValue,Trailing four fiscal quarters,4,4,4,4,https://data.sec.gov/api/xbrl/companyfacts/CIK0001341439.json
2026-08-10,Current SEC refresh,ORCL,67358000000.0,31977000000.0,55663000000.0,-23686000000.0,28228000000.0,129541000000.0,31289000000.0,98252000000.0,2026-05-31,2026-06-22,2026-05-31,2026-05-31,2026-05-31,2026-05-31,"Notes payable and other borrowings, current plus non-current",CashAndCashEquivalentsAtCarryingValue,Trailing four fiscal quarters,4,4,4,4,https://data.sec.gov/api/xbrl/companyfacts/CIK0001341439.json
2026-08-12,Current SEC refresh,ORCL,67358000000.0,31977000000.0,55663000000.0,-23686000000.0,28228000000.0,129541000000.0,31289000000.0,98252000000.0,2026-05-31,2026-06-22,2026-05-31,2026-05-31,2026-05-31,2026-05-31,"Notes payable and other borrowings, current plus non-current",CashAndCashEquivalentsAtCarryingValue,Trailing four fiscal quarters,4,4,4,4,https://data.sec.gov/api/xbrl/companyfacts/CIK0001341439.json
2026-08-13,Current SEC refresh,ORCL,67358000000.0,31977000000.0,55663000000.0,-23686000000.0,28228000000.0,129541000000.0,31289000000.0,98252000000.0,2026-05-31,2026-06-22,2026-05-31,2026-05-31,2026-05-31,2026-05-31,"Notes payable and other borrowings, current plus non-current",CashAndCashEquivalentsAtCarryingValue,Trailing four fiscal quarters,4,4,4,4,https://data.sec.gov/api/xbrl/companyfacts/CIK0001341439.json
2014-12-31,Historical Annual,SMCI,1601508000.0,15277000.0,41385000.0,-26108000.0,106660000.0,8773101000.0,117512000.0,8655589000.0,2014-09-30,2014-11-06,,,2026-03-31,,"Bank debt and convertible notes, current plus non-current",,Trailing four fiscal quarters,4,4,4,4,https://data.sec.gov/api/xbrl/companyfacts/CIK0001375365.json
2015-12-31,Historical Annual,SMCI,2067451000.0,-51376000.0,39996000.0,-91372000.0,145599000.0,8773101000.0,110894000.0,8662207000.0,2015-09-30,2015-11-16,,,2026-03-31,,"Bank debt and convertible notes, current plus non-current",,Trailing four fiscal quarters,4,4,4,4,https://data.sec.gov/api/xbrl/companyfacts/CIK0001375365.json
2016-12-31,Historical Annual,SMCI,2224923000.0,76160000.0,38092000.0,38068000.0,119943000.0,8773101000.0,146696000.0,8626405000.0,2016-09-30,2016-11-07,,,2026-03-31,,"Bank debt and convertible notes, current plus non-current",,Trailing four fiscal quarters,4,4,4,4,https://data.sec.gov/api/xbrl/companyfacts/CIK0001375365.json
2017-12-31,Historical Annual,SMCI,2336316000.0,-75589000.0,32258000.0,-107847000.0,101731000.0,8773101000.0,107779000.0,8665322000.0,2017-03-31,2017-05-10,,,2026-03-31,,"Bank debt and convertible notes, current plus non-current",,Trailing four fiscal quarters,4,4,4,4,https://data.sec.gov/api/xbrl/companyfacts/CIK0001375365.json
2018-12-31,Historical Annual,SMCI,2336316000.0,-75589000.0,32258000.0,-107847000.0,101731000.0,8773101000.0,107779000.0,8665322000.0,2017-03-31,2017-05-10,,,2026-03-31,,"Bank debt and convertible notes, current plus non-current",,Trailing four fiscal quarters,4,4,4,4,https://data.sec.gov/api/xbrl/companyfacts/CIK0001375365.json
2019-12-31,Historical Annual,SMCI,3329046000.0,230452000.0,35003000.0,195449000.0,126687000.0,8773101000.0,239300000.0,8533801000.0,2019-09-30,2019-12-20,,,2026-03-31,,"Bank debt and convertible notes, current plus non-current",,Trailing four fiscal quarters,4,4,4,4,https://data.sec.gov/api/xbrl/companyfacts/CIK0001375365.json
2020-12-31,Historical Annual,SMCI,3301727000.0,84661000.0,42864000.0,41797000.0,112398000.0,8773101000.0,300089000.0,8473012000.0,2020-09-30,2020-11-06,,,2026-03-31,,"Bank debt and convertible notes, current plus non-current",,Trailing four fiscal quarters,4,4,4,4,https://data.sec.gov/api/xbrl/companyfacts/CIK0001375365.json
2021-12-31,Historical Annual,SMCI,3827902000.0,-132171000.0,56967000.0,-189138000.0,150845000.0,8773101000.0,270047000.0,8503054000.0,2021-09-30,2021-11-05,,,2026-03-31,,"Bank debt and convertible notes, current plus non-current",,Trailing four fiscal quarters,4,4,4,4,https://data.sec.gov/api/xbrl/companyfacts/CIK0001375365.json
2022-12-31,Historical Annual,SMCI,6015499000.0,7357000.0,45126000.0,-37769000.0,559632000.0,8773101000.0,238268000.0,8534833000.0,2022-09-30,2022-11-04,,,2026-03-31,,"Bank debt and convertible notes, current plus non-current",,Trailing four fiscal quarters,4,4,4,4,https://data.sec.gov/api/xbrl/companyfacts/CIK0001375365.json
2023-12-31,Historical Annual,SMCI,7391024000.0,620458000.0,28678000.0,591780000.0,749041000.0,8773101000.0,543156000.0,8229945000.0,2023-09-30,2023-11-03,,,2026-03-31,,"Bank debt and convertible notes, current plus non-current",,Trailing four fiscal quarters,4,4,4,4,https://data.sec.gov/api/xbrl/companyfacts/CIK0001375365.json
2024-12-31,Historical Annual,SMCI,11819523000.0,-1853497000.0,118471000.0,-1971968000.0,1187189000.0,8773101000.0,2115476000.0,6657625000.0,2024-03-31,2024-05-06,,,2026-03-31,,"Bank debt and convertible notes, current plus non-current",,Trailing four fiscal quarters,4,4,4,4,https://data.sec.gov/api/xbrl/companyfacts/CIK0001375365.json
2025-03-31,Quarterly Bridge,SMCI,20819873000.0,-1992205000.0,178764000.0,-2170969000.0,1579023000.0,8773101000.0,1430002000.0,7343099000.0,2024-12-31,2025-02-25,,,2026-03-31,,"Bank debt and convertible notes, current plus non-current",,Trailing four fiscal quarters,4,4,4,4,https://data.sec.gov/api/xbrl/companyfacts/CIK0001375365.json
2025-06-30,Quarterly Bridge,SMCI,21569720000.0,148097000.0,118519000.0,29578000.0,1350689000.0,8773101000.0,2536101000.0,6237000000.0,2025-03-31,2025-05-12,,,2026-03-31,,"Bank debt and convertible notes, current plus non-current",,Trailing four fiscal quarters,4,4,4,4,https://data.sec.gov/api/xbrl/companyfacts/CIK0001375365.json
2025-09-30,Quarterly Bridge,SMCI,21972042000.0,1659524000.0,127214000.0,1532310000.0,1293994000.0,8773101000.0,5169911000.0,3603190000.0,2025-06-30,2025-08-28,,,2026-03-31,,"Bank debt and convertible notes, current plus non-current",,Trailing four fiscal quarters,4,4,4,4,https://data.sec.gov/api/xbrl/companyfacts/CIK0001375365.json
2025-12-31,Quarterly Bridge,SMCI,21052576000.0,333097000.0,115184000.0,217913000.0,970151000.0,8773101000.0,4196867000.0,4576234000.0,2025-09-30,2025-11-07,,,2026-03-31,,"Bank debt and convertible notes, current plus non-current",,Trailing four fiscal quarters,4,4,4,4,https://data.sec.gov/api/xbrl/companyfacts/CIK0001375365.json
2026-03-31,Quarterly Bridge,SMCI,28057105000.0,548956000.0,108869000.0,440087000.0,1079125000.0,8773101000.0,4091083000.0,4682018000.0,2025-12-31,2026-02-06,,,2026-03-31,,"Bank debt and convertible notes, current plus non-current",,Trailing four fiscal quarters,4,4,4,4,https://data.sec.gov/api/xbrl/companyfacts/CIK0001375365.json
2026-06-13,Quarterly Bridge,SMCI,33700206000.0,-6693234000.0,156447000.0,-6849681000.0,1560813000.0,8773101000.0,1290324000.0,7482777000.0,2026-03-31,2026-05-11,,,2026-03-31,,"Bank debt and convertible notes, current plus non-current",,Trailing four fiscal quarters,4,4,4,4,https://data.sec.gov/api/xbrl/companyfacts/CIK0001375365.json
2026-08-09,Current SEC refresh,SMCI,33700206000.0,-6693234000.0,156447000.0,-6849681000.0,1560813000.0,8773101000.0,1290324000.0,7482777000.0,2026-03-31,2026-05-11,2026-03-31,2026-03-31,2026-03-31,2026-03-31,"Bank debt and convertible notes, current plus non-current",CashAndCashEquivalentsAtCarryingValue,Trailing four fiscal quarters,4,4,4,4,https://data.sec.gov/api/xbrl/companyfacts/CIK0001375365.json
2026-08-10,Current SEC refresh,SMCI,33700206000.0,-6693234000.0,156447000.0,-6849681000.0,1560813000.0,8773101000.0,1290324000.0,7482777000.0,2026-03-31,2026-05-11,2026-03-31,2026-03-31,2026-03-31,2026-03-31,"Bank debt and convertible notes, current plus non-current",CashAndCashEquivalentsAtCarryingValue,Trailing four fiscal quarters,4,4,4,4,https://data.sec.gov/api/xbrl/companyfacts/CIK0001375365.json
2026-08-12,Current SEC refresh,SMCI,33700206000.0,-6693234000.0,156447000.0,-6849681000.0,1560813000.0,8773101000.0,1290324000.0,7482777000.0,2026-03-31,2026-05-11,2026-03-31,2026-03-31,2026-03-31,2026-03-31,"Bank debt and convertible notes, current plus non-current",CashAndCashEquivalentsAtCarryingValue,Trailing four fiscal quarters,4,4,4,4,https://data.sec.gov/api/xbrl/companyfacts/CIK0001375365.json
2026-08-13,Current SEC refresh,SMCI,33700206000.0,-6693234000.0,156447000.0,-6849681000.0,1560813000.0,8773101000.0,1290324000.0,7482777000.0,2026-03-31,2026-05-11,2026-03-31,2026-03-31,2026-03-31,2026-03-31,"Bank debt and convertible notes, current plus non-current",CashAndCashEquivalentsAtCarryingValue,Trailing four fiscal quarters,4,4,4,4,https://data.sec.gov/api/xbrl/companyfacts/CIK0001375365.json
