Date,Corporate Bond Market Distress,Investment-Grade Bond Distress,High-Yield Bond Distress
2005-01-07,0.35,0.25,0.35
2005-01-14,0.27,0.26,0.33
2005-01-21,0.31,0.28,0.37
2005-01-28,0.31,0.28,0.35
2005-02-04,0.28,0.24,0.39
2005-02-11,0.25,0.23,0.32
2005-02-18,0.27,0.26,0.32
2005-02-25,0.27,0.25,0.29
2005-03-04,0.26,0.21,0.31
2005-03-11,0.29,0.25,0.27
2005-03-18,0.33,0.29,0.28
2005-03-25,0.3,0.29,0.28
2005-04-01,0.41,0.29,0.41
2005-04-08,0.37,0.3,0.36
2005-04-15,0.37,0.34,0.35
2005-04-22,0.42,0.37,0.43
2005-04-29,0.45,0.39,0.51
2005-05-06,0.46,0.35,0.54
2005-05-13,0.46,0.29,0.56
2005-05-20,0.46,0.31,0.53
2005-05-27,0.44,0.28,0.57
2005-06-03,0.4,0.25,0.51
2005-06-10,0.35,0.25,0.49
2005-06-17,0.4,0.24,0.43
2005-06-24,0.41,0.3,0.52
2005-07-01,0.36,0.26,0.48
2005-07-08,0.31,0.24,0.47
2005-07-15,0.33,0.29,0.42
2005-07-22,0.36,0.22,0.42
2005-07-29,0.34,0.22,0.37
2005-08-05,0.32,0.23,0.33
2005-08-12,0.31,0.21,0.35
2005-08-19,0.29,0.23,0.34
2005-08-26,0.33,0.22,0.37
2005-09-02,0.3,0.22,0.4
2005-09-09,0.32,0.29,0.38
2005-09-16,0.29,0.25,0.33
2005-09-23,0.3,0.23,0.37
2005-09-30,0.36,0.22,0.5
2005-10-07,0.29,0.2,0.3
2005-10-14,0.3,0.27,0.38
2005-10-21,0.4,0.26,0.41
2005-10-28,0.42,0.29,0.42
2005-11-04,0.4,0.29,0.41
2005-11-11,0.37,0.25,0.46
2005-11-18,0.38,0.24,0.48
2005-11-25,0.42,0.25,0.49
2005-12-02,0.44,0.3,0.5
2005-12-09,0.39,0.33,0.5
2005-12-16,0.38,0.33,0.41
2005-12-23,0.4,0.36,0.46
2005-12-30,0.45,0.37,0.52
2006-01-06,0.42,0.34,0.51
2006-01-13,0.36,0.29,0.44
2006-01-20,0.35,0.27,0.42
2006-01-27,0.39,0.26,0.45
2006-02-03,0.34,0.27,0.41
2006-02-10,0.33,0.28,0.33
2006-02-17,0.33,0.31,0.35
2006-02-24,0.31,0.26,0.32
2006-03-03,0.3,0.24,0.34
2006-03-10,0.32,0.25,0.3
2006-03-17,0.32,0.29,0.34
2006-03-24,0.32,0.25,0.31
2006-03-31,0.26,0.24,0.37
2006-04-07,0.27,0.21,0.29
2006-04-14,0.22,0.19,0.32
2006-04-21,0.24,0.21,0.29
2006-04-28,0.21,0.17,0.27
2006-05-05,0.21,0.16,0.19
2006-05-12,0.24,0.17,0.26
2006-05-19,0.2,0.19,0.18
2006-05-26,0.23,0.19,0.24
2006-06-02,0.19,0.18,0.23
2006-06-09,0.17,0.18,0.21
2006-06-16,0.2,0.25,0.2
2006-06-23,0.23,0.28,0.24
2006-06-30,0.22,0.27,0.21
2006-07-07,0.23,0.28,0.24
2006-07-14,0.23,0.27,0.23
2006-07-21,0.2,0.26,0.22
2006-07-28,0.26,0.28,0.28
2006-08-04,0.24,0.29,0.25
2006-08-11,0.23,0.28,0.23
2006-08-18,0.22,0.25,0.3
2006-08-25,0.25,0.29,0.27
2006-09-01,0.27,0.32,0.37
2006-09-08,0.26,0.29,0.23
2006-09-15,0.23,0.28,0.26
2006-09-22,0.25,0.29,0.24
2006-09-29,0.22,0.27,0.28
2006-10-06,0.27,0.22,0.29
2006-10-13,0.26,0.23,0.28
2006-10-20,0.24,0.25,0.25
2006-10-27,0.28,0.23,0.27
2006-11-03,0.22,0.25,0.18
2006-11-10,0.19,0.24,0.22
2006-11-17,0.19,0.21,0.21
2006-11-24,0.2,0.21,0.18
2006-12-01,0.27,0.22,0.25
2006-12-08,0.24,0.25,0.2
2006-12-15,0.22,0.23,0.22
2006-12-22,0.24,0.22,0.28
2006-12-29,0.27,0.26,0.33
2007-01-05,0.21,0.17,0.34
2007-01-12,0.23,0.23,0.28
2007-01-19,0.21,0.21,0.28
2007-01-26,0.25,0.18,0.27
2007-02-02,0.24,0.19,0.23
2007-02-09,0.2,0.24,0.19
2007-02-16,0.24,0.23,0.23
2007-02-23,0.25,0.25,0.23
2007-03-02,0.21,0.17,0.19
2007-03-09,0.2,0.21,0.17
2007-03-16,0.24,0.3,0.2
2007-03-23,0.25,0.31,0.17
2007-03-30,0.25,0.36,0.19
2007-04-06,0.25,0.37,0.17
2007-04-13,0.23,0.32,0.19
2007-04-20,0.24,0.3,0.15
2007-04-27,0.25,0.22,0.2
2007-05-04,0.27,0.3,0.21
2007-05-11,0.21,0.29,0.2
2007-05-18,0.25,0.25,0.15
2007-05-25,0.23,0.22,0.19
2007-06-01,0.25,0.21,0.26
2007-06-08,0.23,0.2,0.17
2007-06-15,0.26,0.22,0.2
2007-06-22,0.25,0.2,0.2
2007-06-29,0.3,0.18,0.3
2007-07-06,0.35,0.22,0.32
2007-07-13,0.35,0.18,0.35
2007-07-20,0.36,0.2,0.3
2007-07-27,0.43,0.23,0.47
2007-08-03,0.54,0.3,0.48
2007-08-10,0.55,0.31,0.45
2007-08-17,0.56,0.39,0.45
2007-08-24,0.56,0.49,0.49
2007-08-31,0.49,0.47,0.44
2007-09-07,0.49,0.47,0.4
2007-09-14,0.49,0.5,0.4
2007-09-21,0.44,0.48,0.4
2007-09-28,0.45,0.38,0.35
2007-10-05,0.41,0.42,0.33
2007-10-12,0.42,0.44,0.31
2007-10-19,0.36,0.38,0.31
2007-10-26,0.38,0.4,0.34
2007-11-02,0.37,0.39,0.32
2007-11-09,0.42,0.44,0.3
2007-11-16,0.4,0.43,0.3
2007-11-23,0.45,0.47,0.37
2007-11-30,0.52,0.53,0.4
2007-12-07,0.51,0.59,0.4
2007-12-14,0.51,0.59,0.38
2007-12-21,0.47,0.55,0.41
2007-12-28,0.48,0.5,0.4
2008-01-04,0.45,0.51,0.39
2008-01-11,0.49,0.53,0.41
2008-01-18,0.54,0.53,0.41
2008-01-25,0.55,0.55,0.43
2008-02-01,0.55,0.59,0.42
2008-02-08,0.56,0.6,0.43
2008-02-15,0.54,0.62,0.42
2008-02-22,0.57,0.62,0.43
2008-02-29,0.59,0.64,0.41
2008-03-07,0.6,0.67,0.42
2008-03-14,0.61,0.68,0.42
2008-03-21,0.6,0.69,0.4
2008-03-28,0.61,0.66,0.43
2008-04-04,0.58,0.68,0.46
2008-04-11,0.58,0.66,0.51
2008-04-18,0.55,0.67,0.52
2008-04-25,0.54,0.64,0.49
2008-05-02,0.48,0.65,0.47
2008-05-09,0.5,0.62,0.51
2008-05-16,0.52,0.67,0.44
2008-05-23,0.45,0.66,0.49
2008-05-30,0.48,0.63,0.45
2008-06-06,0.46,0.63,0.5
2008-06-13,0.45,0.59,0.48
2008-06-20,0.42,0.52,0.5
2008-06-27,0.5,0.58,0.52
2008-07-04,0.56,0.6,0.62
2008-07-11,0.58,0.6,0.63
2008-07-18,0.54,0.58,0.65
2008-07-25,0.54,0.59,0.61
2008-08-01,0.54,0.55,0.64
2008-08-08,0.56,0.55,0.63
2008-08-15,0.54,0.54,0.6
2008-08-22,0.57,0.56,0.6
2008-08-29,0.56,0.53,0.59
2008-09-05,0.57,0.56,0.54
2008-09-12,0.59,0.57,0.56
2008-09-19,0.67,0.63,0.6
2008-09-26,0.72,0.66,0.61
2008-10-03,0.73,0.65,0.64
2008-10-10,0.74,0.66,0.66
2008-10-17,0.74,0.67,0.65
2008-10-24,0.74,0.69,0.66
2008-10-31,0.74,0.73,0.68
2008-11-07,0.78,0.72,0.71
2008-11-14,0.76,0.68,0.72
2008-11-21,0.75,0.69,0.72
2008-11-28,0.77,0.71,0.73
2008-12-05,0.79,0.74,0.7
2008-12-12,0.8,0.74,0.75
2008-12-19,0.81,0.73,0.74
2008-12-26,0.79,0.72,0.73
2009-01-02,0.8,0.75,0.75
2009-01-09,0.79,0.74,0.75
2009-01-16,0.74,0.73,0.76
2009-01-23,0.76,0.76,0.73
2009-01-30,0.77,0.75,0.76
2009-02-06,0.76,0.75,0.76
2009-02-13,0.72,0.74,0.75
2009-02-20,0.72,0.73,0.75
2009-02-27,0.76,0.75,0.74
2009-03-06,0.72,0.74,0.73
2009-03-13,0.75,0.74,0.76
2009-03-20,0.73,0.71,0.75
2009-03-27,0.74,0.71,0.76
2009-04-03,0.7,0.69,0.76
2009-04-10,0.68,0.7,0.77
2009-04-17,0.69,0.68,0.78
2009-04-24,0.67,0.65,0.68
2009-05-01,0.66,0.65,0.72
2009-05-08,0.67,0.63,0.64
2009-05-15,0.69,0.68,0.69
2009-05-22,0.65,0.68,0.66
2009-05-29,0.6,0.62,0.66
2009-06-05,0.65,0.68,0.61
2009-06-12,0.6,0.65,0.64
2009-06-19,0.56,0.59,0.61
2009-06-26,0.59,0.58,0.61
2009-07-03,0.61,0.54,0.61
2009-07-10,0.6,0.56,0.6
2009-07-17,0.6,0.56,0.61
2009-07-24,0.6,0.56,0.62
2009-07-31,0.56,0.51,0.59
2009-08-07,0.57,0.51,0.61
2009-08-14,0.54,0.5,0.6
2009-08-21,0.52,0.51,0.6
2009-08-28,0.5,0.49,0.59
2009-09-04,0.48,0.46,0.57
2009-09-11,0.48,0.47,0.54
2009-09-18,0.48,0.47,0.57
2009-09-25,0.47,0.48,0.54
2009-10-02,0.46,0.47,0.52
2009-10-09,0.46,0.45,0.52
2009-10-16,0.44,0.46,0.5
2009-10-23,0.41,0.43,0.45
2009-10-30,0.39,0.42,0.47
2009-11-06,0.4,0.4,0.49
2009-11-13,0.38,0.38,0.48
2009-11-20,0.4,0.41,0.49
2009-11-27,0.36,0.39,0.44
2009-12-04,0.37,0.4,0.46
2009-12-11,0.36,0.39,0.46
2009-12-18,0.36,0.39,0.45
2009-12-25,0.35,0.4,0.43
2010-01-01,0.34,0.4,0.43
2010-01-08,0.36,0.37,0.42
2010-01-15,0.34,0.35,0.37
2010-01-22,0.33,0.33,0.39
2010-01-29,0.35,0.34,0.41
2010-02-05,0.31,0.32,0.4
2010-02-12,0.31,0.3,0.42
2010-02-19,0.32,0.33,0.42
2010-02-26,0.31,0.33,0.41
2010-03-05,0.28,0.29,0.41
2010-03-12,0.25,0.27,0.37
2010-03-19,0.26,0.29,0.37
2010-03-26,0.25,0.31,0.33
2010-04-02,0.23,0.28,0.31
2010-04-09,0.24,0.3,0.31
2010-04-16,0.22,0.28,0.27
2010-04-23,0.21,0.27,0.26
2010-04-30,0.22,0.28,0.27
2010-05-07,0.19,0.22,0.24
2010-05-14,0.23,0.27,0.26
2010-05-21,0.25,0.27,0.25
2010-05-28,0.28,0.31,0.25
2010-06-04,0.31,0.34,0.24
2010-06-11,0.31,0.34,0.24
2010-06-18,0.32,0.34,0.27
2010-06-25,0.33,0.34,0.27
2010-07-02,0.32,0.34,0.24
2010-07-09,0.33,0.36,0.26
2010-07-16,0.33,0.38,0.25
2010-07-23,0.27,0.35,0.24
2010-07-30,0.27,0.33,0.24
2010-08-06,0.26,0.3,0.22
2010-08-13,0.25,0.26,0.22
2010-08-20,0.24,0.26,0.2
2010-08-27,0.24,0.27,0.21
2010-09-03,0.24,0.27,0.21
2010-09-10,0.2,0.24,0.18
2010-09-17,0.21,0.24,0.17
2010-09-24,0.22,0.25,0.18
2010-10-01,0.22,0.21,0.2
2010-10-08,0.21,0.2,0.19
2010-10-15,0.18,0.21,0.19
2010-10-22,0.19,0.24,0.18
2010-10-29,0.16,0.23,0.17
2010-11-05,0.19,0.23,0.18
2010-11-12,0.2,0.24,0.16
2010-11-19,0.18,0.24,0.19
2010-11-26,0.22,0.24,0.17
2010-12-03,0.24,0.26,0.18
2010-12-10,0.21,0.26,0.15
2010-12-17,0.24,0.25,0.16
2010-12-24,0.25,0.23,0.16
2010-12-31,0.25,0.24,0.17
2011-01-07,0.24,0.24,0.17
2011-01-14,0.21,0.23,0.16
2011-01-21,0.2,0.21,0.14
2011-01-28,0.2,0.21,0.15
2011-02-04,0.19,0.22,0.12
2011-02-11,0.17,0.19,0.18
2011-02-18,0.17,0.2,0.17
2011-02-25,0.16,0.2,0.15
2011-03-04,0.19,0.25,0.15
2011-03-11,0.19,0.23,0.16
2011-03-18,0.22,0.27,0.18
2011-03-25,0.19,0.23,0.15
2011-04-01,0.17,0.2,0.16
2011-04-08,0.18,0.2,0.13
2011-04-15,0.16,0.24,0.14
2011-04-22,0.19,0.21,0.13
2011-04-29,0.19,0.24,0.12
2011-05-06,0.21,0.27,0.13
2011-05-13,0.23,0.27,0.17
2011-05-20,0.2,0.29,0.14
2011-05-27,0.19,0.26,0.14
2011-06-03,0.2,0.24,0.15
2011-06-10,0.19,0.28,0.14
2011-06-17,0.2,0.27,0.14
2011-06-24,0.22,0.3,0.17
2011-07-01,0.26,0.33,0.2
2011-07-08,0.23,0.36,0.15
2011-07-15,0.22,0.31,0.17
2011-07-22,0.21,0.32,0.18
2011-07-29,0.18,0.28,0.16
2011-08-05,0.18,0.28,0.16
2011-08-12,0.27,0.32,0.25
2011-08-19,0.32,0.4,0.29
2011-08-26,0.35,0.39,0.32
2011-09-02,0.36,0.38,0.36
2011-09-09,0.33,0.34,0.37
2011-09-16,0.34,0.35,0.4
2011-09-23,0.35,0.39,0.42
2011-09-30,0.41,0.41,0.43
2011-10-07,0.44,0.4,0.45
2011-10-14,0.47,0.38,0.49
2011-10-21,0.44,0.37,0.46
2011-10-28,0.45,0.38,0.46
2011-11-04,0.43,0.35,0.44
2011-11-11,0.43,0.35,0.44
2011-11-18,0.45,0.34,0.45
2011-11-25,0.46,0.38,0.45
2011-12-02,0.49,0.38,0.45
2011-12-09,0.47,0.38,0.44
2011-12-16,0.48,0.39,0.45
2011-12-23,0.47,0.38,0.44
2011-12-30,0.46,0.38,0.45
2012-01-06,0.44,0.36,0.42
2012-01-13,0.41,0.32,0.38
2012-01-20,0.4,0.31,0.4
2012-01-27,0.41,0.29,0.4
2012-02-03,0.4,0.3,0.4
2012-02-10,0.39,0.28,0.41
2012-02-17,0.34,0.25,0.37
2012-02-24,0.34,0.25,0.33
2012-03-02,0.32,0.23,0.34
2012-03-09,0.3,0.21,0.33
2012-03-16,0.28,0.23,0.31
2012-03-23,0.27,0.22,0.28
2012-03-30,0.28,0.21,0.29
2012-04-06,0.28,0.24,0.28
2012-04-13,0.25,0.23,0.27
2012-04-20,0.25,0.26,0.3
2012-04-27,0.23,0.28,0.29
2012-05-04,0.21,0.25,0.25
2012-05-11,0.2,0.23,0.26
2012-05-18,0.21,0.2,0.26
2012-05-25,0.24,0.24,0.27
2012-06-01,0.25,0.25,0.29
2012-06-08,0.24,0.23,0.31
2012-06-15,0.24,0.21,0.31
2012-06-22,0.22,0.2,0.29
2012-06-29,0.2,0.2,0.29
2012-07-06,0.22,0.19,0.28
2012-07-13,0.24,0.17,0.28
2012-07-20,0.22,0.17,0.25
2012-07-27,0.19,0.17,0.24
2012-08-03,0.17,0.15,0.23
2012-08-10,0.15,0.13,0.24
2012-08-17,0.17,0.18,0.21
2012-08-24,0.22,0.2,0.21
2012-08-31,0.19,0.2,0.21
2012-09-07,0.17,0.22,0.19
2012-09-14,0.17,0.18,0.2
2012-09-21,0.16,0.17,0.18
2012-09-28,0.2,0.18,0.21
2012-10-05,0.25,0.17,0.2
2012-10-12,0.2,0.15,0.18
2012-10-19,0.22,0.19,0.18
2012-10-26,0.23,0.17,0.16
2012-11-02,0.22,0.17,0.15
2012-11-09,0.21,0.18,0.15
2012-11-16,0.23,0.2,0.15
2012-11-23,0.27,0.22,0.16
2012-11-30,0.25,0.22,0.18
2012-12-07,0.22,0.21,0.17
2012-12-14,0.19,0.21,0.17
2012-12-21,0.22,0.2,0.15
2012-12-28,0.2,0.19,0.14
2013-01-04,0.24,0.18,0.16
2013-01-11,0.19,0.18,0.15
2013-01-18,0.21,0.25,0.13
2013-01-25,0.23,0.2,0.15
2013-02-01,0.2,0.23,0.13
2013-02-08,0.23,0.22,0.17
2013-02-15,0.2,0.24,0.12
2013-02-22,0.21,0.22,0.12
2013-03-01,0.15,0.21,0.12
2013-03-08,0.16,0.24,0.12
2013-03-15,0.16,0.21,0.12
2013-03-22,0.17,0.22,0.15
2013-03-29,0.18,0.21,0.15
2013-04-05,0.17,0.23,0.17
2013-04-12,0.16,0.2,0.15
2013-04-19,0.17,0.2,0.16
2013-04-26,0.15,0.18,0.14
2013-05-03,0.16,0.18,0.18
2013-05-10,0.16,0.19,0.16
2013-05-17,0.19,0.2,0.21
2013-05-24,0.16,0.19,0.18
2013-05-31,0.15,0.19,0.17
2013-06-07,0.18,0.24,0.19
2013-06-14,0.22,0.31,0.23
2013-06-21,0.23,0.3,0.3
2013-06-28,0.24,0.37,0.29
2013-07-05,0.23,0.37,0.26
2013-07-12,0.19,0.33,0.23
2013-07-19,0.17,0.29,0.19
2013-07-26,0.18,0.28,0.25
2013-08-02,0.17,0.26,0.21
2013-08-09,0.16,0.25,0.2
2013-08-16,0.17,0.23,0.23
2013-08-23,0.21,0.26,0.25
2013-08-30,0.19,0.24,0.24
2013-09-06,0.16,0.2,0.19
2013-09-13,0.17,0.2,0.18
2013-09-20,0.19,0.25,0.17
2013-09-27,0.2,0.22,0.16
2013-10-04,0.18,0.18,0.18
2013-10-11,0.17,0.19,0.18
2013-10-18,0.2,0.27,0.19
2013-10-25,0.16,0.22,0.19
2013-11-01,0.17,0.19,0.18
2013-11-08,0.15,0.19,0.18
2013-11-15,0.17,0.18,0.23
2013-11-22,0.15,0.2,0.22
2013-11-29,0.19,0.2,0.21
2013-12-06,0.17,0.19,0.19
2013-12-13,0.2,0.2,0.18
2013-12-20,0.22,0.23,0.17
2013-12-27,0.23,0.21,0.22
2014-01-03,0.22,0.19,0.19
2014-01-10,0.15,0.15,0.15
2014-01-17,0.16,0.16,0.12
2014-01-24,0.16,0.13,0.16
2014-01-31,0.15,0.15,0.17
2014-02-07,0.17,0.16,0.19
2014-02-14,0.2,0.2,0.21
2014-02-21,0.18,0.16,0.18
2014-02-28,0.17,0.16,0.22
2014-03-07,0.14,0.13,0.21
2014-03-14,0.14,0.15,0.22
2014-03-21,0.19,0.17,0.19
2014-03-28,0.15,0.19,0.21
2014-04-04,0.15,0.18,0.18
2014-04-11,0.14,0.22,0.24
2014-04-18,0.14,0.2,0.21
2014-04-25,0.13,0.2,0.2
2014-05-02,0.11,0.17,0.18
2014-05-09,0.13,0.16,0.19
2014-05-16,0.14,0.19,0.16
2014-05-23,0.14,0.18,0.18
2014-05-30,0.14,0.15,0.19
2014-06-06,0.14,0.17,0.16
2014-06-13,0.11,0.16,0.16
2014-06-20,0.17,0.17,0.2
2014-06-27,0.15,0.17,0.17
2014-07-04,0.14,0.18,0.16
2014-07-11,0.1,0.13,0.13
2014-07-18,0.16,0.16,0.18
2014-07-25,0.11,0.12,0.17
2014-08-01,0.17,0.17,0.19
2014-08-08,0.14,0.12,0.19
2014-08-15,0.17,0.13,0.25
2014-08-22,0.18,0.18,0.25
2014-08-29,0.18,0.2,0.25
2014-09-05,0.16,0.19,0.2
2014-09-12,0.13,0.11,0.17
2014-09-19,0.17,0.17,0.16
2014-09-26,0.16,0.17,0.18
2014-10-03,0.16,0.18,0.24
2014-10-10,0.15,0.16,0.23
2014-10-17,0.19,0.17,0.29
2014-10-24,0.26,0.22,0.3
2014-10-31,0.25,0.2,0.33
2014-11-07,0.25,0.2,0.3
2014-11-14,0.24,0.18,0.26
2014-11-21,0.25,0.23,0.29
2014-11-28,0.24,0.22,0.29
2014-12-05,0.23,0.26,0.29
2014-12-12,0.26,0.27,0.36
2014-12-19,0.36,0.35,0.41
2014-12-26,0.39,0.31,0.38
2015-01-02,0.37,0.29,0.39
2015-01-09,0.34,0.27,0.34
2015-01-16,0.32,0.28,0.33
2015-01-23,0.31,0.26,0.32
2015-01-30,0.3,0.25,0.31
2015-02-06,0.27,0.24,0.28
2015-02-13,0.23,0.21,0.26
2015-02-20,0.23,0.2,0.25
2015-02-27,0.21,0.2,0.25
2015-03-06,0.2,0.2,0.21
2015-03-13,0.2,0.19,0.22
2015-03-20,0.23,0.22,0.24
2015-03-27,0.22,0.24,0.25
2015-04-03,0.24,0.23,0.23
2015-04-10,0.22,0.23,0.22
2015-04-17,0.18,0.2,0.22
2015-04-24,0.21,0.2,0.2
2015-05-01,0.19,0.19,0.19
2015-05-08,0.16,0.2,0.16
2015-05-15,0.16,0.2,0.16
2015-05-22,0.21,0.22,0.17
2015-05-29,0.17,0.22,0.18
2015-06-05,0.19,0.24,0.16
2015-06-12,0.19,0.25,0.16
2015-06-19,0.2,0.23,0.15
2015-06-26,0.22,0.27,0.17
2015-07-03,0.2,0.26,0.16
2015-07-10,0.23,0.27,0.18
2015-07-17,0.24,0.28,0.19
2015-07-24,0.22,0.29,0.19
2015-07-31,0.23,0.3,0.2
2015-08-07,0.23,0.28,0.18
2015-08-14,0.24,0.28,0.2
2015-08-21,0.29,0.33,0.24
2015-08-28,0.32,0.34,0.22
2015-09-04,0.38,0.34,0.25
2015-09-11,0.35,0.32,0.23
2015-09-18,0.29,0.3,0.23
2015-09-25,0.29,0.3,0.23
2015-10-02,0.34,0.3,0.26
2015-10-09,0.36,0.34,0.29
2015-10-16,0.33,0.32,0.29
2015-10-23,0.3,0.31,0.3
2015-10-30,0.32,0.3,0.29
2015-11-06,0.27,0.28,0.28
2015-11-13,0.29,0.29,0.28
2015-11-20,0.3,0.29,0.28
2015-11-27,0.3,0.29,0.28
2015-12-04,0.33,0.31,0.28
2015-12-11,0.35,0.32,0.28
2015-12-18,0.41,0.37,0.27
2015-12-25,0.42,0.45,0.29
2016-01-01,0.42,0.47,0.27
2016-01-08,0.4,0.47,0.27
2016-01-15,0.42,0.5,0.26
2016-01-22,0.43,0.47,0.29
2016-01-29,0.43,0.5,0.29
2016-02-05,0.4,0.48,0.31
2016-02-12,0.39,0.47,0.31
2016-02-19,0.41,0.47,0.34
2016-02-26,0.41,0.46,0.36
2016-03-04,0.41,0.45,0.36
2016-03-11,0.39,0.44,0.39
2016-03-18,0.37,0.44,0.38
2016-03-25,0.35,0.42,0.37
2016-04-01,0.35,0.41,0.37
2016-04-08,0.3,0.36,0.37
2016-04-15,0.28,0.34,0.36
2016-04-22,0.26,0.32,0.34
2016-04-29,0.24,0.3,0.32
2016-05-06,0.26,0.3,0.33
2016-05-13,0.26,0.31,0.3
2016-05-20,0.25,0.31,0.31
2016-05-27,0.21,0.27,0.28
2016-06-03,0.21,0.26,0.26
2016-06-10,0.19,0.25,0.23
2016-06-17,0.21,0.26,0.22
2016-06-24,0.2,0.26,0.23
2016-07-01,0.19,0.25,0.24
2016-07-08,0.2,0.25,0.24
2016-07-15,0.19,0.22,0.24
2016-07-22,0.21,0.21,0.27
2016-07-29,0.21,0.21,0.26
2016-08-05,0.21,0.2,0.24
2016-08-12,0.2,0.2,0.23
2016-08-19,0.19,0.18,0.22
2016-08-26,0.24,0.2,0.21
2016-09-02,0.23,0.2,0.19
2016-09-09,0.21,0.17,0.19
2016-09-16,0.25,0.22,0.17
2016-09-23,0.23,0.2,0.16
2016-09-30,0.19,0.24,0.14
2016-10-07,0.2,0.18,0.15
2016-10-14,0.2,0.18,0.18
2016-10-21,0.18,0.21,0.18
2016-10-28,0.22,0.22,0.18
2016-11-04,0.18,0.2,0.17
2016-11-11,0.18,0.22,0.15
2016-11-18,0.19,0.23,0.16
2016-11-25,0.16,0.2,0.13
2016-12-02,0.18,0.22,0.13
2016-12-09,0.13,0.19,0.1
2016-12-16,0.18,0.22,0.12
2016-12-23,0.14,0.21,0.1
2016-12-30,0.14,0.17,0.1
2017-01-06,0.11,0.14,0.09
2017-01-13,0.12,0.12,0.1
2017-01-20,0.1,0.1,0.08
2017-01-27,0.14,0.12,0.09
2017-02-03,0.15,0.11,0.1
2017-02-10,0.12,0.13,0.08
2017-02-17,0.13,0.12,0.09
2017-02-24,0.16,0.14,0.08
2017-03-03,0.15,0.14,0.08
2017-03-10,0.14,0.13,0.11
2017-03-17,0.15,0.14,0.11
2017-03-24,0.14,0.15,0.09
2017-03-31,0.12,0.13,0.08
2017-04-07,0.11,0.13,0.08
2017-04-14,0.11,0.12,0.1
2017-04-21,0.13,0.14,0.09
2017-04-28,0.12,0.13,0.1
2017-05-05,0.13,0.12,0.1
2017-05-12,0.08,0.08,0.11
2017-05-19,0.1,0.12,0.09
2017-05-26,0.08,0.08,0.07
2017-06-02,0.09,0.11,0.07
2017-06-09,0.11,0.14,0.1
2017-06-16,0.1,0.13,0.1
2017-06-23,0.11,0.13,0.11
2017-06-30,0.11,0.12,0.09
2017-07-07,0.11,0.12,0.09
2017-07-14,0.09,0.11,0.12
2017-07-21,0.09,0.1,0.1
2017-07-28,0.08,0.1,0.1
2017-08-04,0.06,0.08,0.09
2017-08-11,0.07,0.07,0.1
2017-08-18,0.1,0.14,0.11
2017-08-25,0.1,0.14,0.12
2017-09-01,0.1,0.12,0.12
2017-09-08,0.11,0.11,0.1
2017-09-15,0.09,0.11,0.1
2017-09-22,0.08,0.11,0.08
2017-09-29,0.11,0.14,0.11
2017-10-06,0.08,0.11,0.1
2017-10-13,0.07,0.09,0.1
2017-10-20,0.09,0.09,0.11
2017-10-27,0.09,0.09,0.13
2017-11-03,0.07,0.09,0.09
2017-11-10,0.11,0.12,0.09
2017-11-17,0.11,0.15,0.11
2017-11-24,0.1,0.12,0.11
2017-12-01,0.09,0.09,0.12
2017-12-08,0.1,0.11,0.11
2017-12-15,0.12,0.12,0.1
2017-12-22,0.13,0.13,0.1
2017-12-29,0.11,0.14,0.1
2018-01-05,0.11,0.14,0.08
2018-01-12,0.12,0.12,0.08
2018-01-19,0.1,0.14,0.09
2018-01-26,0.11,0.14,0.08
2018-02-02,0.1,0.12,0.11
2018-02-09,0.12,0.12,0.08
2018-02-16,0.11,0.1,0.07
2018-02-23,0.1,0.07,0.08
2018-03-02,0.11,0.08,0.09
2018-03-09,0.12,0.11,0.11
2018-03-16,0.1,0.1,0.1
2018-03-23,0.09,0.1,0.09
2018-03-30,0.1,0.08,0.09
2018-04-06,0.06,0.08,0.07
2018-04-13,0.06,0.08,0.07
2018-04-20,0.1,0.1,0.1
2018-04-27,0.11,0.11,0.12
2018-05-04,0.12,0.12,0.12
2018-05-11,0.09,0.12,0.11
2018-05-18,0.06,0.11,0.07
2018-05-25,0.08,0.11,0.1
2018-06-01,0.13,0.11,0.11
2018-06-08,0.11,0.13,0.1
2018-06-15,0.09,0.13,0.09
2018-06-22,0.11,0.16,0.13
2018-06-29,0.1,0.16,0.13
2018-07-06,0.07,0.16,0.09
2018-07-13,0.1,0.16,0.1
2018-07-20,0.09,0.16,0.11
2018-07-27,0.09,0.17,0.12
2018-08-03,0.13,0.17,0.11
2018-08-10,0.13,0.13,0.09
2018-08-17,0.15,0.14,0.1
2018-08-24,0.1,0.12,0.08
2018-08-31,0.14,0.12,0.11
2018-09-07,0.14,0.11,0.12
2018-09-14,0.12,0.12,0.11
2018-09-21,0.16,0.08,0.14
2018-09-28,0.14,0.11,0.12
2018-10-05,0.13,0.1,0.16
2018-10-12,0.12,0.08,0.18
2018-10-19,0.09,0.12,0.11
2018-10-26,0.1,0.11,0.14
2018-11-02,0.07,0.13,0.09
2018-11-09,0.09,0.12,0.08
2018-11-16,0.1,0.19,0.08
2018-11-23,0.09,0.2,0.08
2018-11-30,0.1,0.2,0.1
2018-12-07,0.12,0.24,0.1
2018-12-14,0.12,0.25,0.1
2018-12-21,0.13,0.28,0.11
2018-12-28,0.16,0.31,0.16
2019-01-04,0.18,0.32,0.17
2019-01-11,0.17,0.33,0.16
2019-01-18,0.18,0.31,0.18
2019-01-25,0.17,0.31,0.18
2019-02-01,0.15,0.3,0.17
2019-02-08,0.14,0.29,0.16
2019-02-15,0.14,0.3,0.17
2019-02-22,0.11,0.24,0.15
2019-03-01,0.11,0.24,0.14
2019-03-08,0.11,0.23,0.13
2019-03-15,0.11,0.22,0.14
2019-03-22,0.1,0.21,0.15
2019-03-29,0.12,0.22,0.16
2019-04-05,0.1,0.17,0.14
2019-04-12,0.1,0.17,0.15
2019-04-19,0.09,0.16,0.15
2019-04-26,0.1,0.16,0.14
2019-05-03,0.11,0.14,0.15
2019-05-10,0.11,0.13,0.12
2019-05-17,0.08,0.12,0.13
2019-05-24,0.09,0.14,0.13
2019-05-31,0.09,0.14,0.12
2019-06-07,0.12,0.19,0.13
2019-06-14,0.12,0.2,0.15
2019-06-21,0.11,0.19,0.15
2019-06-28,0.11,0.18,0.15
2019-07-05,0.11,0.17,0.15
2019-07-12,0.11,0.16,0.13
2019-07-19,0.11,0.15,0.14
2019-07-26,0.1,0.14,0.13
2019-08-02,0.07,0.12,0.14
2019-08-09,0.09,0.11,0.16
2019-08-16,0.19,0.19,0.24
2019-08-23,0.16,0.19,0.26
2019-08-30,0.14,0.15,0.25
2019-09-06,0.15,0.16,0.23
2019-09-13,0.15,0.15,0.23
2019-09-20,0.14,0.14,0.19
2019-09-27,0.13,0.12,0.19
2019-10-04,0.12,0.12,0.21
2019-10-11,0.13,0.11,0.22
2019-10-18,0.13,0.1,0.21
2019-10-25,0.13,0.1,0.2
2019-11-01,0.12,0.1,0.18
2019-11-08,0.11,0.09,0.19
2019-11-15,0.11,0.08,0.17
2019-11-22,0.08,0.07,0.18
2019-11-29,0.11,0.07,0.19
2019-12-06,0.14,0.11,0.21
2019-12-13,0.12,0.09,0.2
2019-12-20,0.12,0.12,0.19
2019-12-27,0.11,0.12,0.21
2020-01-03,0.12,0.11,0.18
2020-01-10,0.11,0.1,0.16
2020-01-17,0.12,0.09,0.19
2020-01-24,0.11,0.07,0.16
2020-01-31,0.12,0.1,0.19
2020-02-07,0.11,0.08,0.25
2020-02-14,0.08,0.07,0.24
2020-02-21,0.07,0.06,0.24
2020-02-28,0.1,0.09,0.27
2020-03-06,0.22,0.22,0.37
2020-03-13,0.35,0.45,0.49
2020-03-20,0.46,0.49,0.58
2020-03-27,0.59,0.62,0.6
2020-04-03,0.61,0.63,0.61
2020-04-10,0.63,0.65,0.6
2020-04-17,0.58,0.6,0.6
2020-04-24,0.6,0.61,0.58
2020-05-01,0.56,0.59,0.58
2020-05-08,0.55,0.58,0.58
2020-05-15,0.55,0.56,0.59
2020-05-22,0.51,0.52,0.57
2020-05-29,0.49,0.52,0.55
2020-06-05,0.49,0.49,0.58
2020-06-12,0.45,0.46,0.57
2020-06-19,0.41,0.46,0.54
2020-06-26,0.46,0.45,0.51
2020-07-03,0.47,0.44,0.53
2020-07-10,0.44,0.44,0.54
2020-07-17,0.4,0.41,0.48
2020-07-24,0.4,0.39,0.5
2020-07-31,0.41,0.38,0.5
2020-08-07,0.38,0.36,0.47
2020-08-14,0.35,0.35,0.45
2020-08-21,0.32,0.33,0.44
2020-08-28,0.3,0.34,0.42
2020-09-04,0.29,0.32,0.39
2020-09-11,0.28,0.3,0.38
2020-09-18,0.29,0.31,0.39
2020-09-25,0.31,0.3,0.37
2020-10-02,0.39,0.35,0.45
2020-10-09,0.36,0.33,0.42
2020-10-16,0.37,0.32,0.41
2020-10-23,0.36,0.3,0.41
2020-10-30,0.34,0.28,0.42
2020-11-06,0.34,0.25,0.44
2020-11-13,0.31,0.22,0.4
2020-11-20,0.3,0.23,0.4
2020-11-27,0.26,0.23,0.39
2020-12-04,0.27,0.22,0.4
2020-12-11,0.24,0.23,0.35
2020-12-18,0.24,0.22,0.32
2020-12-25,0.21,0.19,0.28
2021-01-01,0.21,0.18,0.28
2021-01-08,0.23,0.16,0.25
2021-01-15,0.18,0.14,0.26
2021-01-22,0.18,0.14,0.21
2021-01-29,0.21,0.16,0.23
2021-02-05,0.16,0.12,0.22
2021-02-12,0.13,0.11,0.2
2021-02-19,0.13,0.11,0.24
2021-02-26,0.2,0.16,0.22
2021-03-05,0.16,0.15,0.2
2021-03-12,0.16,0.15,0.19
2021-03-19,0.15,0.15,0.18
2021-03-26,0.12,0.14,0.15
2021-04-02,0.18,0.13,0.17
2021-04-09,0.18,0.12,0.14
2021-04-16,0.17,0.15,0.16
2021-04-23,0.17,0.14,0.14
2021-04-30,0.19,0.13,0.14
2021-05-07,0.19,0.12,0.13
2021-05-14,0.15,0.11,0.14
2021-05-21,0.14,0.12,0.16
2021-05-28,0.19,0.11,0.15
2021-06-04,0.16,0.1,0.14
2021-06-11,0.15,0.13,0.15
2021-06-18,0.19,0.15,0.15
2021-06-25,0.17,0.15,0.15
2021-07-02,0.2,0.16,0.14
2021-07-09,0.18,0.15,0.13
2021-07-16,0.17,0.1,0.11
2021-07-23,0.16,0.1,0.13
2021-07-30,0.15,0.12,0.12
2021-08-06,0.11,0.09,0.11
2021-08-13,0.1,0.05,0.11
2021-08-20,0.12,0.07,0.13
2021-08-27,0.15,0.12,0.11
2021-09-03,0.14,0.13,0.12
2021-09-10,0.11,0.08,0.12
2021-09-17,0.12,0.08,0.13
2021-09-24,0.11,0.1,0.13
2021-10-01,0.15,0.14,0.17
2021-10-08,0.12,0.09,0.14
2021-10-15,0.1,0.1,0.13
2021-10-22,0.12,0.12,0.13
2021-10-29,0.12,0.14,0.14
2021-11-05,0.08,0.09,0.11
2021-11-12,0.07,0.08,0.12
2021-11-19,0.09,0.14,0.09
2021-11-26,0.08,0.11,0.12
2021-12-03,0.18,0.18,0.17
2021-12-10,0.2,0.21,0.19
2021-12-17,0.24,0.23,0.17
2021-12-24,0.2,0.16,0.19
2021-12-31,0.2,0.16,0.18
2022-01-07,0.16,0.13,0.15
2022-01-14,0.14,0.1,0.13
2022-01-21,0.14,0.09,0.12
2022-01-28,0.16,0.14,0.12
2022-02-04,0.15,0.15,0.13
2022-02-11,0.13,0.16,0.14
2022-02-18,0.16,0.17,0.12
2022-02-25,0.15,0.24,0.13
2022-03-04,0.14,0.26,0.12
2022-03-11,0.11,0.26,0.12
2022-03-18,0.13,0.28,0.13
2022-03-25,0.15,0.27,0.13
2022-04-01,0.15,0.27,0.14
2022-04-08,0.17,0.27,0.13
2022-04-15,0.16,0.25,0.12
2022-04-22,0.18,0.28,0.13
2022-04-29,0.18,0.31,0.12
2022-05-06,0.16,0.3,0.11
2022-05-13,0.16,0.31,0.13
2022-05-20,0.16,0.33,0.16
2022-05-27,0.17,0.34,0.18
2022-06-03,0.19,0.37,0.16
2022-06-10,0.17,0.35,0.16
2022-06-17,0.18,0.37,0.2
2022-06-24,0.21,0.39,0.23
2022-07-01,0.24,0.43,0.26
2022-07-08,0.25,0.44,0.29
2022-07-15,0.23,0.44,0.27
2022-07-22,0.27,0.46,0.26
2022-07-29,0.29,0.48,0.25
2022-08-05,0.27,0.46,0.25
2022-08-12,0.25,0.41,0.22
2022-08-19,0.26,0.41,0.19
2022-08-26,0.24,0.39,0.21
2022-09-02,0.23,0.42,0.23
2022-09-09,0.24,0.43,0.21
2022-09-16,0.25,0.43,0.21
2022-09-23,0.28,0.46,0.2
2022-09-30,0.24,0.46,0.23
2022-10-07,0.24,0.45,0.23
2022-10-14,0.25,0.47,0.24
2022-10-21,0.27,0.52,0.24
2022-10-28,0.25,0.46,0.24
2022-11-04,0.27,0.45,0.23
2022-11-11,0.25,0.45,0.2
2022-11-18,0.28,0.44,0.21
2022-11-25,0.27,0.44,0.17
2022-12-02,0.24,0.42,0.17
2022-12-09,0.23,0.4,0.14
2022-12-16,0.25,0.42,0.16
2022-12-23,0.18,0.38,0.15
2022-12-30,0.22,0.43,0.19
2023-01-06,0.21,0.41,0.18
2023-01-13,0.2,0.34,0.18
2023-01-20,0.17,0.34,0.17
2023-01-27,0.2,0.34,0.17
2023-02-03,0.21,0.38,0.2
2023-02-10,0.19,0.32,0.19
2023-02-17,0.2,0.34,0.19
2023-02-24,0.17,0.3,0.2
2023-03-03,0.18,0.31,0.19
2023-03-10,0.18,0.3,0.21
2023-03-17,0.14,0.27,0.21
2023-03-24,0.14,0.27,0.28
2023-03-31,0.18,0.34,0.29
2023-04-07,0.21,0.36,0.27
2023-04-14,0.22,0.32,0.26
2023-04-21,0.24,0.36,0.24
2023-04-28,0.25,0.4,0.24
2023-05-05,0.22,0.37,0.23
2023-05-12,0.22,0.32,0.24
2023-05-19,0.23,0.37,0.23
2023-05-26,0.21,0.34,0.22
2023-06-02,0.25,0.39,0.19
2023-06-09,0.23,0.37,0.18
2023-06-16,0.21,0.37,0.17
2023-06-23,0.23,0.37,0.2
2023-06-30,0.24,0.41,0.21
2023-07-07,0.22,0.39,0.2
2023-07-14,0.17,0.37,0.19
2023-07-21,0.18,0.36,0.18
2023-07-28,0.18880751458438244,0.36281148332118013,0.17760337756225028
2023-08-04,0.16253617154866687,0.33357277318140777,0.18436815745684407
2023-08-11,0.13745275864493156,0.30047575061877857,0.18360757839728878
2023-08-18,0.131330204849082,0.2721362665197465,0.18103310723372892
2023-08-25,0.1345841396845121,0.26413521909275284,0.1646920893408066
2023-09-01,0.15721593316538005,0.29120738995107953,0.17926574260009762
2023-09-08,0.12283923104511221,0.2534250036984863,0.17079570931877375
2023-09-15,0.13425509505502337,0.26183666697349567,0.18544006541968389
2023-09-22,0.13420381615932744,0.26182698774086016,0.19361999670458802
2023-09-29,0.16,0.27,0.17
2023-10-06,0.15,0.31,0.18
2023-10-13,0.15,0.31,0.2
2023-10-20,0.2,0.32,0.17
2023-10-27,0.15785045439304937,0.30929908881758483,0.18483858218764557
2023-11-03,0.19050328089138904,0.3307124887575555,0.18141161229724806
2023-11-10,0.18641241411398254,0.29189794560100923,0.16425401600254963
2023-11-17,0.2064244637085682,0.2898294322592222,0.16121910769651648
2023-11-24,0.19830401211472526,0.27694746260668696,0.14538038216381832
2023-12-01,0.21,0.3,0.15
2023-12-08,0.22,0.28,0.14
2023-12-15,0.21,0.23,0.14
2023-12-22,0.21,0.26,0.12
2023-12-29,0.2022099327936443,0.2613666702517782,0.12204301506943616
2024-01-05,0.19773115140429526,0.21850513076812045,0.09317901858222041
2024-01-12,0.1613494584776819,0.21287550387473195,0.11248759949491043
2024-01-19,0.15041443404675953,0.17572863586561427,0.09571175508413352
2024-01-26,0.16230485206155437,0.2122818272370849,0.08929078733101656
2024-02-02,0.17,0.23,0.09
2024-02-09,0.17,0.21,0.09
2024-02-16,0.16,0.22,0.11
2024-02-23,0.15,0.18,0.08
2024-03-01,0.13,0.16,0.09
2024-03-08,0.12,0.15,0.1
2024-03-15,0.14,0.19,0.1
2024-03-22,0.15,0.2,0.11
2024-03-29,0.15,0.17,0.12
2024-04-05,0.13,0.18,0.13
2024-04-12,0.12,0.17,0.12
2024-04-19,0.13,0.17,0.14
2024-04-26,0.14,0.18,0.11
2024-05-03,0.14,0.19,0.1
2024-05-10,0.1,0.15,0.09
2024-05-17,0.09,0.13,0.08
2024-05-24,0.08,0.13,0.1
2024-05-31,0.09,0.14,0.1
2024-06-07,0.12,0.15,0.09
2024-06-14,0.08,0.13,0.08
2024-06-21,0.11,0.14,0.1
2024-06-28,0.12,0.15,0.11
2024-07-05,0.1,0.13,0.1
2024-07-12,0.09,0.13,0.08
2024-07-19,0.08,0.11,0.07
2024-07-26,0.09,0.12,0.06
2024-08-02,0.11,0.13,0.06
2024-08-09,0.1,0.12,0.09
2024-08-16,0.14,0.19,0.14
2024-08-23,0.14,0.15,0.15
2024-08-30,0.12,0.14,0.13
2024-09-06,0.12,0.14,0.12
2024-09-13,0.1,0.1,0.13
2024-09-20,0.13,0.17,0.13
2024-09-27,0.11,0.13,0.13
2024-10-04,0.11,0.12,0.12
2024-10-11,0.08,0.1,0.1
2024-10-18,0.08,0.1,0.08
2024-10-25,0.12,0.1,0.06
2024-11-01,0.12,0.12,0.09
2024-11-08,0.08,0.12,0.09
2024-11-15,0.09,0.13,0.06
2024-11-22,0.11,0.12,0.09
2024-11-29,0.1,0.12,0.07
2024-12-06,0.11,0.11,0.09
2024-12-13,0.1,0.09,0.11
2024-12-20,0.1,0.11,0.11
2024-12-27,0.09,0.11,0.07
2025-01-03,0.09,0.1,0.08
2025-01-10,0.08,0.08,0.07
2025-01-17,0.06,0.08,0.12
2025-01-24,0.05,0.07,0.07
2025-01-31,0.11,0.1,0.1
2025-02-07,0.09,0.09,0.07
2025-02-14,0.08,0.08,0.06
2025-02-21,0.07,0.09,0.06
2025-02-28,0.09,0.09,0.09
2025-03-07,0.07,0.1,0.11
2025-03-14,0.08,0.09,0.07
2025-03-21,0.07,0.09,0.12
2025-03-28,0.1,0.09,0.12
2025-04-04,0.07,0.09,0.14
2025-04-11,0.08,0.1,0.21
2025-04-18,0.17,0.17,0.26
2025-04-25,0.2,0.18,0.24
2025-05-02,0.19,0.18,0.22
2025-05-09,0.18,0.19,0.21
2025-05-16,0.18,0.18,0.2
2025-05-23,0.18,0.19,0.21
2025-05-30,0.16,0.17,0.17
2025-06-06,0.14,0.15,0.16
2025-06-13,0.13,0.15,0.15
2025-06-20,0.12,0.12,0.14
2025-06-27,0.15,0.15,0.14
2025-07-04,0.14,0.13,0.14
2025-07-11,0.14,0.12,0.11
2025-07-18,0.11,0.1,0.09
2025-07-25,0.12,0.12,0.09
2025-08-01,0.12,0.12,0.11
2025-08-08,0.08,0.07,0.09
2025-08-15,0.09,0.1,0.1
2025-08-22,0.13,0.14,0.1
2025-08-29,0.11,0.09,0.12
2025-09-05,0.1,0.1,0.1
2025-09-12,0.1,0.11,0.09
2025-09-19,0.12,0.12,0.11
2025-09-26,0.09,0.1,0.07
2025-10-03,0.1,0.11,0.12
2025-10-10,0.06,0.1,0.11
2025-10-17,0.11,0.15,0.07
2025-10-24,0.1,0.12,0.09
2025-10-31,0.12,0.12,0.1
2025-11-07,0.1,0.13,0.09
2025-11-14,0.11,0.13,0.06
2025-11-21,0.12,0.12,0.11
2025-11-28,0.1,0.11,0.08
2025-12-05,0.11,0.12,0.08
2025-12-12,0.12,0.15,0.08
2025-12-19,0.13,0.15,0.08
2025-12-26,0.11,0.14,0.06
2026-01-02,0.11,0.14,0.08
2026-01-09,0.13,0.11,0.07
2026-01-16,0.09,0.11,0.1
2026-01-23,0.07,0.11,0.06
2026-01-30,0.11,0.12,0.11
2026-02-06,0.13,0.11,0.09
2026-02-13,0.1,0.09,0.07
2026-02-20,0.09,0.09,0.08
2026-02-27,0.12,0.21,0.1
2026-03-06,0.14,0.21,0.1
2026-03-13,0.17,0.29,0.12
2026-03-20,0.16,0.28,0.12
2026-03-27,0.14,0.25,0.1
2026-04-03,0.14,0.22,0.12
2026-04-10,0.16,0.23,0.08
2026-04-17,0.16,0.19,0.11
2026-04-24,0.14,0.2,0.1
2026-05-01,0.15,0.23,0.1
2026-05-08,0.13,0.21,0.09
2026-05-15,0.14,0.23,0.08
2026-05-22,0.18,0.26,0.08
2026-05-29,0.19,0.25,0.09
2026-06-05,0.16,0.23,0.08
2026-06-12,0.16,0.26,0.08
2026-06-19,0.13,0.23,0.06
2026-06-26,0.16,0.25,0.08
2026-07-03,0.14,0.23,0.06
2026-07-10,0.17,0.3,0.11
2026-07-17,0.18,0.33,0.11
2026-07-24,0.15,0.3,0.1
