Date,Series,Value,Series ID,Metric,Unit,Source,Attribution boundary
2020-01-01,Labor productivity,104.679,PRS85006093,Index,Index 2017=100,BLS Labor Productivity and Costs,Output per hour for all workers in the nonfarm business sector.
2020-04-01,Labor productivity,109.772,PRS85006093,Index,Index 2017=100,BLS Labor Productivity and Costs,Output per hour for all workers in the nonfarm business sector.
2020-07-01,Labor productivity,111.491,PRS85006093,Index,Index 2017=100,BLS Labor Productivity and Costs,Output per hour for all workers in the nonfarm business sector.
2020-10-01,Labor productivity,110.599,PRS85006093,Index,Index 2017=100,BLS Labor Productivity and Costs,Output per hour for all workers in the nonfarm business sector.
2021-01-01,Labor productivity,111.394,PRS85006093,Index,Index 2017=100,BLS Labor Productivity and Costs,Output per hour for all workers in the nonfarm business sector.
2021-04-01,Labor productivity,111.626,PRS85006093,Index,Index 2017=100,BLS Labor Productivity and Costs,Output per hour for all workers in the nonfarm business sector.
2021-07-01,Labor productivity,110.948,PRS85006093,Index,Index 2017=100,BLS Labor Productivity and Costs,Output per hour for all workers in the nonfarm business sector.
2021-10-01,Labor productivity,111.578,PRS85006093,Index,Index 2017=100,BLS Labor Productivity and Costs,Output per hour for all workers in the nonfarm business sector.
2022-01-01,Labor productivity,110.176,PRS85006093,Index,Index 2017=100,BLS Labor Productivity and Costs,Output per hour for all workers in the nonfarm business sector.
2022-04-01,Labor productivity,109.36,PRS85006093,Index,Index 2017=100,BLS Labor Productivity and Costs,Output per hour for all workers in the nonfarm business sector.
2022-07-01,Labor productivity,109.423,PRS85006093,Index,Index 2017=100,BLS Labor Productivity and Costs,Output per hour for all workers in the nonfarm business sector.
2022-10-01,Labor productivity,110.047,PRS85006093,Index,Index 2017=100,BLS Labor Productivity and Costs,Output per hour for all workers in the nonfarm business sector.
2023-01-01,Labor productivity,110.298,PRS85006093,Index,Index 2017=100,BLS Labor Productivity and Costs,Output per hour for all workers in the nonfarm business sector.
2023-04-01,Labor productivity,111.404,PRS85006093,Index,Index 2017=100,BLS Labor Productivity and Costs,Output per hour for all workers in the nonfarm business sector.
2023-07-01,Labor productivity,112.786,PRS85006093,Index,Index 2017=100,BLS Labor Productivity and Costs,Output per hour for all workers in the nonfarm business sector.
2023-10-01,Labor productivity,113.881,PRS85006093,Index,Index 2017=100,BLS Labor Productivity and Costs,Output per hour for all workers in the nonfarm business sector.
2024-01-01,Labor productivity,113.947,PRS85006093,Index,Index 2017=100,BLS Labor Productivity and Costs,Output per hour for all workers in the nonfarm business sector.
2024-04-01,Labor productivity,114.99,PRS85006093,Index,Index 2017=100,BLS Labor Productivity and Costs,Output per hour for all workers in the nonfarm business sector.
2024-07-01,Labor productivity,116.035,PRS85006093,Index,Index 2017=100,BLS Labor Productivity and Costs,Output per hour for all workers in the nonfarm business sector.
2024-10-01,Labor productivity,116.445,PRS85006093,Index,Index 2017=100,BLS Labor Productivity and Costs,Output per hour for all workers in the nonfarm business sector.
2025-01-01,Labor productivity,116.187,PRS85006093,Index,Index 2017=100,BLS Labor Productivity and Costs,Output per hour for all workers in the nonfarm business sector.
2025-04-01,Labor productivity,117.385,PRS85006093,Index,Index 2017=100,BLS Labor Productivity and Costs,Output per hour for all workers in the nonfarm business sector.
2025-07-01,Labor productivity,118.884,PRS85006093,Index,Index 2017=100,BLS Labor Productivity and Costs,Output per hour for all workers in the nonfarm business sector.
2025-10-01,Labor productivity,119.35,PRS85006093,Index,Index 2017=100,BLS Labor Productivity and Costs,Output per hour for all workers in the nonfarm business sector.
2026-01-01,Labor productivity,119.437,PRS85006093,Index,Index 2017=100,BLS Labor Productivity and Costs,Output per hour for all workers in the nonfarm business sector.
2020-01-01,Real hourly compensation,105.387,PRS85006153,Index,Index 2017=100,BLS Labor Productivity and Costs,Hourly compensation adjusted for consumer prices; economy-wide and not AI-specific.
2020-04-01,Real hourly compensation,112.562,PRS85006153,Index,Index 2017=100,BLS Labor Productivity and Costs,Hourly compensation adjusted for consumer prices; economy-wide and not AI-specific.
2020-07-01,Real hourly compensation,109.625,PRS85006153,Index,Index 2017=100,BLS Labor Productivity and Costs,Hourly compensation adjusted for consumer prices; economy-wide and not AI-specific.
2020-10-01,Real hourly compensation,111.637,PRS85006153,Index,Index 2017=100,BLS Labor Productivity and Costs,Hourly compensation adjusted for consumer prices; economy-wide and not AI-specific.
2021-01-01,Real hourly compensation,110.56,PRS85006153,Index,Index 2017=100,BLS Labor Productivity and Costs,Hourly compensation adjusted for consumer prices; economy-wide and not AI-specific.
2021-04-01,Real hourly compensation,110.218,PRS85006153,Index,Index 2017=100,BLS Labor Productivity and Costs,Hourly compensation adjusted for consumer prices; economy-wide and not AI-specific.
2021-07-01,Real hourly compensation,109.915,PRS85006153,Index,Index 2017=100,BLS Labor Productivity and Costs,Hourly compensation adjusted for consumer prices; economy-wide and not AI-specific.
2021-10-01,Real hourly compensation,109.124,PRS85006153,Index,Index 2017=100,BLS Labor Productivity and Costs,Hourly compensation adjusted for consumer prices; economy-wide and not AI-specific.
2022-01-01,Real hourly compensation,107.253,PRS85006153,Index,Index 2017=100,BLS Labor Productivity and Costs,Hourly compensation adjusted for consumer prices; economy-wide and not AI-specific.
2022-04-01,Real hourly compensation,104.876,PRS85006153,Index,Index 2017=100,BLS Labor Productivity and Costs,Hourly compensation adjusted for consumer prices; economy-wide and not AI-specific.
2022-07-01,Real hourly compensation,105.358,PRS85006153,Index,Index 2017=100,BLS Labor Productivity and Costs,Hourly compensation adjusted for consumer prices; economy-wide and not AI-specific.
2022-10-01,Real hourly compensation,104.401,PRS85006153,Index,Index 2017=100,BLS Labor Productivity and Costs,Hourly compensation adjusted for consumer prices; economy-wide and not AI-specific.
2023-01-01,Real hourly compensation,104.274,PRS85006153,Index,Index 2017=100,BLS Labor Productivity and Costs,Hourly compensation adjusted for consumer prices; economy-wide and not AI-specific.
2023-04-01,Real hourly compensation,105.19,PRS85006153,Index,Index 2017=100,BLS Labor Productivity and Costs,Hourly compensation adjusted for consumer prices; economy-wide and not AI-specific.
2023-07-01,Real hourly compensation,105.896,PRS85006153,Index,Index 2017=100,BLS Labor Productivity and Costs,Hourly compensation adjusted for consumer prices; economy-wide and not AI-specific.
2023-10-01,Real hourly compensation,106.488,PRS85006153,Index,Index 2017=100,BLS Labor Productivity and Costs,Hourly compensation adjusted for consumer prices; economy-wide and not AI-specific.
2024-01-01,Real hourly compensation,107.023,PRS85006153,Index,Index 2017=100,BLS Labor Productivity and Costs,Hourly compensation adjusted for consumer prices; economy-wide and not AI-specific.
2024-04-01,Real hourly compensation,107.558,PRS85006153,Index,Index 2017=100,BLS Labor Productivity and Costs,Hourly compensation adjusted for consumer prices; economy-wide and not AI-specific.
2024-07-01,Real hourly compensation,108.48,PRS85006153,Index,Index 2017=100,BLS Labor Productivity and Costs,Hourly compensation adjusted for consumer prices; economy-wide and not AI-specific.
2024-10-01,Real hourly compensation,108.781,PRS85006153,Index,Index 2017=100,BLS Labor Productivity and Costs,Hourly compensation adjusted for consumer prices; economy-wide and not AI-specific.
2025-01-01,Real hourly compensation,109.465,PRS85006153,Index,Index 2017=100,BLS Labor Productivity and Costs,Hourly compensation adjusted for consumer prices; economy-wide and not AI-specific.
2025-04-01,Real hourly compensation,109.337,PRS85006153,Index,Index 2017=100,BLS Labor Productivity and Costs,Hourly compensation adjusted for consumer prices; economy-wide and not AI-specific.
2025-07-01,Real hourly compensation,110.158,PRS85006153,Index,Index 2017=100,BLS Labor Productivity and Costs,Hourly compensation adjusted for consumer prices; economy-wide and not AI-specific.
2025-10-01,Real hourly compensation,110.486,PRS85006153,Index,Index 2017=100,BLS Labor Productivity and Costs,Hourly compensation adjusted for consumer prices; economy-wide and not AI-specific.
2026-01-01,Real hourly compensation,110.104,PRS85006153,Index,Index 2017=100,BLS Labor Productivity and Costs,Hourly compensation adjusted for consumer prices; economy-wide and not AI-specific.
2020-01-01,Labor share,102.159,PRS85006173,Index,Index 2017=100,BLS Labor Productivity and Costs,"Labor compensation as a share of current-dollar output; an index, not a percentage-point share."
2020-04-01,Labor share,104.195,PRS85006173,Index,Index 2017=100,BLS Labor Productivity and Costs,"Labor compensation as a share of current-dollar output; an index, not a percentage-point share."
2020-07-01,Labor share,100.005,PRS85006173,Index,Index 2017=100,BLS Labor Productivity and Costs,"Labor compensation as a share of current-dollar output; an index, not a percentage-point share."
2020-10-01,Labor share,102.798,PRS85006173,Index,Index 2017=100,BLS Labor Productivity and Costs,"Labor compensation as a share of current-dollar output; an index, not a percentage-point share."
2021-01-01,Labor share,100.601,PRS85006173,Index,Index 2017=100,BLS Labor Productivity and Costs,"Labor compensation as a share of current-dollar output; an index, not a percentage-point share."
2021-04-01,Labor share,100.417,PRS85006173,Index,Index 2017=100,BLS Labor Productivity and Costs,"Labor compensation as a share of current-dollar output; an index, not a percentage-point share."
2021-07-01,Labor share,100.748,PRS85006173,Index,Index 2017=100,BLS Labor Productivity and Costs,"Labor compensation as a share of current-dollar output; an index, not a percentage-point share."
2021-10-01,Labor share,99.573,PRS85006173,Index,Index 2017=100,BLS Labor Productivity and Costs,"Labor compensation as a share of current-dollar output; an index, not a percentage-point share."
2022-01-01,Labor share,99.12,PRS85006173,Index,Index 2017=100,BLS Labor Productivity and Costs,"Labor compensation as a share of current-dollar output; an index, not a percentage-point share."
2022-04-01,Labor share,97.499,PRS85006173,Index,Index 2017=100,BLS Labor Productivity and Costs,"Labor compensation as a share of current-dollar output; an index, not a percentage-point share."
2022-07-01,Labor share,98.166,PRS85006173,Index,Index 2017=100,BLS Labor Productivity and Costs,"Labor compensation as a share of current-dollar output; an index, not a percentage-point share."
2022-10-01,Labor share,96.9,PRS85006173,Index,Index 2017=100,BLS Labor Productivity and Costs,"Labor compensation as a share of current-dollar output; an index, not a percentage-point share."
2023-01-01,Labor share,96.555,PRS85006173,Index,Index 2017=100,BLS Labor Productivity and Costs,"Labor compensation as a share of current-dollar output; an index, not a percentage-point share."
2023-04-01,Labor share,96.709,PRS85006173,Index,Index 2017=100,BLS Labor Productivity and Costs,"Labor compensation as a share of current-dollar output; an index, not a percentage-point share."
2023-07-01,Labor share,96.251,PRS85006173,Index,Index 2017=100,BLS Labor Productivity and Costs,"Labor compensation as a share of current-dollar output; an index, not a percentage-point share."
2023-10-01,Labor share,96.224,PRS85006173,Index,Index 2017=100,BLS Labor Productivity and Costs,"Labor compensation as a share of current-dollar output; an index, not a percentage-point share."
2024-01-01,Labor share,96.882,PRS85006173,Index,Index 2017=100,BLS Labor Productivity and Costs,"Labor compensation as a share of current-dollar output; an index, not a percentage-point share."
2024-04-01,Labor share,96.602,PRS85006173,Index,Index 2017=100,BLS Labor Productivity and Costs,"Labor compensation as a share of current-dollar output; an index, not a percentage-point share."
2024-07-01,Labor share,96.657,PRS85006173,Index,Index 2017=100,BLS Labor Productivity and Costs,"Labor compensation as a share of current-dollar output; an index, not a percentage-point share."
2024-10-01,Labor share,96.94,PRS85006173,Index,Index 2017=100,BLS Labor Productivity and Costs,"Labor compensation as a share of current-dollar output; an index, not a percentage-point share."
2025-01-01,Labor share,97.871,PRS85006173,Index,Index 2017=100,BLS Labor Productivity and Costs,"Labor compensation as a share of current-dollar output; an index, not a percentage-point share."
2025-04-01,Labor share,96.723,PRS85006173,Index,Index 2017=100,BLS Labor Productivity and Costs,"Labor compensation as a share of current-dollar output; an index, not a percentage-point share."
2025-07-01,Labor share,95.999,PRS85006173,Index,Index 2017=100,BLS Labor Productivity and Costs,"Labor compensation as a share of current-dollar output; an index, not a percentage-point share."
2025-10-01,Labor share,95.727,PRS85006173,Index,Index 2017=100,BLS Labor Productivity and Costs,"Labor compensation as a share of current-dollar output; an index, not a percentage-point share."
2026-01-01,Labor share,94.843,PRS85006173,Index,Index 2017=100,BLS Labor Productivity and Costs,"Labor compensation as a share of current-dollar output; an index, not a percentage-point share."
2026-04-01,Labor share,93.547,PRS85006173,Index,Index 2017=100,BLS Labor Productivity and Costs,"Labor compensation as a share of current-dollar output; an index, not a percentage-point share."
