Date,Series,Metric,Value,Unit,Series ID,sector_name,measure_text,Source
2020-01-01,Manufacturing — Real value-added output,Year-over-year change,-4.0,percent,PRS30006041,Manufacturing,Real value-added output,BLS Labor Productivity and Costs
2020-04-01,Manufacturing — Real value-added output,Year-over-year change,-16.0,percent,PRS30006041,Manufacturing,Real value-added output,BLS Labor Productivity and Costs
2020-07-01,Manufacturing — Real value-added output,Year-over-year change,-6.1,percent,PRS30006041,Manufacturing,Real value-added output,BLS Labor Productivity and Costs
2020-10-01,Manufacturing — Real value-added output,Year-over-year change,-3.5,percent,PRS30006041,Manufacturing,Real value-added output,BLS Labor Productivity and Costs
2021-01-01,Manufacturing — Real value-added output,Year-over-year change,-1.8,percent,PRS30006041,Manufacturing,Real value-added output,BLS Labor Productivity and Costs
2021-04-01,Manufacturing — Real value-added output,Year-over-year change,15.3,percent,PRS30006041,Manufacturing,Real value-added output,BLS Labor Productivity and Costs
2021-07-01,Manufacturing — Real value-added output,Year-over-year change,4.3,percent,PRS30006041,Manufacturing,Real value-added output,BLS Labor Productivity and Costs
2021-10-01,Manufacturing — Real value-added output,Year-over-year change,3.4,percent,PRS30006041,Manufacturing,Real value-added output,BLS Labor Productivity and Costs
2022-01-01,Manufacturing — Real value-added output,Year-over-year change,3.8,percent,PRS30006041,Manufacturing,Real value-added output,BLS Labor Productivity and Costs
2022-04-01,Manufacturing — Real value-added output,Year-over-year change,2.5,percent,PRS30006041,Manufacturing,Real value-added output,BLS Labor Productivity and Costs
2022-07-01,Manufacturing — Real value-added output,Year-over-year change,1.6,percent,PRS30006041,Manufacturing,Real value-added output,BLS Labor Productivity and Costs
2022-10-01,Manufacturing — Real value-added output,Year-over-year change,-0.2,percent,PRS30006041,Manufacturing,Real value-added output,BLS Labor Productivity and Costs
2023-01-01,Manufacturing — Real value-added output,Year-over-year change,-0.4,percent,PRS30006041,Manufacturing,Real value-added output,BLS Labor Productivity and Costs
2023-04-01,Manufacturing — Real value-added output,Year-over-year change,-0.6,percent,PRS30006041,Manufacturing,Real value-added output,BLS Labor Productivity and Costs
2023-07-01,Manufacturing — Real value-added output,Year-over-year change,-0.6,percent,PRS30006041,Manufacturing,Real value-added output,BLS Labor Productivity and Costs
2023-10-01,Manufacturing — Real value-added output,Year-over-year change,-0.1,percent,PRS30006041,Manufacturing,Real value-added output,BLS Labor Productivity and Costs
2024-01-01,Manufacturing — Real value-added output,Year-over-year change,-0.7,percent,PRS30006041,Manufacturing,Real value-added output,BLS Labor Productivity and Costs
2024-04-01,Manufacturing — Real value-added output,Year-over-year change,-0.6,percent,PRS30006041,Manufacturing,Real value-added output,BLS Labor Productivity and Costs
2024-07-01,Manufacturing — Real value-added output,Year-over-year change,-1.0,percent,PRS30006041,Manufacturing,Real value-added output,BLS Labor Productivity and Costs
2024-10-01,Manufacturing — Real value-added output,Year-over-year change,-1.4,percent,PRS30006041,Manufacturing,Real value-added output,BLS Labor Productivity and Costs
2025-01-01,Manufacturing — Real value-added output,Year-over-year change,0.1,percent,PRS30006041,Manufacturing,Real value-added output,BLS Labor Productivity and Costs
2025-04-01,Manufacturing — Real value-added output,Year-over-year change,0.5,percent,PRS30006041,Manufacturing,Real value-added output,BLS Labor Productivity and Costs
2025-07-01,Manufacturing — Real value-added output,Year-over-year change,1.8,percent,PRS30006041,Manufacturing,Real value-added output,BLS Labor Productivity and Costs
2025-10-01,Manufacturing — Real value-added output,Year-over-year change,1.4,percent,PRS30006041,Manufacturing,Real value-added output,BLS Labor Productivity and Costs
2026-01-01,Manufacturing — Real value-added output,Year-over-year change,0.9,percent,PRS30006041,Manufacturing,Real value-added output,BLS Labor Productivity and Costs
2026-04-01,Manufacturing — Real value-added output,Year-over-year change,1.3,percent,PRS30006041,Manufacturing,Real value-added output,BLS Labor Productivity and Costs
2020-01-01,Manufacturing — Labor productivity (output per hour),Year-over-year change,-1.9,percent,PRS30006091,Manufacturing,Labor productivity (output per hour),BLS Labor Productivity and Costs
2020-04-01,Manufacturing — Labor productivity (output per hour),Year-over-year change,-2.6,percent,PRS30006091,Manufacturing,Labor productivity (output per hour),BLS Labor Productivity and Costs
2020-07-01,Manufacturing — Labor productivity (output per hour),Year-over-year change,2.0,percent,PRS30006091,Manufacturing,Labor productivity (output per hour),BLS Labor Productivity and Costs
2020-10-01,Manufacturing — Labor productivity (output per hour),Year-over-year change,2.0,percent,PRS30006091,Manufacturing,Labor productivity (output per hour),BLS Labor Productivity and Costs
2021-01-01,Manufacturing — Labor productivity (output per hour),Year-over-year change,1.8,percent,PRS30006091,Manufacturing,Labor productivity (output per hour),BLS Labor Productivity and Costs
2021-04-01,Manufacturing — Labor productivity (output per hour),Year-over-year change,4.9,percent,PRS30006091,Manufacturing,Labor productivity (output per hour),BLS Labor Productivity and Costs
2021-07-01,Manufacturing — Labor productivity (output per hour),Year-over-year change,0.4,percent,PRS30006091,Manufacturing,Labor productivity (output per hour),BLS Labor Productivity and Costs
2021-10-01,Manufacturing — Labor productivity (output per hour),Year-over-year change,0.0,percent,PRS30006091,Manufacturing,Labor productivity (output per hour),BLS Labor Productivity and Costs
2022-01-01,Manufacturing — Labor productivity (output per hour),Year-over-year change,-0.8,percent,PRS30006091,Manufacturing,Labor productivity (output per hour),BLS Labor Productivity and Costs
2022-04-01,Manufacturing — Labor productivity (output per hour),Year-over-year change,-2.2,percent,PRS30006091,Manufacturing,Labor productivity (output per hour),BLS Labor Productivity and Costs
2022-07-01,Manufacturing — Labor productivity (output per hour),Year-over-year change,-2.8,percent,PRS30006091,Manufacturing,Labor productivity (output per hour),BLS Labor Productivity and Costs
2022-10-01,Manufacturing — Labor productivity (output per hour),Year-over-year change,-2.8,percent,PRS30006091,Manufacturing,Labor productivity (output per hour),BLS Labor Productivity and Costs
2023-01-01,Manufacturing — Labor productivity (output per hour),Year-over-year change,-1.8,percent,PRS30006091,Manufacturing,Labor productivity (output per hour),BLS Labor Productivity and Costs
2023-04-01,Manufacturing — Labor productivity (output per hour),Year-over-year change,-0.7,percent,PRS30006091,Manufacturing,Labor productivity (output per hour),BLS Labor Productivity and Costs
2023-07-01,Manufacturing — Labor productivity (output per hour),Year-over-year change,0.1,percent,PRS30006091,Manufacturing,Labor productivity (output per hour),BLS Labor Productivity and Costs
2023-10-01,Manufacturing — Labor productivity (output per hour),Year-over-year change,1.4,percent,PRS30006091,Manufacturing,Labor productivity (output per hour),BLS Labor Productivity and Costs
2024-01-01,Manufacturing — Labor productivity (output per hour),Year-over-year change,1.1,percent,PRS30006091,Manufacturing,Labor productivity (output per hour),BLS Labor Productivity and Costs
2024-04-01,Manufacturing — Labor productivity (output per hour),Year-over-year change,0.2,percent,PRS30006091,Manufacturing,Labor productivity (output per hour),BLS Labor Productivity and Costs
2024-07-01,Manufacturing — Labor productivity (output per hour),Year-over-year change,0.4,percent,PRS30006091,Manufacturing,Labor productivity (output per hour),BLS Labor Productivity and Costs
2024-10-01,Manufacturing — Labor productivity (output per hour),Year-over-year change,-0.2,percent,PRS30006091,Manufacturing,Labor productivity (output per hour),BLS Labor Productivity and Costs
2025-01-01,Manufacturing — Labor productivity (output per hour),Year-over-year change,1.2,percent,PRS30006091,Manufacturing,Labor productivity (output per hour),BLS Labor Productivity and Costs
2025-04-01,Manufacturing — Labor productivity (output per hour),Year-over-year change,1.8,percent,PRS30006091,Manufacturing,Labor productivity (output per hour),BLS Labor Productivity and Costs
2025-07-01,Manufacturing — Labor productivity (output per hour),Year-over-year change,2.8,percent,PRS30006091,Manufacturing,Labor productivity (output per hour),BLS Labor Productivity and Costs
2025-10-01,Manufacturing — Labor productivity (output per hour),Year-over-year change,1.8,percent,PRS30006091,Manufacturing,Labor productivity (output per hour),BLS Labor Productivity and Costs
2026-01-01,Manufacturing — Labor productivity (output per hour),Year-over-year change,1.2,percent,PRS30006091,Manufacturing,Labor productivity (output per hour),BLS Labor Productivity and Costs
2026-04-01,Manufacturing — Labor productivity (output per hour),Year-over-year change,0.9,percent,PRS30006091,Manufacturing,Labor productivity (output per hour),BLS Labor Productivity and Costs
2020-01-01,Manufacturing — Labor productivity (output per hour),Index,97.168,index 2017=100,PRS30006093,Manufacturing,Labor productivity (output per hour),BLS Labor Productivity and Costs
2020-04-01,Manufacturing — Labor productivity (output per hour),Index,95.515,index 2017=100,PRS30006093,Manufacturing,Labor productivity (output per hour),BLS Labor Productivity and Costs
2020-07-01,Manufacturing — Labor productivity (output per hour),Index,99.302,index 2017=100,PRS30006093,Manufacturing,Labor productivity (output per hour),BLS Labor Productivity and Costs
2020-10-01,Manufacturing — Labor productivity (output per hour),Index,99.094,index 2017=100,PRS30006093,Manufacturing,Labor productivity (output per hour),BLS Labor Productivity and Costs
2021-01-01,Manufacturing — Labor productivity (output per hour),Index,98.875,index 2017=100,PRS30006093,Manufacturing,Labor productivity (output per hour),BLS Labor Productivity and Costs
2021-04-01,Manufacturing — Labor productivity (output per hour),Index,100.216,index 2017=100,PRS30006093,Manufacturing,Labor productivity (output per hour),BLS Labor Productivity and Costs
2021-07-01,Manufacturing — Labor productivity (output per hour),Index,99.744,index 2017=100,PRS30006093,Manufacturing,Labor productivity (output per hour),BLS Labor Productivity and Costs
2021-10-01,Manufacturing — Labor productivity (output per hour),Index,99.065,index 2017=100,PRS30006093,Manufacturing,Labor productivity (output per hour),BLS Labor Productivity and Costs
2022-01-01,Manufacturing — Labor productivity (output per hour),Index,98.075,index 2017=100,PRS30006093,Manufacturing,Labor productivity (output per hour),BLS Labor Productivity and Costs
2022-04-01,Manufacturing — Labor productivity (output per hour),Index,98.029,index 2017=100,PRS30006093,Manufacturing,Labor productivity (output per hour),BLS Labor Productivity and Costs
2022-07-01,Manufacturing — Labor productivity (output per hour),Index,96.992,index 2017=100,PRS30006093,Manufacturing,Labor productivity (output per hour),BLS Labor Productivity and Costs
2022-10-01,Manufacturing — Labor productivity (output per hour),Index,96.309,index 2017=100,PRS30006093,Manufacturing,Labor productivity (output per hour),BLS Labor Productivity and Costs
2023-01-01,Manufacturing — Labor productivity (output per hour),Index,96.293,index 2017=100,PRS30006093,Manufacturing,Labor productivity (output per hour),BLS Labor Productivity and Costs
2023-04-01,Manufacturing — Labor productivity (output per hour),Index,97.361,index 2017=100,PRS30006093,Manufacturing,Labor productivity (output per hour),BLS Labor Productivity and Costs
2023-07-01,Manufacturing — Labor productivity (output per hour),Index,97.106,index 2017=100,PRS30006093,Manufacturing,Labor productivity (output per hour),BLS Labor Productivity and Costs
2023-10-01,Manufacturing — Labor productivity (output per hour),Index,97.696,index 2017=100,PRS30006093,Manufacturing,Labor productivity (output per hour),BLS Labor Productivity and Costs
2024-01-01,Manufacturing — Labor productivity (output per hour),Index,97.371,index 2017=100,PRS30006093,Manufacturing,Labor productivity (output per hour),BLS Labor Productivity and Costs
2024-04-01,Manufacturing — Labor productivity (output per hour),Index,97.597,index 2017=100,PRS30006093,Manufacturing,Labor productivity (output per hour),BLS Labor Productivity and Costs
2024-07-01,Manufacturing — Labor productivity (output per hour),Index,97.468,index 2017=100,PRS30006093,Manufacturing,Labor productivity (output per hour),BLS Labor Productivity and Costs
2024-10-01,Manufacturing — Labor productivity (output per hour),Index,97.459,index 2017=100,PRS30006093,Manufacturing,Labor productivity (output per hour),BLS Labor Productivity and Costs
2025-01-01,Manufacturing — Labor productivity (output per hour),Index,98.545,index 2017=100,PRS30006093,Manufacturing,Labor productivity (output per hour),BLS Labor Productivity and Costs
2025-04-01,Manufacturing — Labor productivity (output per hour),Index,99.311,index 2017=100,PRS30006093,Manufacturing,Labor productivity (output per hour),BLS Labor Productivity and Costs
2025-07-01,Manufacturing — Labor productivity (output per hour),Index,100.163,index 2017=100,PRS30006093,Manufacturing,Labor productivity (output per hour),BLS Labor Productivity and Costs
2025-10-01,Manufacturing — Labor productivity (output per hour),Index,99.278,index 2017=100,PRS30006093,Manufacturing,Labor productivity (output per hour),BLS Labor Productivity and Costs
2026-01-01,Manufacturing — Labor productivity (output per hour),Index,100.072,index 2017=100,PRS30006093,Manufacturing,Labor productivity (output per hour),BLS Labor Productivity and Costs
2020-01-01,Manufacturing — Hourly compensation,Year-over-year change,3.4,percent,PRS30006101,Manufacturing,Hourly compensation,BLS Labor Productivity and Costs
2020-04-01,Manufacturing — Hourly compensation,Year-over-year change,10.1,percent,PRS30006101,Manufacturing,Hourly compensation,BLS Labor Productivity and Costs
2020-07-01,Manufacturing — Hourly compensation,Year-over-year change,6.7,percent,PRS30006101,Manufacturing,Hourly compensation,BLS Labor Productivity and Costs
2020-10-01,Manufacturing — Hourly compensation,Year-over-year change,6.2,percent,PRS30006101,Manufacturing,Hourly compensation,BLS Labor Productivity and Costs
2021-01-01,Manufacturing — Hourly compensation,Year-over-year change,4.6,percent,PRS30006101,Manufacturing,Hourly compensation,BLS Labor Productivity and Costs
2021-04-01,Manufacturing — Hourly compensation,Year-over-year change,-0.5,percent,PRS30006101,Manufacturing,Hourly compensation,BLS Labor Productivity and Costs
2021-07-01,Manufacturing — Hourly compensation,Year-over-year change,2.6,percent,PRS30006101,Manufacturing,Hourly compensation,BLS Labor Productivity and Costs
2021-10-01,Manufacturing — Hourly compensation,Year-over-year change,2.4,percent,PRS30006101,Manufacturing,Hourly compensation,BLS Labor Productivity and Costs
2022-01-01,Manufacturing — Hourly compensation,Year-over-year change,2.6,percent,PRS30006101,Manufacturing,Hourly compensation,BLS Labor Productivity and Costs
2022-04-01,Manufacturing — Hourly compensation,Year-over-year change,1.7,percent,PRS30006101,Manufacturing,Hourly compensation,BLS Labor Productivity and Costs
2022-07-01,Manufacturing — Hourly compensation,Year-over-year change,3.9,percent,PRS30006101,Manufacturing,Hourly compensation,BLS Labor Productivity and Costs
2022-10-01,Manufacturing — Hourly compensation,Year-over-year change,2.3,percent,PRS30006101,Manufacturing,Hourly compensation,BLS Labor Productivity and Costs
2023-01-01,Manufacturing — Hourly compensation,Year-over-year change,2.6,percent,PRS30006101,Manufacturing,Hourly compensation,BLS Labor Productivity and Costs
2023-04-01,Manufacturing — Hourly compensation,Year-over-year change,4.4,percent,PRS30006101,Manufacturing,Hourly compensation,BLS Labor Productivity and Costs
2023-07-01,Manufacturing — Hourly compensation,Year-over-year change,4.2,percent,PRS30006101,Manufacturing,Hourly compensation,BLS Labor Productivity and Costs
2023-10-01,Manufacturing — Hourly compensation,Year-over-year change,6.0,percent,PRS30006101,Manufacturing,Hourly compensation,BLS Labor Productivity and Costs
2024-01-01,Manufacturing — Hourly compensation,Year-over-year change,6.2,percent,PRS30006101,Manufacturing,Hourly compensation,BLS Labor Productivity and Costs
2024-04-01,Manufacturing — Hourly compensation,Year-over-year change,5.2,percent,PRS30006101,Manufacturing,Hourly compensation,BLS Labor Productivity and Costs
2024-07-01,Manufacturing — Hourly compensation,Year-over-year change,5.0,percent,PRS30006101,Manufacturing,Hourly compensation,BLS Labor Productivity and Costs
2024-10-01,Manufacturing — Hourly compensation,Year-over-year change,3.9,percent,PRS30006101,Manufacturing,Hourly compensation,BLS Labor Productivity and Costs
2025-01-01,Manufacturing — Hourly compensation,Year-over-year change,4.3,percent,PRS30006101,Manufacturing,Hourly compensation,BLS Labor Productivity and Costs
2025-04-01,Manufacturing — Hourly compensation,Year-over-year change,4.1,percent,PRS30006101,Manufacturing,Hourly compensation,BLS Labor Productivity and Costs
2025-07-01,Manufacturing — Hourly compensation,Year-over-year change,4.2,percent,PRS30006101,Manufacturing,Hourly compensation,BLS Labor Productivity and Costs
2025-10-01,Manufacturing — Hourly compensation,Year-over-year change,4.8,percent,PRS30006101,Manufacturing,Hourly compensation,BLS Labor Productivity and Costs
2026-01-01,Manufacturing — Hourly compensation,Year-over-year change,5.0,percent,PRS30006101,Manufacturing,Hourly compensation,BLS Labor Productivity and Costs
2026-04-01,Manufacturing — Hourly compensation,Year-over-year change,4.5,percent,PRS30006101,Manufacturing,Hourly compensation,BLS Labor Productivity and Costs
2020-01-01,Manufacturing — Hourly compensation,Index,108.134,index 2017=100,PRS30006103,Manufacturing,Hourly compensation,BLS Labor Productivity and Costs
2020-04-01,Manufacturing — Hourly compensation,Index,115.157,index 2017=100,PRS30006103,Manufacturing,Hourly compensation,BLS Labor Productivity and Costs
2020-07-01,Manufacturing — Hourly compensation,Index,111.137,index 2017=100,PRS30006103,Manufacturing,Hourly compensation,BLS Labor Productivity and Costs
2020-10-01,Manufacturing — Hourly compensation,Index,113.084,index 2017=100,PRS30006103,Manufacturing,Hourly compensation,BLS Labor Productivity and Costs
2021-01-01,Manufacturing — Hourly compensation,Index,113.119,index 2017=100,PRS30006103,Manufacturing,Hourly compensation,BLS Labor Productivity and Costs
2021-04-01,Manufacturing — Hourly compensation,Index,114.57,index 2017=100,PRS30006103,Manufacturing,Hourly compensation,BLS Labor Productivity and Costs
2021-07-01,Manufacturing — Hourly compensation,Index,114.079,index 2017=100,PRS30006103,Manufacturing,Hourly compensation,BLS Labor Productivity and Costs
2021-10-01,Manufacturing — Hourly compensation,Index,115.786,index 2017=100,PRS30006103,Manufacturing,Hourly compensation,BLS Labor Productivity and Costs
2022-01-01,Manufacturing — Hourly compensation,Index,116.079,index 2017=100,PRS30006103,Manufacturing,Hourly compensation,BLS Labor Productivity and Costs
2022-04-01,Manufacturing — Hourly compensation,Index,116.548,index 2017=100,PRS30006103,Manufacturing,Hourly compensation,BLS Labor Productivity and Costs
2022-07-01,Manufacturing — Hourly compensation,Index,118.476,index 2017=100,PRS30006103,Manufacturing,Hourly compensation,BLS Labor Productivity and Costs
2022-10-01,Manufacturing — Hourly compensation,Index,118.411,index 2017=100,PRS30006103,Manufacturing,Hourly compensation,BLS Labor Productivity and Costs
2023-01-01,Manufacturing — Hourly compensation,Index,119.065,index 2017=100,PRS30006103,Manufacturing,Hourly compensation,BLS Labor Productivity and Costs
2023-04-01,Manufacturing — Hourly compensation,Index,121.7,index 2017=100,PRS30006103,Manufacturing,Hourly compensation,BLS Labor Productivity and Costs
2023-07-01,Manufacturing — Hourly compensation,Index,123.458,index 2017=100,PRS30006103,Manufacturing,Hourly compensation,BLS Labor Productivity and Costs
2023-10-01,Manufacturing — Hourly compensation,Index,125.533,index 2017=100,PRS30006103,Manufacturing,Hourly compensation,BLS Labor Productivity and Costs
2024-01-01,Manufacturing — Hourly compensation,Index,126.47,index 2017=100,PRS30006103,Manufacturing,Hourly compensation,BLS Labor Productivity and Costs
2024-04-01,Manufacturing — Hourly compensation,Index,128.052,index 2017=100,PRS30006103,Manufacturing,Hourly compensation,BLS Labor Productivity and Costs
2024-07-01,Manufacturing — Hourly compensation,Index,129.609,index 2017=100,PRS30006103,Manufacturing,Hourly compensation,BLS Labor Productivity and Costs
2024-10-01,Manufacturing — Hourly compensation,Index,130.415,index 2017=100,PRS30006103,Manufacturing,Hourly compensation,BLS Labor Productivity and Costs
2025-01-01,Manufacturing — Hourly compensation,Index,131.873,index 2017=100,PRS30006103,Manufacturing,Hourly compensation,BLS Labor Productivity and Costs
2025-04-01,Manufacturing — Hourly compensation,Index,133.256,index 2017=100,PRS30006103,Manufacturing,Hourly compensation,BLS Labor Productivity and Costs
2025-07-01,Manufacturing — Hourly compensation,Index,135.006,index 2017=100,PRS30006103,Manufacturing,Hourly compensation,BLS Labor Productivity and Costs
2025-10-01,Manufacturing — Hourly compensation,Index,136.663,index 2017=100,PRS30006103,Manufacturing,Hourly compensation,BLS Labor Productivity and Costs
2026-01-01,Manufacturing — Hourly compensation,Index,138.516,index 2017=100,PRS30006103,Manufacturing,Hourly compensation,BLS Labor Productivity and Costs
2020-01-01,Manufacturing — Unit labor costs,Year-over-year change,5.4,percent,PRS30006111,Manufacturing,Unit labor costs,BLS Labor Productivity and Costs
2020-04-01,Manufacturing — Unit labor costs,Year-over-year change,13.0,percent,PRS30006111,Manufacturing,Unit labor costs,BLS Labor Productivity and Costs
2020-07-01,Manufacturing — Unit labor costs,Year-over-year change,4.6,percent,PRS30006111,Manufacturing,Unit labor costs,BLS Labor Productivity and Costs
2020-10-01,Manufacturing — Unit labor costs,Year-over-year change,4.2,percent,PRS30006111,Manufacturing,Unit labor costs,BLS Labor Productivity and Costs
2021-01-01,Manufacturing — Unit labor costs,Year-over-year change,2.8,percent,PRS30006111,Manufacturing,Unit labor costs,BLS Labor Productivity and Costs
2021-04-01,Manufacturing — Unit labor costs,Year-over-year change,-5.2,percent,PRS30006111,Manufacturing,Unit labor costs,BLS Labor Productivity and Costs
2021-07-01,Manufacturing — Unit labor costs,Year-over-year change,2.2,percent,PRS30006111,Manufacturing,Unit labor costs,BLS Labor Productivity and Costs
2021-10-01,Manufacturing — Unit labor costs,Year-over-year change,2.4,percent,PRS30006111,Manufacturing,Unit labor costs,BLS Labor Productivity and Costs
2022-01-01,Manufacturing — Unit labor costs,Year-over-year change,3.5,percent,PRS30006111,Manufacturing,Unit labor costs,BLS Labor Productivity and Costs
2022-04-01,Manufacturing — Unit labor costs,Year-over-year change,4.0,percent,PRS30006111,Manufacturing,Unit labor costs,BLS Labor Productivity and Costs
2022-07-01,Manufacturing — Unit labor costs,Year-over-year change,6.8,percent,PRS30006111,Manufacturing,Unit labor costs,BLS Labor Productivity and Costs
2022-10-01,Manufacturing — Unit labor costs,Year-over-year change,5.2,percent,PRS30006111,Manufacturing,Unit labor costs,BLS Labor Productivity and Costs
2023-01-01,Manufacturing — Unit labor costs,Year-over-year change,4.5,percent,PRS30006111,Manufacturing,Unit labor costs,BLS Labor Productivity and Costs
2023-04-01,Manufacturing — Unit labor costs,Year-over-year change,5.1,percent,PRS30006111,Manufacturing,Unit labor costs,BLS Labor Productivity and Costs
2023-07-01,Manufacturing — Unit labor costs,Year-over-year change,4.1,percent,PRS30006111,Manufacturing,Unit labor costs,BLS Labor Productivity and Costs
2023-10-01,Manufacturing — Unit labor costs,Year-over-year change,4.5,percent,PRS30006111,Manufacturing,Unit labor costs,BLS Labor Productivity and Costs
2024-01-01,Manufacturing — Unit labor costs,Year-over-year change,5.0,percent,PRS30006111,Manufacturing,Unit labor costs,BLS Labor Productivity and Costs
2024-04-01,Manufacturing — Unit labor costs,Year-over-year change,5.0,percent,PRS30006111,Manufacturing,Unit labor costs,BLS Labor Productivity and Costs
2024-07-01,Manufacturing — Unit labor costs,Year-over-year change,4.6,percent,PRS30006111,Manufacturing,Unit labor costs,BLS Labor Productivity and Costs
2024-10-01,Manufacturing — Unit labor costs,Year-over-year change,4.1,percent,PRS30006111,Manufacturing,Unit labor costs,BLS Labor Productivity and Costs
2025-01-01,Manufacturing — Unit labor costs,Year-over-year change,3.0,percent,PRS30006111,Manufacturing,Unit labor costs,BLS Labor Productivity and Costs
2025-04-01,Manufacturing — Unit labor costs,Year-over-year change,2.3,percent,PRS30006111,Manufacturing,Unit labor costs,BLS Labor Productivity and Costs
2025-07-01,Manufacturing — Unit labor costs,Year-over-year change,1.4,percent,PRS30006111,Manufacturing,Unit labor costs,BLS Labor Productivity and Costs
2025-10-01,Manufacturing — Unit labor costs,Year-over-year change,2.9,percent,PRS30006111,Manufacturing,Unit labor costs,BLS Labor Productivity and Costs
2026-01-01,Manufacturing — Unit labor costs,Year-over-year change,3.8,percent,PRS30006111,Manufacturing,Unit labor costs,BLS Labor Productivity and Costs
2026-04-01,Manufacturing — Unit labor costs,Year-over-year change,3.5,percent,PRS30006111,Manufacturing,Unit labor costs,BLS Labor Productivity and Costs
2020-01-01,Manufacturing — Unit labor costs,Index,111.286,index 2017=100,PRS30006113,Manufacturing,Unit labor costs,BLS Labor Productivity and Costs
2020-04-01,Manufacturing — Unit labor costs,Index,120.565,index 2017=100,PRS30006113,Manufacturing,Unit labor costs,BLS Labor Productivity and Costs
2020-07-01,Manufacturing — Unit labor costs,Index,111.918,index 2017=100,PRS30006113,Manufacturing,Unit labor costs,BLS Labor Productivity and Costs
2020-10-01,Manufacturing — Unit labor costs,Index,114.118,index 2017=100,PRS30006113,Manufacturing,Unit labor costs,BLS Labor Productivity and Costs
2021-01-01,Manufacturing — Unit labor costs,Index,114.407,index 2017=100,PRS30006113,Manufacturing,Unit labor costs,BLS Labor Productivity and Costs
2021-04-01,Manufacturing — Unit labor costs,Index,114.324,index 2017=100,PRS30006113,Manufacturing,Unit labor costs,BLS Labor Productivity and Costs
2021-07-01,Manufacturing — Unit labor costs,Index,114.372,index 2017=100,PRS30006113,Manufacturing,Unit labor costs,BLS Labor Productivity and Costs
2021-10-01,Manufacturing — Unit labor costs,Index,116.879,index 2017=100,PRS30006113,Manufacturing,Unit labor costs,BLS Labor Productivity and Costs
2022-01-01,Manufacturing — Unit labor costs,Index,118.357,index 2017=100,PRS30006113,Manufacturing,Unit labor costs,BLS Labor Productivity and Costs
2022-04-01,Manufacturing — Unit labor costs,Index,118.891,index 2017=100,PRS30006113,Manufacturing,Unit labor costs,BLS Labor Productivity and Costs
2022-07-01,Manufacturing — Unit labor costs,Index,122.149,index 2017=100,PRS30006113,Manufacturing,Unit labor costs,BLS Labor Productivity and Costs
2022-10-01,Manufacturing — Unit labor costs,Index,122.949,index 2017=100,PRS30006113,Manufacturing,Unit labor costs,BLS Labor Productivity and Costs
2023-01-01,Manufacturing — Unit labor costs,Index,123.648,index 2017=100,PRS30006113,Manufacturing,Unit labor costs,BLS Labor Productivity and Costs
2023-04-01,Manufacturing — Unit labor costs,Index,124.999,index 2017=100,PRS30006113,Manufacturing,Unit labor costs,BLS Labor Productivity and Costs
2023-07-01,Manufacturing — Unit labor costs,Index,127.137,index 2017=100,PRS30006113,Manufacturing,Unit labor costs,BLS Labor Productivity and Costs
2023-10-01,Manufacturing — Unit labor costs,Index,128.493,index 2017=100,PRS30006113,Manufacturing,Unit labor costs,BLS Labor Productivity and Costs
2024-01-01,Manufacturing — Unit labor costs,Index,129.884,index 2017=100,PRS30006113,Manufacturing,Unit labor costs,BLS Labor Productivity and Costs
2024-04-01,Manufacturing — Unit labor costs,Index,131.205,index 2017=100,PRS30006113,Manufacturing,Unit labor costs,BLS Labor Productivity and Costs
2024-07-01,Manufacturing — Unit labor costs,Index,132.976,index 2017=100,PRS30006113,Manufacturing,Unit labor costs,BLS Labor Productivity and Costs
2024-10-01,Manufacturing — Unit labor costs,Index,133.815,index 2017=100,PRS30006113,Manufacturing,Unit labor costs,BLS Labor Productivity and Costs
2025-01-01,Manufacturing — Unit labor costs,Index,133.819,index 2017=100,PRS30006113,Manufacturing,Unit labor costs,BLS Labor Productivity and Costs
2025-04-01,Manufacturing — Unit labor costs,Index,134.18,index 2017=100,PRS30006113,Manufacturing,Unit labor costs,BLS Labor Productivity and Costs
2025-07-01,Manufacturing — Unit labor costs,Index,134.786,index 2017=100,PRS30006113,Manufacturing,Unit labor costs,BLS Labor Productivity and Costs
2025-10-01,Manufacturing — Unit labor costs,Index,137.656,index 2017=100,PRS30006113,Manufacturing,Unit labor costs,BLS Labor Productivity and Costs
2026-01-01,Manufacturing — Unit labor costs,Index,138.416,index 2017=100,PRS30006113,Manufacturing,Unit labor costs,BLS Labor Productivity and Costs
2020-01-01,Nonfarm Business — Real value-added output,Year-over-year change,1.2,percent,PRS85006041,Nonfarm Business,Real value-added output,BLS Labor Productivity and Costs
2020-04-01,Nonfarm Business — Real value-added output,Year-over-year change,-9.3,percent,PRS85006041,Nonfarm Business,Real value-added output,BLS Labor Productivity and Costs
2020-07-01,Nonfarm Business — Real value-added output,Year-over-year change,-1.7,percent,PRS85006041,Nonfarm Business,Real value-added output,BLS Labor Productivity and Costs
2020-10-01,Nonfarm Business — Real value-added output,Year-over-year change,-1.0,percent,PRS85006041,Nonfarm Business,Real value-added output,BLS Labor Productivity and Costs
2021-01-01,Nonfarm Business — Real value-added output,Year-over-year change,2.6,percent,PRS85006041,Nonfarm Business,Real value-added output,BLS Labor Productivity and Costs
2021-04-01,Nonfarm Business — Real value-added output,Year-over-year change,15.7,percent,PRS85006041,Nonfarm Business,Real value-added output,BLS Labor Productivity and Costs
2021-07-01,Nonfarm Business — Real value-added output,Year-over-year change,6.1,percent,PRS85006041,Nonfarm Business,Real value-added output,BLS Labor Productivity and Costs
2021-10-01,Nonfarm Business — Real value-added output,Year-over-year change,6.9,percent,PRS85006041,Nonfarm Business,Real value-added output,BLS Labor Productivity and Costs
2022-01-01,Nonfarm Business — Real value-added output,Year-over-year change,4.4,percent,PRS85006041,Nonfarm Business,Real value-added output,BLS Labor Productivity and Costs
2022-04-01,Nonfarm Business — Real value-added output,Year-over-year change,2.4,percent,PRS85006041,Nonfarm Business,Real value-added output,BLS Labor Productivity and Costs
2022-07-01,Nonfarm Business — Real value-added output,Year-over-year change,2.2,percent,PRS85006041,Nonfarm Business,Real value-added output,BLS Labor Productivity and Costs
2022-10-01,Nonfarm Business — Real value-added output,Year-over-year change,0.9,percent,PRS85006041,Nonfarm Business,Real value-added output,BLS Labor Productivity and Costs
2023-01-01,Nonfarm Business — Real value-added output,Year-over-year change,2.2,percent,PRS85006041,Nonfarm Business,Real value-added output,BLS Labor Productivity and Costs
2023-04-01,Nonfarm Business — Real value-added output,Year-over-year change,2.9,percent,PRS85006041,Nonfarm Business,Real value-added output,BLS Labor Productivity and Costs
2023-07-01,Nonfarm Business — Real value-added output,Year-over-year change,3.6,percent,PRS85006041,Nonfarm Business,Real value-added output,BLS Labor Productivity and Costs
2023-10-01,Nonfarm Business — Real value-added output,Year-over-year change,3.7,percent,PRS85006041,Nonfarm Business,Real value-added output,BLS Labor Productivity and Costs
2024-01-01,Nonfarm Business — Real value-added output,Year-over-year change,3.1,percent,PRS85006041,Nonfarm Business,Real value-added output,BLS Labor Productivity and Costs
2024-04-01,Nonfarm Business — Real value-added output,Year-over-year change,3.3,percent,PRS85006041,Nonfarm Business,Real value-added output,BLS Labor Productivity and Costs
2024-07-01,Nonfarm Business — Real value-added output,Year-over-year change,2.9,percent,PRS85006041,Nonfarm Business,Real value-added output,BLS Labor Productivity and Costs
2024-10-01,Nonfarm Business — Real value-added output,Year-over-year change,2.4,percent,PRS85006041,Nonfarm Business,Real value-added output,BLS Labor Productivity and Costs
2025-01-01,Nonfarm Business — Real value-added output,Year-over-year change,2.1,percent,PRS85006041,Nonfarm Business,Real value-added output,BLS Labor Productivity and Costs
2025-04-01,Nonfarm Business — Real value-added output,Year-over-year change,2.4,percent,PRS85006041,Nonfarm Business,Real value-added output,BLS Labor Productivity and Costs
2025-07-01,Nonfarm Business — Real value-added output,Year-over-year change,2.8,percent,PRS85006041,Nonfarm Business,Real value-added output,BLS Labor Productivity and Costs
2025-10-01,Nonfarm Business — Real value-added output,Year-over-year change,2.7,percent,PRS85006041,Nonfarm Business,Real value-added output,BLS Labor Productivity and Costs
2026-01-01,Nonfarm Business — Real value-added output,Year-over-year change,3.3,percent,PRS85006041,Nonfarm Business,Real value-added output,BLS Labor Productivity and Costs
2026-04-01,Nonfarm Business — Real value-added output,Year-over-year change,2.5,percent,PRS85006041,Nonfarm Business,Real value-added output,BLS Labor Productivity and Costs
2020-01-01,Nonfarm Business — Real value-added output,Index,106.172,index 2017=100,PRS85006043,Nonfarm Business,Real value-added output,BLS Labor Productivity and Costs
2020-04-01,Nonfarm Business — Real value-added output,Index,96.107,index 2017=100,PRS85006043,Nonfarm Business,Real value-added output,BLS Labor Productivity and Costs
2020-07-01,Nonfarm Business — Real value-added output,Index,105.656,index 2017=100,PRS85006043,Nonfarm Business,Real value-added output,BLS Labor Productivity and Costs
2020-10-01,Nonfarm Business — Real value-added output,Index,107.095,index 2017=100,PRS85006043,Nonfarm Business,Real value-added output,BLS Labor Productivity and Costs
2021-01-01,Nonfarm Business — Real value-added output,Index,108.985,index 2017=100,PRS85006043,Nonfarm Business,Real value-added output,BLS Labor Productivity and Costs
2021-04-01,Nonfarm Business — Real value-added output,Index,111.152,index 2017=100,PRS85006043,Nonfarm Business,Real value-added output,BLS Labor Productivity and Costs
2021-07-01,Nonfarm Business — Real value-added output,Index,112.129,index 2017=100,PRS85006043,Nonfarm Business,Real value-added output,BLS Labor Productivity and Costs
2021-10-01,Nonfarm Business — Real value-added output,Index,114.456,index 2017=100,PRS85006043,Nonfarm Business,Real value-added output,BLS Labor Productivity and Costs
2022-01-01,Nonfarm Business — Real value-added output,Index,113.815,index 2017=100,PRS85006043,Nonfarm Business,Real value-added output,BLS Labor Productivity and Costs
2022-04-01,Nonfarm Business — Real value-added output,Index,113.796,index 2017=100,PRS85006043,Nonfarm Business,Real value-added output,BLS Labor Productivity and Costs
2022-07-01,Nonfarm Business — Real value-added output,Index,114.617,index 2017=100,PRS85006043,Nonfarm Business,Real value-added output,BLS Labor Productivity and Costs
2022-10-01,Nonfarm Business — Real value-added output,Index,115.488,index 2017=100,PRS85006043,Nonfarm Business,Real value-added output,BLS Labor Productivity and Costs
2023-01-01,Nonfarm Business — Real value-added output,Index,116.306,index 2017=100,PRS85006043,Nonfarm Business,Real value-added output,BLS Labor Productivity and Costs
2023-04-01,Nonfarm Business — Real value-added output,Index,117.151,index 2017=100,PRS85006043,Nonfarm Business,Real value-added output,BLS Labor Productivity and Costs
2023-07-01,Nonfarm Business — Real value-added output,Index,118.721,index 2017=100,PRS85006043,Nonfarm Business,Real value-added output,BLS Labor Productivity and Costs
2023-10-01,Nonfarm Business — Real value-added output,Index,119.801,index 2017=100,PRS85006043,Nonfarm Business,Real value-added output,BLS Labor Productivity and Costs
2024-01-01,Nonfarm Business — Real value-added output,Index,119.862,index 2017=100,PRS85006043,Nonfarm Business,Real value-added output,BLS Labor Productivity and Costs
2024-04-01,Nonfarm Business — Real value-added output,Index,121.038,index 2017=100,PRS85006043,Nonfarm Business,Real value-added output,BLS Labor Productivity and Costs
2024-07-01,Nonfarm Business — Real value-added output,Index,122.19,index 2017=100,PRS85006043,Nonfarm Business,Real value-added output,BLS Labor Productivity and Costs
2024-10-01,Nonfarm Business — Real value-added output,Index,122.712,index 2017=100,PRS85006043,Nonfarm Business,Real value-added output,BLS Labor Productivity and Costs
2025-01-01,Nonfarm Business — Real value-added output,Index,122.436,index 2017=100,PRS85006043,Nonfarm Business,Real value-added output,BLS Labor Productivity and Costs
2025-04-01,Nonfarm Business — Real value-added output,Index,123.993,index 2017=100,PRS85006043,Nonfarm Business,Real value-added output,BLS Labor Productivity and Costs
2025-07-01,Nonfarm Business — Real value-added output,Index,125.633,index 2017=100,PRS85006043,Nonfarm Business,Real value-added output,BLS Labor Productivity and Costs
2025-10-01,Nonfarm Business — Real value-added output,Index,126.051,index 2017=100,PRS85006043,Nonfarm Business,Real value-added output,BLS Labor Productivity and Costs
2026-01-01,Nonfarm Business — Real value-added output,Index,126.356,index 2017=100,PRS85006043,Nonfarm Business,Real value-added output,BLS Labor Productivity and Costs
2020-01-01,Nonfarm Business — Labor productivity (output per hour),Year-over-year change,2.3,percent,PRS85006091,Nonfarm Business,Labor productivity (output per hour),BLS Labor Productivity and Costs
2020-04-01,Nonfarm Business — Labor productivity (output per hour),Year-over-year change,6.6,percent,PRS85006091,Nonfarm Business,Labor productivity (output per hour),BLS Labor Productivity and Costs
2020-07-01,Nonfarm Business — Labor productivity (output per hour),Year-over-year change,7.1,percent,PRS85006091,Nonfarm Business,Labor productivity (output per hour),BLS Labor Productivity and Costs
2020-10-01,Nonfarm Business — Labor productivity (output per hour),Year-over-year change,5.2,percent,PRS85006091,Nonfarm Business,Labor productivity (output per hour),BLS Labor Productivity and Costs
2021-01-01,Nonfarm Business — Labor productivity (output per hour),Year-over-year change,6.4,percent,PRS85006091,Nonfarm Business,Labor productivity (output per hour),BLS Labor Productivity and Costs
2021-04-01,Nonfarm Business — Labor productivity (output per hour),Year-over-year change,1.7,percent,PRS85006091,Nonfarm Business,Labor productivity (output per hour),BLS Labor Productivity and Costs
2021-07-01,Nonfarm Business — Labor productivity (output per hour),Year-over-year change,-0.5,percent,PRS85006091,Nonfarm Business,Labor productivity (output per hour),BLS Labor Productivity and Costs
2021-10-01,Nonfarm Business — Labor productivity (output per hour),Year-over-year change,0.9,percent,PRS85006091,Nonfarm Business,Labor productivity (output per hour),BLS Labor Productivity and Costs
2022-01-01,Nonfarm Business — Labor productivity (output per hour),Year-over-year change,-1.1,percent,PRS85006091,Nonfarm Business,Labor productivity (output per hour),BLS Labor Productivity and Costs
2022-04-01,Nonfarm Business — Labor productivity (output per hour),Year-over-year change,-2.0,percent,PRS85006091,Nonfarm Business,Labor productivity (output per hour),BLS Labor Productivity and Costs
2022-07-01,Nonfarm Business — Labor productivity (output per hour),Year-over-year change,-1.4,percent,PRS85006091,Nonfarm Business,Labor productivity (output per hour),BLS Labor Productivity and Costs
2022-10-01,Nonfarm Business — Labor productivity (output per hour),Year-over-year change,-1.4,percent,PRS85006091,Nonfarm Business,Labor productivity (output per hour),BLS Labor Productivity and Costs
2023-01-01,Nonfarm Business — Labor productivity (output per hour),Year-over-year change,0.1,percent,PRS85006091,Nonfarm Business,Labor productivity (output per hour),BLS Labor Productivity and Costs
2023-04-01,Nonfarm Business — Labor productivity (output per hour),Year-over-year change,1.9,percent,PRS85006091,Nonfarm Business,Labor productivity (output per hour),BLS Labor Productivity and Costs
2023-07-01,Nonfarm Business — Labor productivity (output per hour),Year-over-year change,3.1,percent,PRS85006091,Nonfarm Business,Labor productivity (output per hour),BLS Labor Productivity and Costs
2023-10-01,Nonfarm Business — Labor productivity (output per hour),Year-over-year change,3.5,percent,PRS85006091,Nonfarm Business,Labor productivity (output per hour),BLS Labor Productivity and Costs
2024-01-01,Nonfarm Business — Labor productivity (output per hour),Year-over-year change,3.3,percent,PRS85006091,Nonfarm Business,Labor productivity (output per hour),BLS Labor Productivity and Costs
2024-04-01,Nonfarm Business — Labor productivity (output per hour),Year-over-year change,3.2,percent,PRS85006091,Nonfarm Business,Labor productivity (output per hour),BLS Labor Productivity and Costs
2024-07-01,Nonfarm Business — Labor productivity (output per hour),Year-over-year change,2.9,percent,PRS85006091,Nonfarm Business,Labor productivity (output per hour),BLS Labor Productivity and Costs
2024-10-01,Nonfarm Business — Labor productivity (output per hour),Year-over-year change,2.3,percent,PRS85006091,Nonfarm Business,Labor productivity (output per hour),BLS Labor Productivity and Costs
2025-01-01,Nonfarm Business — Labor productivity (output per hour),Year-over-year change,2.0,percent,PRS85006091,Nonfarm Business,Labor productivity (output per hour),BLS Labor Productivity and Costs
2025-04-01,Nonfarm Business — Labor productivity (output per hour),Year-over-year change,2.1,percent,PRS85006091,Nonfarm Business,Labor productivity (output per hour),BLS Labor Productivity and Costs
2025-07-01,Nonfarm Business — Labor productivity (output per hour),Year-over-year change,2.5,percent,PRS85006091,Nonfarm Business,Labor productivity (output per hour),BLS Labor Productivity and Costs
2025-10-01,Nonfarm Business — Labor productivity (output per hour),Year-over-year change,2.5,percent,PRS85006091,Nonfarm Business,Labor productivity (output per hour),BLS Labor Productivity and Costs
2026-01-01,Nonfarm Business — Labor productivity (output per hour),Year-over-year change,2.9,percent,PRS85006091,Nonfarm Business,Labor productivity (output per hour),BLS Labor Productivity and Costs
2026-04-01,Nonfarm Business — Labor productivity (output per hour),Year-over-year change,2.2,percent,PRS85006091,Nonfarm Business,Labor productivity (output per hour),BLS Labor Productivity and Costs
2020-01-01,Nonfarm Business — Labor productivity (output per hour),Index,104.679,index 2017=100,PRS85006093,Nonfarm Business,Labor productivity (output per hour),BLS Labor Productivity and Costs
2020-04-01,Nonfarm Business — Labor productivity (output per hour),Index,109.772,index 2017=100,PRS85006093,Nonfarm Business,Labor productivity (output per hour),BLS Labor Productivity and Costs
2020-07-01,Nonfarm Business — Labor productivity (output per hour),Index,111.491,index 2017=100,PRS85006093,Nonfarm Business,Labor productivity (output per hour),BLS Labor Productivity and Costs
2020-10-01,Nonfarm Business — Labor productivity (output per hour),Index,110.599,index 2017=100,PRS85006093,Nonfarm Business,Labor productivity (output per hour),BLS Labor Productivity and Costs
2021-01-01,Nonfarm Business — Labor productivity (output per hour),Index,111.394,index 2017=100,PRS85006093,Nonfarm Business,Labor productivity (output per hour),BLS Labor Productivity and Costs
2021-04-01,Nonfarm Business — Labor productivity (output per hour),Index,111.626,index 2017=100,PRS85006093,Nonfarm Business,Labor productivity (output per hour),BLS Labor Productivity and Costs
2021-07-01,Nonfarm Business — Labor productivity (output per hour),Index,110.948,index 2017=100,PRS85006093,Nonfarm Business,Labor productivity (output per hour),BLS Labor Productivity and Costs
2021-10-01,Nonfarm Business — Labor productivity (output per hour),Index,111.578,index 2017=100,PRS85006093,Nonfarm Business,Labor productivity (output per hour),BLS Labor Productivity and Costs
2022-01-01,Nonfarm Business — Labor productivity (output per hour),Index,110.176,index 2017=100,PRS85006093,Nonfarm Business,Labor productivity (output per hour),BLS Labor Productivity and Costs
2022-04-01,Nonfarm Business — Labor productivity (output per hour),Index,109.36,index 2017=100,PRS85006093,Nonfarm Business,Labor productivity (output per hour),BLS Labor Productivity and Costs
2022-07-01,Nonfarm Business — Labor productivity (output per hour),Index,109.423,index 2017=100,PRS85006093,Nonfarm Business,Labor productivity (output per hour),BLS Labor Productivity and Costs
2022-10-01,Nonfarm Business — Labor productivity (output per hour),Index,110.047,index 2017=100,PRS85006093,Nonfarm Business,Labor productivity (output per hour),BLS Labor Productivity and Costs
2023-01-01,Nonfarm Business — Labor productivity (output per hour),Index,110.298,index 2017=100,PRS85006093,Nonfarm Business,Labor productivity (output per hour),BLS Labor Productivity and Costs
2023-04-01,Nonfarm Business — Labor productivity (output per hour),Index,111.404,index 2017=100,PRS85006093,Nonfarm Business,Labor productivity (output per hour),BLS Labor Productivity and Costs
2023-07-01,Nonfarm Business — Labor productivity (output per hour),Index,112.786,index 2017=100,PRS85006093,Nonfarm Business,Labor productivity (output per hour),BLS Labor Productivity and Costs
2023-10-01,Nonfarm Business — Labor productivity (output per hour),Index,113.881,index 2017=100,PRS85006093,Nonfarm Business,Labor productivity (output per hour),BLS Labor Productivity and Costs
2024-01-01,Nonfarm Business — Labor productivity (output per hour),Index,113.947,index 2017=100,PRS85006093,Nonfarm Business,Labor productivity (output per hour),BLS Labor Productivity and Costs
2024-04-01,Nonfarm Business — Labor productivity (output per hour),Index,114.99,index 2017=100,PRS85006093,Nonfarm Business,Labor productivity (output per hour),BLS Labor Productivity and Costs
2024-07-01,Nonfarm Business — Labor productivity (output per hour),Index,116.035,index 2017=100,PRS85006093,Nonfarm Business,Labor productivity (output per hour),BLS Labor Productivity and Costs
2024-10-01,Nonfarm Business — Labor productivity (output per hour),Index,116.445,index 2017=100,PRS85006093,Nonfarm Business,Labor productivity (output per hour),BLS Labor Productivity and Costs
2025-01-01,Nonfarm Business — Labor productivity (output per hour),Index,116.187,index 2017=100,PRS85006093,Nonfarm Business,Labor productivity (output per hour),BLS Labor Productivity and Costs
2025-04-01,Nonfarm Business — Labor productivity (output per hour),Index,117.385,index 2017=100,PRS85006093,Nonfarm Business,Labor productivity (output per hour),BLS Labor Productivity and Costs
2025-07-01,Nonfarm Business — Labor productivity (output per hour),Index,118.884,index 2017=100,PRS85006093,Nonfarm Business,Labor productivity (output per hour),BLS Labor Productivity and Costs
2025-10-01,Nonfarm Business — Labor productivity (output per hour),Index,119.35,index 2017=100,PRS85006093,Nonfarm Business,Labor productivity (output per hour),BLS Labor Productivity and Costs
2026-01-01,Nonfarm Business — Labor productivity (output per hour),Index,119.437,index 2017=100,PRS85006093,Nonfarm Business,Labor productivity (output per hour),BLS Labor Productivity and Costs
2020-01-01,Nonfarm Business — Hourly compensation,Year-over-year change,4.2,percent,PRS85006101,Nonfarm Business,Hourly compensation,BLS Labor Productivity and Costs
2020-04-01,Nonfarm Business — Hourly compensation,Year-over-year change,10.3,percent,PRS85006101,Nonfarm Business,Hourly compensation,BLS Labor Productivity and Costs
2020-07-01,Nonfarm Business — Hourly compensation,Year-over-year change,8.6,percent,PRS85006101,Nonfarm Business,Hourly compensation,BLS Labor Productivity and Costs
2020-10-01,Nonfarm Business — Hourly compensation,Year-over-year change,9.5,percent,PRS85006101,Nonfarm Business,Hourly compensation,BLS Labor Productivity and Costs
2021-01-01,Nonfarm Business — Hourly compensation,Year-over-year change,7.0,percent,PRS85006101,Nonfarm Business,Hourly compensation,BLS Labor Productivity and Costs
2021-04-01,Nonfarm Business — Hourly compensation,Year-over-year change,2.7,percent,PRS85006101,Nonfarm Business,Hourly compensation,BLS Labor Productivity and Costs
2021-07-01,Nonfarm Business — Hourly compensation,Year-over-year change,5.7,percent,PRS85006101,Nonfarm Business,Hourly compensation,BLS Labor Productivity and Costs
2021-10-01,Nonfarm Business — Hourly compensation,Year-over-year change,4.5,percent,PRS85006101,Nonfarm Business,Hourly compensation,BLS Labor Productivity and Costs
2022-01-01,Nonfarm Business — Hourly compensation,Year-over-year change,4.9,percent,PRS85006101,Nonfarm Business,Hourly compensation,BLS Labor Productivity and Costs
2022-04-01,Nonfarm Business — Hourly compensation,Year-over-year change,3.4,percent,PRS85006101,Nonfarm Business,Hourly compensation,BLS Labor Productivity and Costs
2022-07-01,Nonfarm Business — Hourly compensation,Year-over-year change,3.9,percent,PRS85006101,Nonfarm Business,Hourly compensation,BLS Labor Productivity and Costs
2022-10-01,Nonfarm Business — Hourly compensation,Year-over-year change,2.5,percent,PRS85006101,Nonfarm Business,Hourly compensation,BLS Labor Productivity and Costs
2023-01-01,Nonfarm Business — Hourly compensation,Year-over-year change,2.8,percent,PRS85006101,Nonfarm Business,Hourly compensation,BLS Labor Productivity and Costs
2023-04-01,Nonfarm Business — Hourly compensation,Year-over-year change,4.4,percent,PRS85006101,Nonfarm Business,Hourly compensation,BLS Labor Productivity and Costs
2023-07-01,Nonfarm Business — Hourly compensation,Year-over-year change,4.1,percent,PRS85006101,Nonfarm Business,Hourly compensation,BLS Labor Productivity and Costs
2023-10-01,Nonfarm Business — Hourly compensation,Year-over-year change,5.3,percent,PRS85006101,Nonfarm Business,Hourly compensation,BLS Labor Productivity and Costs
2024-01-01,Nonfarm Business — Hourly compensation,Year-over-year change,6.0,percent,PRS85006101,Nonfarm Business,Hourly compensation,BLS Labor Productivity and Costs
2024-04-01,Nonfarm Business — Hourly compensation,Year-over-year change,5.5,percent,PRS85006101,Nonfarm Business,Hourly compensation,BLS Labor Productivity and Costs
2024-07-01,Nonfarm Business — Hourly compensation,Year-over-year change,5.2,percent,PRS85006101,Nonfarm Business,Hourly compensation,BLS Labor Productivity and Costs
2024-10-01,Nonfarm Business — Hourly compensation,Year-over-year change,4.9,percent,PRS85006101,Nonfarm Business,Hourly compensation,BLS Labor Productivity and Costs
2025-01-01,Nonfarm Business — Hourly compensation,Year-over-year change,5.1,percent,PRS85006101,Nonfarm Business,Hourly compensation,BLS Labor Productivity and Costs
2025-04-01,Nonfarm Business — Hourly compensation,Year-over-year change,4.1,percent,PRS85006101,Nonfarm Business,Hourly compensation,BLS Labor Productivity and Costs
2025-07-01,Nonfarm Business — Hourly compensation,Year-over-year change,4.5,percent,PRS85006101,Nonfarm Business,Hourly compensation,BLS Labor Productivity and Costs
2025-10-01,Nonfarm Business — Hourly compensation,Year-over-year change,4.3,percent,PRS85006101,Nonfarm Business,Hourly compensation,BLS Labor Productivity and Costs
2026-01-01,Nonfarm Business — Hourly compensation,Year-over-year change,3.3,percent,PRS85006101,Nonfarm Business,Hourly compensation,BLS Labor Productivity and Costs
2026-04-01,Nonfarm Business — Hourly compensation,Year-over-year change,3.7,percent,PRS85006101,Nonfarm Business,Hourly compensation,BLS Labor Productivity and Costs
2020-01-01,Nonfarm Business — Hourly compensation,Index,111.295,index 2017=100,PRS85006103,Nonfarm Business,Hourly compensation,BLS Labor Productivity and Costs
2020-04-01,Nonfarm Business — Hourly compensation,Index,117.82,index 2017=100,PRS85006103,Nonfarm Business,Hourly compensation,BLS Labor Productivity and Costs
2020-07-01,Nonfarm Business — Hourly compensation,Index,116.085,index 2017=100,PRS85006103,Nonfarm Business,Hourly compensation,BLS Labor Productivity and Costs
2020-10-01,Nonfarm Business — Hourly compensation,Index,119.032,index 2017=100,PRS85006103,Nonfarm Business,Hourly compensation,BLS Labor Productivity and Costs
2021-01-01,Nonfarm Business — Hourly compensation,Index,119.121,index 2017=100,PRS85006103,Nonfarm Business,Hourly compensation,BLS Labor Productivity and Costs
2021-04-01,Nonfarm Business — Hourly compensation,Index,121.057,index 2017=100,PRS85006103,Nonfarm Business,Hourly compensation,BLS Labor Productivity and Costs
2021-07-01,Nonfarm Business — Hourly compensation,Index,122.646,index 2017=100,PRS85006103,Nonfarm Business,Hourly compensation,BLS Labor Productivity and Costs
2021-10-01,Nonfarm Business — Hourly compensation,Index,124.409,index 2017=100,PRS85006103,Nonfarm Business,Hourly compensation,BLS Labor Productivity and Costs
2022-01-01,Nonfarm Business — Hourly compensation,Index,124.995,index 2017=100,PRS85006103,Nonfarm Business,Hourly compensation,BLS Labor Productivity and Costs
2022-04-01,Nonfarm Business — Hourly compensation,Index,125.154,index 2017=100,PRS85006103,Nonfarm Business,Hourly compensation,BLS Labor Productivity and Costs
2022-07-01,Nonfarm Business — Hourly compensation,Index,127.377,index 2017=100,PRS85006103,Nonfarm Business,Hourly compensation,BLS Labor Productivity and Costs
2022-10-01,Nonfarm Business — Hourly compensation,Index,127.543,index 2017=100,PRS85006103,Nonfarm Business,Hourly compensation,BLS Labor Productivity and Costs
2023-01-01,Nonfarm Business — Hourly compensation,Index,128.545,index 2017=100,PRS85006103,Nonfarm Business,Hourly compensation,BLS Labor Productivity and Costs
2023-04-01,Nonfarm Business — Hourly compensation,Index,130.6,index 2017=100,PRS85006103,Nonfarm Business,Hourly compensation,BLS Labor Productivity and Costs
2023-07-01,Nonfarm Business — Hourly compensation,Index,132.603,index 2017=100,PRS85006103,Nonfarm Business,Hourly compensation,BLS Labor Productivity and Costs
2023-10-01,Nonfarm Business — Hourly compensation,Index,134.3,index 2017=100,PRS85006103,Nonfarm Business,Hourly compensation,BLS Labor Productivity and Costs
2024-01-01,Nonfarm Business — Hourly compensation,Index,136.202,index 2017=100,PRS85006103,Nonfarm Business,Hourly compensation,BLS Labor Productivity and Costs
2024-04-01,Nonfarm Business — Hourly compensation,Index,137.809,index 2017=100,PRS85006103,Nonfarm Business,Hourly compensation,BLS Labor Productivity and Costs
2024-07-01,Nonfarm Business — Hourly compensation,Index,139.441,index 2017=100,PRS85006103,Nonfarm Business,Hourly compensation,BLS Labor Productivity and Costs
2024-10-01,Nonfarm Business — Hourly compensation,Index,140.935,index 2017=100,PRS85006103,Nonfarm Business,Hourly compensation,BLS Labor Productivity and Costs
2025-01-01,Nonfarm Business — Hourly compensation,Index,143.108,index 2017=100,PRS85006103,Nonfarm Business,Hourly compensation,BLS Labor Productivity and Costs
2025-04-01,Nonfarm Business — Hourly compensation,Index,143.527,index 2017=100,PRS85006103,Nonfarm Business,Hourly compensation,BLS Labor Productivity and Costs
2025-07-01,Nonfarm Business — Hourly compensation,Index,145.716,index 2017=100,PRS85006103,Nonfarm Business,Hourly compensation,BLS Labor Productivity and Costs
2025-10-01,Nonfarm Business — Hourly compensation,Index,147.059,index 2017=100,PRS85006103,Nonfarm Business,Hourly compensation,BLS Labor Productivity and Costs
2026-01-01,Nonfarm Business — Hourly compensation,Index,147.836,index 2017=100,PRS85006103,Nonfarm Business,Hourly compensation,BLS Labor Productivity and Costs
2020-01-01,Nonfarm Business — Unit labor costs,Year-over-year change,1.9,percent,PRS85006111,Nonfarm Business,Unit labor costs,BLS Labor Productivity and Costs
2020-04-01,Nonfarm Business — Unit labor costs,Year-over-year change,3.4,percent,PRS85006111,Nonfarm Business,Unit labor costs,BLS Labor Productivity and Costs
2020-07-01,Nonfarm Business — Unit labor costs,Year-over-year change,1.4,percent,PRS85006111,Nonfarm Business,Unit labor costs,BLS Labor Productivity and Costs
2020-10-01,Nonfarm Business — Unit labor costs,Year-over-year change,4.0,percent,PRS85006111,Nonfarm Business,Unit labor costs,BLS Labor Productivity and Costs
2021-01-01,Nonfarm Business — Unit labor costs,Year-over-year change,0.6,percent,PRS85006111,Nonfarm Business,Unit labor costs,BLS Labor Productivity and Costs
2021-04-01,Nonfarm Business — Unit labor costs,Year-over-year change,1.0,percent,PRS85006111,Nonfarm Business,Unit labor costs,BLS Labor Productivity and Costs
2021-07-01,Nonfarm Business — Unit labor costs,Year-over-year change,6.2,percent,PRS85006111,Nonfarm Business,Unit labor costs,BLS Labor Productivity and Costs
2021-10-01,Nonfarm Business — Unit labor costs,Year-over-year change,3.6,percent,PRS85006111,Nonfarm Business,Unit labor costs,BLS Labor Productivity and Costs
2022-01-01,Nonfarm Business — Unit labor costs,Year-over-year change,6.1,percent,PRS85006111,Nonfarm Business,Unit labor costs,BLS Labor Productivity and Costs
2022-04-01,Nonfarm Business — Unit labor costs,Year-over-year change,5.5,percent,PRS85006111,Nonfarm Business,Unit labor costs,BLS Labor Productivity and Costs
2022-07-01,Nonfarm Business — Unit labor costs,Year-over-year change,5.3,percent,PRS85006111,Nonfarm Business,Unit labor costs,BLS Labor Productivity and Costs
2022-10-01,Nonfarm Business — Unit labor costs,Year-over-year change,3.9,percent,PRS85006111,Nonfarm Business,Unit labor costs,BLS Labor Productivity and Costs
2023-01-01,Nonfarm Business — Unit labor costs,Year-over-year change,2.7,percent,PRS85006111,Nonfarm Business,Unit labor costs,BLS Labor Productivity and Costs
2023-04-01,Nonfarm Business — Unit labor costs,Year-over-year change,2.4,percent,PRS85006111,Nonfarm Business,Unit labor costs,BLS Labor Productivity and Costs
2023-07-01,Nonfarm Business — Unit labor costs,Year-over-year change,1.0,percent,PRS85006111,Nonfarm Business,Unit labor costs,BLS Labor Productivity and Costs
2023-10-01,Nonfarm Business — Unit labor costs,Year-over-year change,1.8,percent,PRS85006111,Nonfarm Business,Unit labor costs,BLS Labor Productivity and Costs
2024-01-01,Nonfarm Business — Unit labor costs,Year-over-year change,2.6,percent,PRS85006111,Nonfarm Business,Unit labor costs,BLS Labor Productivity and Costs
2024-04-01,Nonfarm Business — Unit labor costs,Year-over-year change,2.2,percent,PRS85006111,Nonfarm Business,Unit labor costs,BLS Labor Productivity and Costs
2024-07-01,Nonfarm Business — Unit labor costs,Year-over-year change,2.2,percent,PRS85006111,Nonfarm Business,Unit labor costs,BLS Labor Productivity and Costs
2024-10-01,Nonfarm Business — Unit labor costs,Year-over-year change,2.6,percent,PRS85006111,Nonfarm Business,Unit labor costs,BLS Labor Productivity and Costs
2025-01-01,Nonfarm Business — Unit labor costs,Year-over-year change,3.0,percent,PRS85006111,Nonfarm Business,Unit labor costs,BLS Labor Productivity and Costs
2025-04-01,Nonfarm Business — Unit labor costs,Year-over-year change,2.0,percent,PRS85006111,Nonfarm Business,Unit labor costs,BLS Labor Productivity and Costs
2025-07-01,Nonfarm Business — Unit labor costs,Year-over-year change,2.0,percent,PRS85006111,Nonfarm Business,Unit labor costs,BLS Labor Productivity and Costs
2025-10-01,Nonfarm Business — Unit labor costs,Year-over-year change,1.8,percent,PRS85006111,Nonfarm Business,Unit labor costs,BLS Labor Productivity and Costs
2026-01-01,Nonfarm Business — Unit labor costs,Year-over-year change,0.4,percent,PRS85006111,Nonfarm Business,Unit labor costs,BLS Labor Productivity and Costs
2026-04-01,Nonfarm Business — Unit labor costs,Year-over-year change,1.4,percent,PRS85006111,Nonfarm Business,Unit labor costs,BLS Labor Productivity and Costs
2020-01-01,Nonfarm Business — Unit labor costs,Index,106.321,index 2017=100,PRS85006113,Nonfarm Business,Unit labor costs,BLS Labor Productivity and Costs
2020-04-01,Nonfarm Business — Unit labor costs,Index,107.332,index 2017=100,PRS85006113,Nonfarm Business,Unit labor costs,BLS Labor Productivity and Costs
2020-07-01,Nonfarm Business — Unit labor costs,Index,104.121,index 2017=100,PRS85006113,Nonfarm Business,Unit labor costs,BLS Labor Productivity and Costs
2020-10-01,Nonfarm Business — Unit labor costs,Index,107.625,index 2017=100,PRS85006113,Nonfarm Business,Unit labor costs,BLS Labor Productivity and Costs
2021-01-01,Nonfarm Business — Unit labor costs,Index,106.937,index 2017=100,PRS85006113,Nonfarm Business,Unit labor costs,BLS Labor Productivity and Costs
2021-04-01,Nonfarm Business — Unit labor costs,Index,108.449,index 2017=100,PRS85006113,Nonfarm Business,Unit labor costs,BLS Labor Productivity and Costs
2021-07-01,Nonfarm Business — Unit labor costs,Index,110.544,index 2017=100,PRS85006113,Nonfarm Business,Unit labor costs,BLS Labor Productivity and Costs
2021-10-01,Nonfarm Business — Unit labor costs,Index,111.499,index 2017=100,PRS85006113,Nonfarm Business,Unit labor costs,BLS Labor Productivity and Costs
2022-01-01,Nonfarm Business — Unit labor costs,Index,113.45,index 2017=100,PRS85006113,Nonfarm Business,Unit labor costs,BLS Labor Productivity and Costs
2022-04-01,Nonfarm Business — Unit labor costs,Index,114.442,index 2017=100,PRS85006113,Nonfarm Business,Unit labor costs,BLS Labor Productivity and Costs
2022-07-01,Nonfarm Business — Unit labor costs,Index,116.407,index 2017=100,PRS85006113,Nonfarm Business,Unit labor costs,BLS Labor Productivity and Costs
2022-10-01,Nonfarm Business — Unit labor costs,Index,115.899,index 2017=100,PRS85006113,Nonfarm Business,Unit labor costs,BLS Labor Productivity and Costs
2023-01-01,Nonfarm Business — Unit labor costs,Index,116.544,index 2017=100,PRS85006113,Nonfarm Business,Unit labor costs,BLS Labor Productivity and Costs
2023-04-01,Nonfarm Business — Unit labor costs,Index,117.231,index 2017=100,PRS85006113,Nonfarm Business,Unit labor costs,BLS Labor Productivity and Costs
2023-07-01,Nonfarm Business — Unit labor costs,Index,117.571,index 2017=100,PRS85006113,Nonfarm Business,Unit labor costs,BLS Labor Productivity and Costs
2023-10-01,Nonfarm Business — Unit labor costs,Index,117.93,index 2017=100,PRS85006113,Nonfarm Business,Unit labor costs,BLS Labor Productivity and Costs
2024-01-01,Nonfarm Business — Unit labor costs,Index,119.531,index 2017=100,PRS85006113,Nonfarm Business,Unit labor costs,BLS Labor Productivity and Costs
2024-04-01,Nonfarm Business — Unit labor costs,Index,119.844,index 2017=100,PRS85006113,Nonfarm Business,Unit labor costs,BLS Labor Productivity and Costs
2024-07-01,Nonfarm Business — Unit labor costs,Index,120.171,index 2017=100,PRS85006113,Nonfarm Business,Unit labor costs,BLS Labor Productivity and Costs
2024-10-01,Nonfarm Business — Unit labor costs,Index,121.032,index 2017=100,PRS85006113,Nonfarm Business,Unit labor costs,BLS Labor Productivity and Costs
2025-01-01,Nonfarm Business — Unit labor costs,Index,123.17,index 2017=100,PRS85006113,Nonfarm Business,Unit labor costs,BLS Labor Productivity and Costs
2025-04-01,Nonfarm Business — Unit labor costs,Index,122.27,index 2017=100,PRS85006113,Nonfarm Business,Unit labor costs,BLS Labor Productivity and Costs
2025-07-01,Nonfarm Business — Unit labor costs,Index,122.57,index 2017=100,PRS85006113,Nonfarm Business,Unit labor costs,BLS Labor Productivity and Costs
2025-10-01,Nonfarm Business — Unit labor costs,Index,123.216,index 2017=100,PRS85006113,Nonfarm Business,Unit labor costs,BLS Labor Productivity and Costs
2026-01-01,Nonfarm Business — Unit labor costs,Index,123.777,index 2017=100,PRS85006113,Nonfarm Business,Unit labor costs,BLS Labor Productivity and Costs
