Project Name,Operator Company,Pipeline,Year in Service,Development Status,State,Storage Region,Total Capacity (Bcf),Working Capacity (Bcf),Deliverability (MMcf/day),Field Type,FERC Regulated?,Docket
Pine Prairie Energy Center Caverns 6 and 7,Pine Prairie Energy Center,,2023.0,On Hold,LA,South Central,,24.0,,Salt Dome,Yes,CP11-1-000
"East Cheyenne, LLC"," ENSTOR Gas, LLC",,2020.0,Completed,CO,Mountain,,,,Depleted,Yes,CP18-11-000
Magnum Gas Storage Project 1,Magnum Gas Storage,Kern River and Questar Pipelines,2025.0,Planned,UT,Mountain,3.375,,125.0,Salt Dome,Yes,CP16-18-000
D'Lo Gas Storage Cavern 1,D'Lo Gas Storage LLC,"Southern Natural Gas Company, Kinder Morgan Midcontinent Express Pipeline, Southcross Energy, Boardwalk Pipeline, and Gulf South Pipeline Company",2025.0,Planned,MS,South Central,,8.0,400.0,Salt Dome,Yes,CP18-524-000
D'Lo Gas Storage Cavern 2,D'Lo Gas Storage LLC,"Southern Natural Gas Company, Kinder Morgan Midcontinent Express Pipeline, Southcross Energy, Boardwalk Pipeline, and Gulf South Pipeline Company",2025.0,Planned,MS,South Central,,8.0,400.0,Salt Dome,Yes,CP18-524-000
D'Lo Gas Storage Cavern 3,D'Lo Gas Storage LLC,"Southern Natural Gas Company, Kinder Morgan Midcontinent Express Pipeline, Southcross Energy, Boardwalk Pipeline, and Gulf South Pipeline Company",2025.0,Planned,MS,South Central,,8.0,400.0,Salt Dome,Yes,CP18-524-000
Magnum Gas Storage Project 2,Magnum Gas Storage,Kern River and Questar Pipelines,2025.0,Planned,UT,Mountain,3.375,,125.0,Salt Dome,Yes,CP16-18-000
Magnum Gas Storage Project 3,Magnum Gas Storage,Kern River and Questar Pipelines,,Planned,UT,Mountain,3.375,,125.0,Salt Dome,Yes,CP16-18-000
Magnum Gas Storage Project 4,Magnum Gas Storage,Kern River and Questar Pipelines,,Planned,UT,Mountain,3.375,,125.0,Salt Dome,Yes,CP16-18-000
