Year,Month,Entity ID,Entity Name,Plant Producer Type,Plant Name,Plant State,Plant ID,Generator ID,Net Summer Capacity (MW),Technology,Energy Source Code,Prime Mover Code,Pipeline Type,Technology Group,Date
2026,1.0,67087.0,"Aligned Digesters Co., LLC",IPP,Godinho Dairy Digester,CA,68837.0,GEN1,1.0,Other Waste Biomass,OBG,IC,Addition,Other renewables,2026-01-01
2026,1.0,67087.0,"Aligned Digesters Co., LLC",IPP,Godinho Dairy Digester,CA,68837.0,GEN2,1.0,Other Waste Biomass,OBG,IC,Addition,Other renewables,2026-01-01
2026,1.0,15399.0,Avangrid Power LLC,IPP,Pontotoc Wind,OK,67224.0,20101,147.5,Onshore Wind Turbine,WND,WT,Addition,Wind,2026-01-01
2026,1.0,67445.0,BT Smith Storage LLC,IPP,TE Smith Storage,TX,69329.0,SMITH,125.0,Batteries,MWH,BA,Addition,Battery storage,2026-01-01
2026,1.0,63965.0,"Badger Wind , LLC",IPP,"Badger Wind, LLC",ND,64342.0,5555,250.0,Onshore Wind Turbine,WND,WT,Addition,Wind,2026-01-01
2026,1.0,65654.0,Birch Creek Development,IPP,"Adelite Solar, LLC",MO,68927.0,ADELI,25.0,Solar Photovoltaic,SUN,PV,Addition,Solar,2026-01-01
2026,1.0,65813.0,"CES Electron Farm One, LLC",IPP,Conflitti Solar,CA,66892.0,CNFTI,4.4,Solar Photovoltaic,SUN,PV,Addition,Solar,2026-01-01
2026,1.0,66797.0,Cadence Solar Energy LLC,IPP,Cadence Solar Energy Center,OH,68431.0,CADNC,240.0,Solar Photovoltaic,SUN,PV,Addition,Solar,2026-01-01
2026,1.0,9187.0,City of Idaho Falls - (ID),Electric Utility,IFP Peaking Plant,ID,68021.0,IFPP1,2.5,Natural Gas Internal Combustion Engine,NG,IC,Addition,Natural gas,2026-01-01
2026,1.0,9187.0,City of Idaho Falls - (ID),Electric Utility,IFP Peaking Plant,ID,68021.0,IFPP2,2.5,Natural Gas Internal Combustion Engine,NG,IC,Addition,Natural gas,2026-01-01
2026,1.0,9187.0,City of Idaho Falls - (ID),Electric Utility,IFP Peaking Plant,ID,68021.0,IFPP3,2.5,Natural Gas Internal Combustion Engine,NG,IC,Addition,Natural gas,2026-01-01
2026,1.0,9187.0,City of Idaho Falls - (ID),Electric Utility,IFP Peaking Plant,ID,68021.0,IFPP4,2.5,Natural Gas Internal Combustion Engine,NG,IC,Addition,Natural gas,2026-01-01
2026,1.0,9187.0,City of Idaho Falls - (ID),Electric Utility,IFP Peaking Plant,ID,68021.0,IFPP5,2.5,Natural Gas Internal Combustion Engine,NG,IC,Addition,Natural gas,2026-01-01
2026,1.0,9187.0,City of Idaho Falls - (ID),Electric Utility,IFP Peaking Plant,ID,68021.0,IFPP6,2.5,Natural Gas Internal Combustion Engine,NG,IC,Addition,Natural gas,2026-01-01
2026,1.0,9187.0,City of Idaho Falls - (ID),Electric Utility,IFP Peaking Plant,ID,68021.0,IFPP7,2.5,Natural Gas Internal Combustion Engine,NG,IC,Addition,Natural gas,2026-01-01
2026,1.0,10152.0,City of Kennett - (MO),Electric Utility,Kennett Solar,MO,68286.0,KSPV1,4.9,Solar Photovoltaic,SUN,PV,Addition,Solar,2026-01-01
2026,1.0,20180.0,City of Waterloo - (IL),Electric Utility,Waterloo,IL,971.0,14,7.5,Natural Gas Fired Combustion Turbine,NG,GT,Addition,Natural gas,2026-01-01
2026,1.0,60232.0,Clenera LLC,IPP,Roadrunner Solar and BESS,AZ,67823.0,RRBES,235.0,Batteries,MWH,BA,Addition,Battery storage,2026-01-01
2026,1.0,66366.0,"Compadre Solar, LLC",IPP,Compadre Solar,TX,67765.0,5191,150.0,Solar Photovoltaic,SUN,PV,Addition,Solar,2026-01-01
2026,1.0,4254.0,Consumers Energy Co - (MI),Electric Utility,Muskegon Solar,MI,65572.0,MSP,250.0,Solar Photovoltaic,SUN,PV,Addition,Solar,2026-01-01
2026,1.0,67346.0,"Cottonwood Bayou Storage, LLC",IPP,Cottonwood Bayou Storage,TX,69251.0,CTWST,150.0,Batteries,MWH,BA,Addition,Battery storage,2026-01-01
2026,1.0,11241.0,Entergy Louisiana LLC,Electric Utility,Sterlington Solar,LA,66681.0,STS,49.0,Solar Photovoltaic,SUN,PV,Addition,Solar,2026-01-01
2026,1.0,6452.0,Florida Power & Light Co,Electric Utility,Big Brook,FL,68820.0,1,74.5,Solar Photovoltaic,SUN,PV,Addition,Solar,2026-01-01
2026,1.0,6452.0,Florida Power & Light Co,Electric Utility,Boardwalk,FL,65885.0,1,74.5,Solar Photovoltaic,SUN,PV,Addition,Solar,2026-01-01
2026,1.0,6452.0,Florida Power & Light Co,Electric Utility,Flatford,FL,68822.0,1,74.5,Solar Photovoltaic,SUN,PV,Addition,Solar,2026-01-01
2026,1.0,6452.0,Florida Power & Light Co,Electric Utility,Goldenrod,FL,68823.0,1,74.5,Solar Photovoltaic,SUN,PV,Addition,Solar,2026-01-01
2026,1.0,6452.0,Florida Power & Light Co,Electric Utility,Mallard,FL,68817.0,1,74.5,Solar Photovoltaic,SUN,PV,Addition,Solar,2026-01-01
2026,1.0,6452.0,Florida Power & Light Co,Electric Utility,Mare Branch,FL,65905.0,1,74.5,Solar Photovoltaic,SUN,PV,Addition,Solar,2026-01-01
2026,1.0,6452.0,Florida Power & Light Co,Electric Utility,Price Creek,FL,65887.0,1,74.5,Solar Photovoltaic,SUN,PV,Addition,Solar,2026-01-01
2026,1.0,6452.0,Florida Power & Light Co,Electric Utility,Swamp Cabbage,FL,68276.0,1,74.5,Solar Photovoltaic,SUN,PV,Addition,Solar,2026-01-01
2026,1.0,61194.0,Generate Capital,IPP,Chester,NY,69179.0,11154,5.0,Solar Photovoltaic,SUN,PV,Addition,Solar,2026-01-01
2026,1.0,61194.0,Generate Capital,IPP,KA361,IL,69201.0,11220,2.0,Solar Photovoltaic,SUN,PV,Addition,Solar,2026-01-01
2026,1.0,65961.0,"Grimes County Solar Project, LLC",IPP,Grimes County Solar,TX,67046.0,GS1,210.0,Solar Photovoltaic,SUN,PV,Addition,Solar,2026-01-01
2026,1.0,65076.0,"HEN Infrastructure, L.L.C.",IPP,Poteet,TX,67949.0,POTEB,9.9,Batteries,MWH,BA,Addition,Battery storage,2026-01-01
2026,1.0,67437.0,"Kelso 2 Solar, LLC",IPP,Kelso 2 Solar,MO,69321.0,KLSO2,149.0,Solar Photovoltaic,SUN,PV,Addition,Solar,2026-01-01
2026,1.0,50123.0,"Leeward Asset Management, LLC",IPP,Morrow Lake Solar,TX,66775.0,MLPV,200.0,Solar Photovoltaic,SUN,PV,Addition,Solar,2026-01-01
2026,1.0,61944.0,MN8 Energy LLC,IPP,Prairie Solar LLC,IL,64536.0,KOV4A,135.0,Solar Photovoltaic,SUN,PV,Addition,Solar,2026-01-01
2026,1.0,65043.0,Madison Energy Investments LLC,IPP,WPR RE Holdings,CA,68436.0,22323,2.9,Solar Photovoltaic,SUN,PV,Addition,Solar,2026-01-01
2026,1.0,64433.0,Novel Bo Hu 1 Solar LLC,IPP,Novel Bo Hu 1 Solar (CSG),MN,65006.0,BOHU1,1.0,Solar Photovoltaic,SUN,PV,Addition,Solar,2026-01-01
2026,1.0,58764.0,"Origis Energy USA, Inc",IPP,Optimist,MS,68536.0,MS7_S,50.0,Batteries,MWH,BA,Addition,Battery storage,2026-01-01
2026,1.0,58764.0,"Origis Energy USA, Inc",IPP,Optimist,MS,68536.0,OEMS7,200.0,Solar Photovoltaic,SUN,PV,Addition,Solar,2026-01-01
2026,1.0,58764.0,"Origis Energy USA, Inc",IPP,Walker Springs I,AL,68670.0,OEALG,80.0,Solar Photovoltaic,SUN,PV,Addition,Solar,2026-01-01
2026,1.0,67483.0,"Petersburg Energy Center, LLC",IPP,Petersburg Energy Center,IN,69428.0,BA,250.0,Batteries,MWH,BA,Addition,Battery storage,2026-01-01
2026,1.0,67483.0,"Petersburg Energy Center, LLC",IPP,Petersburg Energy Center,IN,69428.0,PECPV,250.0,Solar Photovoltaic,SUN,PV,Addition,Solar,2026-01-01
2026,1.0,65539.0,Pivot Energy,IPP,Pivot Solar 40,CO,69483.0,PS40,2.8,Solar Photovoltaic,SUN,PV,Addition,Solar,2026-01-01
2026,1.0,66087.0,Quail Ranch Solar and Battery Energy Storage System,IPP,Quail Ranch Solar and BESS,NM,67204.0,QRBES,100.0,Batteries,MWH,BA,Addition,Battery storage,2026-01-01
2026,1.0,67456.0,SMT Dallas III LLC,Commercial,SMT Dallas III BESS,TX,69367.0,SMTD3,10.0,Batteries,MWH,BA,Addition,Battery storage,2026-01-01
2026,1.0,16609.0,San Diego Gas & Electric Co,Electric Utility,Santee BESS,CA,67118.0,1,10.0,Batteries,MWH,BA,Addition,Battery storage,2026-01-01
2026,1.0,60531.0,Standard Solar,IPP,Pennsville Landfill (CSG),NJ,69525.0,PNSVL,4.3,Solar Photovoltaic,SUN,PV,Addition,Solar,2026-01-01
2026,1.0,60531.0,Standard Solar,IPP,Pluma - Reynolds (CSG),NM,69557.0,REYNO,5.0,Solar Photovoltaic,SUN,PV,Addition,Solar,2026-01-01
2026,1.0,65112.0,"TotalEnergies Distributed Generation, LLC",Commercial,Shasta College PH2 Solar Project,CA,65940.0,SCSP1,1.3,Solar Photovoltaic,SUN,PV,Addition,Solar,2026-01-01
2026,1.0,65112.0,"TotalEnergies Distributed Generation, LLC",Commercial,Shasta College PH2 Solar Project,CA,65940.0,SCSPB,0.5,Batteries,MWH,BA,Addition,Battery storage,2026-01-01
2026,1.0,67054.0,USS Beard Solar LLC,IPP,USS Beard Solar,IL,68757.0,USBRD,3.5,Solar Photovoltaic,SUN,PV,Addition,Solar,2026-01-01
2026,1.0,65173.0,United States Solar Corporation,IPP,USS Raptor Solar LLC,CO,69615.0,USRAP,5.0,Solar Photovoltaic,SUN,PV,Addition,Solar,2026-01-01
2026,2.0,67549.0,38DN Asset Management LLC ,IPP,Moore Rd,NY,69625.0,MRPV,4.8,Solar Photovoltaic,SUN,PV,Addition,Solar,2026-02-01
2026,2.0,66825.0,"Blue Summit II Storage, LLC",IPP,Blue Summit II Storage,TX,68456.0,BSIIS,150.0,Batteries,MWH,BA,Addition,Battery storage,2026-02-01
2026,2.0,66363.0,Bypass BESS LLC,IPP,Bypass BESS,TX,67761.0,1,200.0,Batteries,MWH,BA,Addition,Battery storage,2026-02-01
2026,2.0,5416.0,"Duke Energy Carolinas, LLC",Electric Utility,Frieden,NC,69446.0,FRD1,3.5,Batteries,MWH,BA,Addition,Battery storage,2026-02-01
2026,2.0,67388.0,Grenergy USA LLC,IPP,BESS La Feria,TX,69296.0,LFBA1,10.0,Batteries,MWH,BA,Addition,Battery storage,2026-02-01
2026,2.0,67530.0,"Heritage Energy Holdings, LLC",Commercial,Lone Wolfe Phase One,TX,69580.0,LW1,1.1,Solar Photovoltaic,SUN,PV,Addition,Solar,2026-02-01
2026,2.0,9417.0,Interstate Power and Light Co,Electric Utility,Wever Solar (150MW),IA,67538.0,BESS1,99.0,Batteries,MWH,BA,Addition,Battery storage,2026-02-01
2026,2.0,66817.0,"KDC Solar Madera, LLC",IPP,Ardagh Solar,CA,68427.0,1,10.0,Solar Photovoltaic,SUN,PV,Addition,Solar,2026-02-01
2026,2.0,13781.0,Northern States Power Co - Minnesota,Electric Utility,Wheaton,WI,4014.0,WHT08,223.1,Natural Gas Fired Combustion Turbine,NG,GT,Addition,Natural gas,2026-02-01
2026,2.0,67494.0,On Energy Storage,IPP,Alamo Clean Energy Center (BESS),TX,69453.0,ALBA1,10.1,Batteries,MWH,BA,Addition,Battery storage,2026-02-01
2026,2.0,67494.0,On Energy Storage,IPP,Fort Stockton Clean Energy Center (BESS),TX,69455.0,FSBA1,10.1,Batteries,MWH,BA,Addition,Battery storage,2026-02-01
2026,2.0,67494.0,On Energy Storage,IPP,North Pecos Clean Energy Center (BESS),TX,69458.0,NPBA1,10.0,Batteries,MWH,BA,Addition,Battery storage,2026-02-01
2026,2.0,58764.0,"Origis Energy USA, Inc",IPP,Wheatland,IN,68534.0,OEIN1,150.0,Solar Photovoltaic,SUN,PV,Addition,Solar,2026-02-01
2026,2.0,67230.0,Platinum Energy Storage LLC,IPP,Platinum Storage,TX,69044.0,PLAT,300.0,Batteries,MWH,BA,Addition,Battery storage,2026-02-01
2026,2.0,65869.0,Prologis Logistics Services Incorporated,IPP,Gourmet Lane - SLNNJ480,NJ,69434.0,NN480,2.0,Solar Photovoltaic,SUN,PV,Addition,Solar,2026-02-01
2026,2.0,65869.0,Prologis Logistics Services Incorporated,IPP,IPC 16 - SLCVA516,CA,68795.0,CV516,1.7,Solar Photovoltaic,SUN,PV,Addition,Solar,2026-02-01
2026,2.0,65869.0,Prologis Logistics Services Incorporated,IPP,Stockton 6 - SLEBA202,CA,68796.0,EB202,1.1,Solar Photovoltaic,SUN,PV,Addition,Solar,2026-02-01
2026,2.0,65869.0,Prologis Logistics Services Incorporated,IPP,Tracy 18 - SLCVA418,CA,68794.0,BS418,1.5,Batteries,MWH,BA,Addition,Battery storage,2026-02-01
2026,2.0,67272.0,"RPCA Solar 8, LLC",IPP,Althea Avenue Solar,CA,69137.0,ALP1,5.0,Solar Photovoltaic,SUN,PV,Addition,Solar,2026-02-01
2026,2.0,67399.0,Regis Gears Harris LLC,IPP,Regis Gears Harris,TX,69336.0,GEARS,9.9,Batteries,MWH,BA,Addition,Battery storage,2026-02-01
2026,2.0,67403.0,Regis Hidden Valley LLC,IPP,Regis Hidden Valley,TX,69335.0,HIDD,9.9,Batteries,MWH,BA,Addition,Battery storage,2026-02-01
2026,2.0,67404.0,Regis Laureles LLC,IPP,Regis Laureles,TX,69337.0,LAURE,9.9,Batteries,MWH,BA,Addition,Battery storage,2026-02-01
2026,2.0,67406.0,Regis Lyssy LLC,IPP,Regis Lyssy,TX,69339.0,LYSSY,9.9,Batteries,MWH,BA,Addition,Battery storage,2026-02-01
2026,2.0,66561.0,Selkirk Solar LLC,IPP,NY Selkirk S Albany RD - Hemlock Hills S,NY,68037.0,18211,5.0,Solar Photovoltaic,SUN,PV,Addition,Solar,2026-02-01
2026,2.0,65695.0,Seven Flags BESS LLC,IPP,Seven Flags BESS LLC,TX,66689.0,7FLAG,100.0,Batteries,MWH,BA,Addition,Battery storage,2026-02-01
2026,2.0,17650.0,Southern Power Co,IPP,Millers Branch Solar,TX,69101.0,MLB01,200.0,Solar Photovoltaic,SUN,PV,Addition,Solar,2026-02-01
2026,2.0,18454.0,Tampa Electric Co,Electric Utility,Long Branch Solar,FL,68472.0,1,74.9,Solar Photovoltaic,SUN,PV,Addition,Solar,2026-02-01
2026,2.0,67037.0,"Tierra Seca BESS, LLC",IPP,Tierra Seca,TX,68748.0,TS,100.0,Batteries,MWH,BA,Addition,Battery storage,2026-02-01
2026,2.0,66517.0,"Two Hearted Solar, LLC",IPP,Two Hearted Solar,NC,67969.0,PGR28,22.0,Solar Photovoltaic,SUN,PV,Addition,Solar,2026-02-01
2026,2.0,20847.0,Wisconsin Electric Power Co,Electric Utility,"Perch Solar WI, LLC",WI,69503.0,20257,6.0,Solar Photovoltaic,SUN,PV,Addition,Solar,2026-02-01
2026,3.0,64904.0,AES Clean Energy,IPP,Keydet Solar Center,VA,68418.0,KEYDT,120.0,Solar Photovoltaic,SUN,PV,Addition,Solar,2026-03-01
2026,3.0,58509.0,"Affordable Solar Silver City, LLC",IPP,XCEL-1 Community Solar,NM,69107.0,XCL-1,5.0,Solar Photovoltaic,SUN,PV,Addition,Solar,2026-03-01
2026,3.0,66540.0,"Apex NC Solar, LLC",IPP,Apex NC Solar,NC,67997.0,PGR28,28.9,Solar Photovoltaic,SUN,PV,Addition,Solar,2026-03-01
2026,3.0,66387.0,"Babacomari Solar, LLC",IPP,Babacomari Solar,AZ,67797.0,BS,160.0,Solar Photovoltaic,SUN,PV,Addition,Solar,2026-03-01
2026,3.0,66064.0,"Bexar ESS, LLC",IPP,Bexar ESS,TX,66400.0,OCBEX,100.0,Batteries,MWH,BA,Addition,Battery storage,2026-03-01
2026,3.0,67229.0,"Big Creek Solar (IL), LLC",IPP,Big Creek Solar (IL) (CSG),IL,69043.0,BC25,5.0,Solar Photovoltaic,SUN,PV,Addition,Solar,2026-03-01
2026,3.0,66916.0,"Camino del Sol 2 Solar Project 2022, LLC",IPP,Bayer Oxnard - Meter# 4719,CA,68540.0,6245,1.3,Solar Photovoltaic,SUN,PV,Addition,Solar,2026-03-01
2026,3.0,4065.0,City of Columbus - (OH),Electric Utility,Jackson Pike WWTP Cogen Engines,OH,67264.0,1,1.4,Other Waste Biomass,OBG,IC,Addition,Other renewables,2026-03-01
2026,3.0,4065.0,City of Columbus - (OH),Electric Utility,Jackson Pike WWTP Cogen Engines,OH,67264.0,2,1.4,Other Waste Biomass,OBG,IC,Addition,Other renewables,2026-03-01
2026,3.0,65833.0,"Danish Fields Storage, LLC",IPP,Danish Fields Storage,TX,66916.0,DANST,150.0,Batteries,MWH,BA,Addition,Battery storage,2026-03-01
2026,3.0,65677.0,Dimension Energy LLC,IPP,West Deptford Solar 1 LLC,NJ,69836.0,DEPT1,1.4,Solar Photovoltaic,SUN,PV,Addition,Solar,2026-03-01
2026,3.0,5416.0,"Duke Energy Carolinas, LLC",Electric Utility,Beaverdam Renewable Energy Center,SC,68223.0,67693,42.0,Solar Photovoltaic,SUN,PV,Addition,Solar,2026-03-01
2026,3.0,65672.0,"Elkhart County Solar Project, LLC",IPP,Elkhart County Solar Project,IN,66647.0,USELT,100.0,Solar Photovoltaic,SUN,PV,Addition,Solar,2026-03-01
2026,3.0,61194.0,Generate Capital,IPP,New Road,NY,69876.0,11205,5.0,Solar Photovoltaic,SUN,PV,Addition,Solar,2026-03-01
2026,3.0,7140.0,Georgia Power Co,Electric Utility,Robins Air Force Base Solar,GA,61648.0,2,128.0,Batteries,MWH,BA,Addition,Battery storage,2026-03-01
2026,3.0,67388.0,Grenergy USA LLC,IPP,BESS Stadium,TX,69297.0,STBA1,10.0,Batteries,MWH,BA,Addition,Battery storage,2026-03-01
2026,3.0,64738.0,"Hummingbird Energy Storage, LLC",IPP,Hummingbird Energy Storage LLC,CA,65395.0,HUMB1,75.0,Batteries,MWH,BA,Addition,Battery storage,2026-03-01
2026,3.0,67829.0,"IL Solar Bradley Project1, LLC",IPP,IL - ForeFront CS (BBCHS 1) Community Solar,IL,70014.0,BCHS1,5.0,Solar Photovoltaic,SUN,PV,Addition,Solar,2026-03-01
2026,3.0,67830.0,"IL Solar Bradley Project2, LLC",IPP,IL - ForeFront CS (BBCHS 2) Community Solar,IL,70015.0,BCHS2,2.0,Solar Photovoltaic,SUN,PV,Addition,Solar,2026-03-01
2026,3.0,50123.0,"Leeward Asset Management, LLC",IPP,Twelvemile Solar 1,OK,68088.0,TS1,152.0,Solar Photovoltaic,SUN,PV,Addition,Solar,2026-03-01
2026,3.0,50123.0,"Leeward Asset Management, LLC",IPP,Twelvemile Solar 2,OK,69538.0,TS2,52.2,Solar Photovoltaic,SUN,PV,Addition,Solar,2026-03-01
2026,3.0,66431.0,Liberty 1 Solar LLC,IPP,Liberty Hybrid Solar and Storage Project,TX,67867.0,LIB2,65.0,Batteries,MWH,BA,Addition,Battery storage,2026-03-01
2026,3.0,66625.0,"Lotus Wind, LLC",IPP,Lotus Wind,IL,68192.0,LOTUS,200.0,Onshore Wind Turbine,WND,WT,Addition,Wind,2026-03-01
2026,3.0,65789.0,"Marion County Solar Project, LLC",IPP,Marion County Solar Project,OH,66860.0,USMNC,100.0,Solar Photovoltaic,SUN,PV,Addition,Solar,2026-03-01
2026,3.0,67615.0,Medway Grid LLC,IPP,Medway Grid,MA,69720.0,MEDWA,250.0,Batteries,MWH,BA,Addition,Battery storage,2026-03-01
2026,3.0,67183.0,Moseley Hermon Solar,IPP,Moseley Hermon Solar,VA,68971.0,39302,5.0,Solar Photovoltaic,SUN,PV,Addition,Solar,2026-03-01
2026,3.0,65830.0,"Myrtle Storage, LLC",IPP,Myrtle Storage,TX,66913.0,MYRST,150.0,Batteries,MWH,BA,Addition,Battery storage,2026-03-01
2026,3.0,56990.0,NJR Clean Energy Ventures Corporation,IPP,Woodstock Solar One,CT,65139.0,VCP19,3.0,Solar Photovoltaic,SUN,PV,Addition,Solar,2026-03-01
2026,3.0,14063.0,Oklahoma Gas & Electric Co,Electric Utility,Tinker,OK,63628.0,1,48.0,Natural Gas Fired Combustion Turbine,NG,GT,Addition,Natural gas,2026-03-01
2026,3.0,14063.0,Oklahoma Gas & Electric Co,Electric Utility,Tinker,OK,63628.0,2,48.0,Natural Gas Fired Combustion Turbine,NG,GT,Addition,Natural gas,2026-03-01
2026,3.0,67688.0,Pacifico Tracy Linne LLC,IPP,Tracy Linne,CA,69759.0,LINB,1.3,Batteries,MWH,BA,Addition,Battery storage,2026-03-01
2026,3.0,67688.0,Pacifico Tracy Linne LLC,IPP,Tracy Linne,CA,69759.0,LINS,1.4,Solar Photovoltaic,SUN,PV,Addition,Solar,2026-03-01
2026,3.0,65539.0,Pivot Energy,IPP,Pivot Solar NY 10,NY,69018.0,NY10,5.0,Solar Photovoltaic,SUN,PV,Addition,Solar,2026-03-01
2026,3.0,67824.0,"Pomfret II PV, LLC",IPP,Pomfret II Community Solar,NY,69986.0,PV1,4.7,Solar Photovoltaic,SUN,PV,Addition,Solar,2026-03-01
2026,3.0,15466.0,Public Service Co of Colorado,Electric Utility,Rocky Mountain Solar,CO,69100.0,RKMB,200.0,Batteries,MWH,BA,Addition,Battery storage,2026-03-01
2026,3.0,67418.0,RP Minnesota Solar LLC,IPP,RP Minnesota Solar,CA,69370.0,CONEJ,1.8,Solar Photovoltaic,SUN,PV,Addition,Solar,2026-03-01
2026,3.0,67356.0,"RPC Merchant, LLC",IPP,Cedarvale Gas,TX,69267.0,CDRV1,2.5,Natural Gas Internal Combustion Engine,NG,IC,Addition,Natural gas,2026-03-01
2026,3.0,67356.0,"RPC Merchant, LLC",IPP,Cedarvale Gas,TX,69267.0,CDRV2,2.5,Natural Gas Internal Combustion Engine,NG,IC,Addition,Natural gas,2026-03-01
2026,3.0,67356.0,"RPC Merchant, LLC",IPP,Cedarvale Gas,TX,69267.0,CDRV3,2.5,Natural Gas Internal Combustion Engine,NG,IC,Addition,Natural gas,2026-03-01
2026,3.0,67356.0,"RPC Merchant, LLC",IPP,Cedarvale Gas,TX,69267.0,CDRV4,2.5,Natural Gas Internal Combustion Engine,NG,IC,Addition,Natural gas,2026-03-01
2026,3.0,67192.0,RWE Clean Energy,IPP,"Ventasso Energy Storage, LLC",CA,68509.0,VNT,50.0,Batteries,MWH,BA,Addition,Battery storage,2026-03-01
2026,3.0,67409.0,Regis Milton LLC,IPP,Regis Milton,TX,69342.0,MILT,9.9,Batteries,MWH,BA,Addition,Battery storage,2026-03-01
2026,3.0,16572.0,Salt River Project,Electric Utility,Copper Crossing Energy and Research Cent,AZ,58413.0,CXS01,16.5,Solar Photovoltaic,SUN,PV,Addition,Solar,2026-03-01
2026,3.0,16572.0,Salt River Project,Electric Utility,Copper Crossing Energy and Research Cent,AZ,58413.0,CXS02,16.4,Solar Photovoltaic,SUN,PV,Addition,Solar,2026-03-01
2026,3.0,16572.0,Salt River Project,Electric Utility,Copper Crossing Energy and Research Cent,AZ,58413.0,CXS03,18.0,Solar Photovoltaic,SUN,PV,Addition,Solar,2026-03-01
2026,3.0,60531.0,Standard Solar,IPP,Kieffer Funk,MD,69570.0,KIEFF,12.0,Solar Photovoltaic,SUN,PV,Addition,Solar,2026-03-01
2026,3.0,60531.0,Standard Solar,IPP,Sunrise Solar Lincoln DE (CSG),DE,69561.0,LINCO,4.0,Solar Photovoltaic,SUN,PV,Addition,Solar,2026-03-01
2026,3.0,65815.0,Sunraycer Assets I LLC,IPP,"Midpoint Solar, LLC",TX,66897.0,MIDPV,97.5,Solar Photovoltaic,SUN,PV,Addition,Solar,2026-03-01
2026,3.0,65173.0,United States Solar Corporation,IPP,USS Great Plains Solar LLC,CO,69612.0,USGPL,5.0,Solar Photovoltaic,SUN,PV,Addition,Solar,2026-03-01
2026,3.0,61029.0,Upper Michigan Energy Resources Company,Electric Utility,Renegade Solar Energy LLC,MI,69476.0,RNGDE,100.0,Solar Photovoltaic,SUN,PV,Addition,Solar,2026-03-01
2026,3.0,66848.0,VESI 15 LLC,IPP,Shirk Energy Storage,CA,68494.0,SHRK1,80.0,Batteries,MWH,BA,Addition,Battery storage,2026-03-01
2026,3.0,5504.0,Vistra Corp,IPP,Newton Solar BESS LLC,IL,65401.0,PV,51.8,Solar Photovoltaic,SUN,PV,Addition,Solar,2026-03-01
2026,3.0,63726.0,Vistra Zero LLC,IPP,Oak Hill - Dry Creek,TX,64132.0,PV1,200.0,Solar Photovoltaic,SUN,PV,Addition,Solar,2026-03-01
2026,3.0,60059.0,ZGlobal Inc,IPP,Lara 2 Hybrid,CA,67234.0,LARAB,0.9,Batteries,MWH,BA,Addition,Battery storage,2026-03-01
2026,3.0,60059.0,ZGlobal Inc,IPP,Lara 2 Hybrid,CA,67234.0,LARAS,0.7,Solar Photovoltaic,SUN,PV,Addition,Solar,2026-03-01
2026,4.0,67825.0,"2065 George St Solar, LLC",IPP,2065 George St Community Solar,IL,69987.0,PV1,3.2,Solar Photovoltaic,SUN,PV,Addition,Solar,2026-04-01
2026,4.0,64904.0,AES Clean Energy,IPP,West Camp Wind Farm,AZ,69451.0,WCAMP,500.0,Onshore Wind Turbine,WND,WT,Addition,Wind,2026-04-01
2026,4.0,67470.0,AETS AM LLC,IPP,Aggreko MSR Grid PC2,TX,69416.0,PC2,10.0,Batteries,MWH,BA,Addition,Battery storage,2026-04-01
2026,4.0,67470.0,AETS AM LLC,IPP,Aggreko MSR Grid PC5,TX,69417.0,PC5,10.0,Batteries,MWH,BA,Addition,Battery storage,2026-04-01
2026,4.0,67470.0,AETS AM LLC,IPP,Aggreko MSR Grid PC7,TX,69418.0,PC7,10.0,Batteries,MWH,BA,Addition,Battery storage,2026-04-01
2026,4.0,15399.0,Avangrid Power LLC,IPP,"Tower Solar, LLC",OR,68329.0,TWS,120.0,Solar Photovoltaic,SUN,PV,Addition,Solar,2026-04-01
2026,4.0,66053.0,"Beehive Energy Storage, LLC",IPP,Beehive Energy Storage,AZ,67184.0,BHV1,250.0,Batteries,MWH,BA,Addition,Battery storage,2026-04-01
2026,4.0,66904.0,Boot Hill Solar LLC,IPP,Boot Hill Solar,KS,68517.0,BHS,150.0,Solar Photovoltaic,SUN,PV,Addition,Solar,2026-04-01
2026,4.0,66107.0,"Carne Energy Storage, LLC",IPP,"Carne Energy Storage, LLC",NM,67230.0,CS,130.0,Batteries,MWH,BA,Addition,Battery storage,2026-04-01
2026,4.0,67728.0,Cartwright Solar I LLC,IPP,Cartwright Solar I,OR,69781.0,CW140,44.0,Solar Photovoltaic,SUN,PV,Addition,Solar,2026-04-01
2026,4.0,67064.0,"Catalyze Chicago S Western Avenue 2 Microgrid, LLC",Electric Utility,IL Chicago 2635 S Western Ave. (West),IL,68778.0,20421,1.8,Solar Photovoltaic,SUN,PV,Addition,Solar,2026-04-01
2026,4.0,66536.0,"Cherry Valley PV I, LLC",IPP,Cherry Valley PV I,AR,67992.0,CHVLY,135.0,Solar Photovoltaic,SUN,PV,Addition,Solar,2026-04-01
2026,4.0,11135.0,City of Logan - (UT),Electric Utility,Logan City 2,UT,67445.0,1,2.5,Natural Gas Fired Combustion Turbine,NG,GT,Addition,Natural gas,2026-04-01
2026,4.0,11135.0,City of Logan - (UT),Electric Utility,Logan City 2,UT,67445.0,2,2.5,Natural Gas Fired Combustion Turbine,NG,GT,Addition,Natural gas,2026-04-01
2026,4.0,11135.0,City of Logan - (UT),Electric Utility,Logan City 2,UT,67445.0,3,2.5,Natural Gas Fired Combustion Turbine,NG,GT,Addition,Natural gas,2026-04-01
2026,4.0,11135.0,City of Logan - (UT),Electric Utility,Logan City 2,UT,67445.0,4,2.5,Natural Gas Fired Combustion Turbine,NG,GT,Addition,Natural gas,2026-04-01
2026,4.0,65835.0,"Clean Energy Future - Trumbull, LLC.",IPP,Trumbull Energy Center,OH,66918.0,GT11,275.6,Natural Gas Fired Combined Cycle,NG,CA,Addition,Natural gas,2026-04-01
2026,4.0,65835.0,"Clean Energy Future - Trumbull, LLC.",IPP,Trumbull Energy Center,OH,66918.0,GT12,275.6,Natural Gas Fired Combined Cycle,NG,CA,Addition,Natural gas,2026-04-01
2026,4.0,65835.0,"Clean Energy Future - Trumbull, LLC.",IPP,Trumbull Energy Center,OH,66918.0,STG,349.2,Natural Gas Fired Combined Cycle,NG,CA,Addition,Natural gas,2026-04-01
2026,4.0,67343.0,CleanAmps AssetCo LLC,IPP,Meadow Park Energy Center,TX,69234.0,MPBA1,9.9,Batteries,MWH,BA,Addition,Battery storage,2026-04-01
2026,4.0,66534.0,"Cooks Mill PV I, LLC",IPP,Cooks Mill PV I,IL,67991.0,CKML,99.0,Solar Photovoltaic,SUN,PV,Addition,Solar,2026-04-01
2026,4.0,66538.0,"Crooked Creek PV I, LLC",IPP,Crooked Creek PV I,IL,67993.0,CRDCK,99.0,Solar Photovoltaic,SUN,PV,Addition,Solar,2026-04-01
2026,4.0,5109.0,DTE Electric Company,Electric Utility,Mission Road Solar Park,MI,67756.0,MSRSP,172.0,Solar Photovoltaic,SUN,PV,Addition,Solar,2026-04-01
2026,4.0,65677.0,Dimension Energy LLC,IPP,Mount Laurel Solar 2 LLC CSG,NJ,69827.0,MTLA2,1.9,Solar Photovoltaic,SUN,PV,Addition,Solar,2026-04-01
2026,4.0,65677.0,Dimension Energy LLC,IPP,Ohara CSG 1 LLC,PA,69826.0,OHAR1,3.0,Solar Photovoltaic,SUN,PV,Addition,Solar,2026-04-01
2026,4.0,65677.0,Dimension Energy LLC,IPP,West Deptford Solar 2 LLC CSG,NJ,69853.0,DEPT2,1.7,Solar Photovoltaic,SUN,PV,Addition,Solar,2026-04-01
2026,4.0,6455.0,"Duke Energy Florida, LLC",Electric Utility,Jumper Creek Solar Plant,FL,69627.0,JCSP1,74.9,Solar Photovoltaic,SUN,PV,Addition,Solar,2026-04-01
2026,4.0,58135.0,Ecos Energy LLC,IPP,Rose Solar,MA,69794.0,ROSE,4.0,Solar Photovoltaic,SUN,PV,Addition,Solar,2026-04-01
2026,4.0,67313.0,Ellomay USA Inc,IPP,Mexia Solar Project,TX,69260.0,MEXA1,4.0,Solar Photovoltaic,SUN,PV,Addition,Solar,2026-04-01
2026,4.0,67313.0,Ellomay USA Inc,IPP,Mexia Solar Project,TX,69260.0,MEXA2,4.0,Solar Photovoltaic,SUN,PV,Addition,Solar,2026-04-01
2026,4.0,67600.0,Enterprise Storage LLC,IPP,Enterprise Storage,UT,69678.0,ESBA,80.0,Batteries,MWH,BA,Addition,Battery storage,2026-04-01
2026,4.0,67599.0,Escalante BESS I LLC,IPP,Escalante BESS I,UT,69677.0,ESCBA,80.0,Batteries,MWH,BA,Addition,Battery storage,2026-04-01
2026,4.0,6452.0,Florida Power & Light Co,Electric Utility,Clover FL,FL,68821.0,1,74.5,Solar Photovoltaic,SUN,PV,Addition,Solar,2026-04-01
2026,4.0,6452.0,Florida Power & Light Co,Electric Utility,North Orange,FL,65883.0,1,74.5,Solar Photovoltaic,SUN,PV,Addition,Solar,2026-04-01
2026,4.0,6452.0,Florida Power & Light Co,Electric Utility,Sand Pine,FL,68818.0,1,74.5,Solar Photovoltaic,SUN,PV,Addition,Solar,2026-04-01
2026,4.0,6452.0,Florida Power & Light Co,Electric Utility,Sea Grape,FL,68819.0,1,74.5,Solar Photovoltaic,SUN,PV,Addition,Solar,2026-04-01
2026,4.0,6763.0,Freestone Power Generation LLC,IPP,"Pin Oak Creek Energy Center, LLC",TX,67500.0,GT5,212.0,Natural Gas Fired Combustion Turbine,NG,GT,Addition,Natural gas,2026-04-01
2026,4.0,6763.0,Freestone Power Generation LLC,IPP,"Pin Oak Creek Energy Center, LLC",TX,67500.0,GT6,212.0,Natural Gas Fired Combustion Turbine,NG,GT,Addition,Natural gas,2026-04-01
2026,4.0,7140.0,Georgia Power Co,Electric Utility,Moody Air Force Base Solar,GA,62377.0,2,49.5,Batteries,MWH,BA,Addition,Battery storage,2026-04-01
2026,4.0,67601.0,Granite Mountain BESS East LLC,IPP,Granite Mountain BESS East,UT,69679.0,GMEBA,80.0,Batteries,MWH,BA,Addition,Battery storage,2026-04-01
2026,4.0,65076.0,"HEN Infrastructure, L.L.C.",IPP,Olney,TX,65832.0,OLNYD,9.9,Petroleum Liquids,DFO,IC,Addition,Other thermal,2026-04-01
2026,4.0,66319.0,"Heartwood Solar, LLC",IPP,Heartwood Solar,MI,67677.0,HWS,150.0,Solar Photovoltaic,SUN,PV,Addition,Solar,2026-04-01
2026,4.0,67231.0,"Iron Springs BESS, LLC",IPP,Iron Springs BESS,UT,69041.0,ISBA,80.0,Batteries,MWH,BA,Addition,Battery storage,2026-04-01
2026,4.0,11269.0,Lower Colorado River Authority,Electric Utility,Timmerman Power Plant,TX,66335.0,G11,18.6,Natural Gas Internal Combustion Engine,NG,IC,Addition,Natural gas,2026-04-01
2026,4.0,11269.0,Lower Colorado River Authority,Electric Utility,Timmerman Power Plant,TX,66335.0,G12,18.6,Natural Gas Internal Combustion Engine,NG,IC,Addition,Natural gas,2026-04-01
2026,4.0,11269.0,Lower Colorado River Authority,Electric Utility,Timmerman Power Plant,TX,66335.0,G13,18.6,Natural Gas Internal Combustion Engine,NG,IC,Addition,Natural gas,2026-04-01
2026,4.0,11269.0,Lower Colorado River Authority,Electric Utility,Timmerman Power Plant,TX,66335.0,G14,18.6,Natural Gas Internal Combustion Engine,NG,IC,Addition,Natural gas,2026-04-01
2026,4.0,11269.0,Lower Colorado River Authority,Electric Utility,Timmerman Power Plant,TX,66335.0,G15,18.6,Natural Gas Internal Combustion Engine,NG,IC,Addition,Natural gas,2026-04-01
2026,4.0,11269.0,Lower Colorado River Authority,Electric Utility,Timmerman Power Plant,TX,66335.0,G16,18.6,Natural Gas Internal Combustion Engine,NG,IC,Addition,Natural gas,2026-04-01
2026,4.0,11269.0,Lower Colorado River Authority,Electric Utility,Timmerman Power Plant,TX,66335.0,G17,18.6,Natural Gas Internal Combustion Engine,NG,IC,Addition,Natural gas,2026-04-01
2026,4.0,11269.0,Lower Colorado River Authority,Electric Utility,Timmerman Power Plant,TX,66335.0,G18,18.6,Natural Gas Internal Combustion Engine,NG,IC,Addition,Natural gas,2026-04-01
2026,4.0,11269.0,Lower Colorado River Authority,Electric Utility,Timmerman Power Plant,TX,66335.0,G19,18.6,Natural Gas Internal Combustion Engine,NG,IC,Addition,Natural gas,2026-04-01
2026,4.0,11269.0,Lower Colorado River Authority,Electric Utility,Timmerman Power Plant,TX,66335.0,G20,18.6,Natural Gas Internal Combustion Engine,NG,IC,Addition,Natural gas,2026-04-01
2026,4.0,11479.0,Madison Gas & Electric Co,Electric Utility,Blount BESS,WI,69311.0,BLTB,7.0,Batteries,MWH,BA,Addition,Battery storage,2026-04-01
2026,4.0,11479.0,Madison Gas & Electric Co,Electric Utility,Huiskamp BESS,WI,69312.0,HKPB,7.0,Batteries,MWH,BA,Addition,Battery storage,2026-04-01
2026,4.0,11479.0,Madison Gas & Electric Co,Electric Utility,West Middleton BESS,WI,69313.0,WMB,7.0,Batteries,MWH,BA,Addition,Battery storage,2026-04-01
2026,4.0,66572.0,"Montpelier Solar, LLC",IPP,Montpelier Solar Project,OH,68062.0,MPLR,49.0,Solar Photovoltaic,SUN,PV,Addition,Solar,2026-04-01
2026,4.0,56990.0,NJR Clean Energy Ventures Corporation,IPP,Stafford Solar One,CT,69282.0,STFRD,4.0,Solar Photovoltaic,SUN,PV,Addition,Solar,2026-04-01
2026,4.0,56990.0,NJR Clean Energy Ventures Corporation,IPP,Vineland Solar LLC,NJ,69951.0,VNLD2,15.0,Solar Photovoltaic,SUN,PV,Addition,Solar,2026-04-01
2026,4.0,66445.0,"NineDot Holdings, LLC",IPP,"Nelson Clean Energy, LLC",NY,67885.0,ND005,3.0,Batteries,MWH,BA,Addition,Battery storage,2026-04-01
2026,4.0,66445.0,"NineDot Holdings, LLC",IPP,"Nelson Clean Energy, LLC",NY,67885.0,ND006,5.0,Batteries,MWH,BA,Addition,Battery storage,2026-04-01
2026,4.0,66769.0,"Old 300 Storage Center, LLC",IPP,Old 300 Storage Center,TX,68365.0,8681,250.0,Batteries,MWH,BA,Addition,Battery storage,2026-04-01
2026,4.0,66852.0,"PVS 2, LLC",IPP,Pleasant Valley Solar 2 Project,ID,68487.0,PVS2,125.0,Solar Photovoltaic,SUN,PV,Addition,Solar,2026-04-01
2026,4.0,66844.0,Pediment BESS I LLC,IPP,Pediment BESS I,AZ,68477.0,1,250.0,Batteries,MWH,BA,Addition,Battery storage,2026-04-01
2026,4.0,65869.0,Prologis Logistics Services Incorporated,IPP,Prologis Edison 0405 - SLCNJ405 - Community Solar,NJ,69438.0,CN405,1.2,Solar Photovoltaic,SUN,PV,Addition,Solar,2026-04-01
2026,4.0,65869.0,Prologis Logistics Services Incorporated,IPP,Prologis Edison 0503 - SLCNJ005 - Community Solar,NJ,69619.0,CN005,1.0,Solar Photovoltaic,SUN,PV,Addition,Solar,2026-04-01
2026,4.0,67192.0,RWE Clean Energy,IPP,Arlington Valley Solar Energy I,AZ,57679.0,AVSE1,125.0,Solar Photovoltaic,SUN,PV,Addition,Solar,2026-04-01
2026,4.0,67465.0,"Redfield PV I, LLC",IPP,Redfield Solar,AR,69394.0,REDF1,100.0,Solar Photovoltaic,SUN,PV,Addition,Solar,2026-04-01
2026,4.0,67408.0,Regis Medina Lake LLC,IPP,Regis Medina Lake,TX,69341.0,MEDLA,9.9,Batteries,MWH,BA,Addition,Battery storage,2026-04-01
2026,4.0,65265.0,Repsol Renewables NA,IPP,Hecate Energy Longhorn Solar LLC,TX,68839.0,RRPS,650.0,Solar Photovoltaic,SUN,PV,Addition,Solar,2026-04-01
2026,4.0,56128.0,SAS Institute Inc,IPP,SAS Solar Farm,NC,56915.0,5,1.0,Solar Photovoltaic,SUN,PV,Addition,Solar,2026-04-01
2026,4.0,66584.0,"SR Benton, LLC",IPP,SR Benton,TN,68095.0,BENTN,3.0,Solar Photovoltaic,SUN,PV,Addition,Solar,2026-04-01
2026,4.0,66662.0,"SR Gray, LLC",IPP,SR Gray,TN,68248.0,GRAY,6.0,Solar Photovoltaic,SUN,PV,Addition,Solar,2026-04-01
2026,4.0,66592.0,"SR Hickman, LLC",IPP,SR Hickman,TN,68103.0,HICK,5.5,Solar Photovoltaic,SUN,PV,Addition,Solar,2026-04-01
2026,4.0,66141.0,Solar PV Development NM 18 II LLC,IPP,Solar PV Development NM 18 II LLC,NM,67260.0,SPD,130.0,Solar Photovoltaic,SUN,PV,Addition,Solar,2026-04-01
2026,4.0,17718.0,Southwestern Public Service Co,Electric Utility,Cunningham Solar I & BESS,NM,69258.0,CHCB,36.0,Batteries,MWH,BA,Addition,Battery storage,2026-04-01
2026,4.0,17718.0,Southwestern Public Service Co,Electric Utility,Cunningham Solar I & BESS,NM,69258.0,CHCS1,72.0,Solar Photovoltaic,SUN,PV,Addition,Solar,2026-04-01
2026,4.0,17718.0,Southwestern Public Service Co,Electric Utility,Plant X Solar,TX,69435.0,PLXS,150.0,Solar Photovoltaic,SUN,PV,Addition,Solar,2026-04-01
2026,4.0,60531.0,Standard Solar,IPP,Pluma - Clovis Concrete North CSG,NM,69556.0,CLOCN,3.4,Solar Photovoltaic,SUN,PV,Addition,Solar,2026-04-01
2026,4.0,66853.0,"Sun Pond, LLC",IPP,Sun Pond,AZ,68492.0,GEN01,85.0,Solar Photovoltaic,SUN,PV,Addition,Solar,2026-04-01
2026,4.0,66853.0,"Sun Pond, LLC",IPP,Sun Pond,AZ,68492.0,GEN02,85.0,Batteries,MWH,BA,Addition,Battery storage,2026-04-01
2026,4.0,67340.0,"Sunset Road Solar 3, LLC",IPP,Sunset Road Solar 3 Community Solar,IL,69231.0,SR3,5.0,Solar Photovoltaic,SUN,PV,Addition,Solar,2026-04-01
2026,4.0,67341.0,"Sunset Road Solar 4, LLC",IPP,Sunset Road Solar 4 Community Solar,IL,69232.0,SR4,2.5,Solar Photovoltaic,SUN,PV,Addition,Solar,2026-04-01
2026,4.0,18454.0,Tampa Electric Co,Electric Utility,Bayside Battery Storage,FL,69165.0,BESS1,20.0,Batteries,MWH,BA,Addition,Battery storage,2026-04-01
2026,4.0,65173.0,United States Solar Corporation,IPP,USS Calico Solar LLC,CO,69611.0,USCA,5.0,Solar Photovoltaic,SUN,PV,Addition,Solar,2026-04-01
2026,4.0,65173.0,United States Solar Corporation,IPP,USS High Plains Solar LLC,CO,69614.0,USHPL,5.0,Solar Photovoltaic,SUN,PV,Addition,Solar,2026-04-01
2026,4.0,65173.0,United States Solar Corporation,IPP,USS Tall Grass Solar LLC,CO,69610.0,USTGS,5.0,Solar Photovoltaic,SUN,PV,Addition,Solar,2026-04-01
2026,4.0,65640.0,Vineyard Wind 1 LLC,IPP,Vineyard Wind 1,MA,63093.0,VW01,800.0,Offshore Wind Turbine,WND,WS,Addition,Wind,2026-04-01
2026,4.0,5504.0,Vistra Corp,IPP,Newton Solar BESS LLC,IL,65401.0,BA,2.0,Batteries,MWH,BA,Addition,Battery storage,2026-04-01
2026,4.0,67351.0,"Wilmot Energy Center II, LLC",IPP,Wilmot Energy Center II,AZ,69254.0,WIL2B,100.0,Batteries,MWH,BA,Addition,Battery storage,2026-04-01
2026,4.0,67351.0,"Wilmot Energy Center II, LLC",IPP,Wilmot Energy Center II,AZ,69254.0,WIL2S,100.0,Solar Photovoltaic,SUN,PV,Addition,Solar,2026-04-01
2026,4.0,20847.0,Wisconsin Electric Power Co,Electric Utility,"Strawberry Creek Solar WI, LLC",WI,69504.0,20258,6.0,Solar Photovoltaic,SUN,PV,Addition,Solar,2026-04-01
2026,4.0,67303.0,Wizard Energy Storage LLC,IPP,Wizard Energy Storage,TX,69152.0,WZRD,150.0,Batteries,MWH,BA,Addition,Battery storage,2026-04-01
2026,5.0,67111.0,Angiola East LLC,IPP,Angela Solar Project,CA,68854.0,ABESS,20.0,Batteries,MWH,BA,Addition,Battery storage,2026-05-01
2026,5.0,67111.0,Angiola East LLC,IPP,Angela Solar Project,CA,68854.0,ANG1,40.0,Solar Photovoltaic,SUN,PV,Addition,Solar,2026-05-01
2026,5.0,807.0,Arkansas Electric Coop Corp,Electric Utility,Thomas Fitzhugh,AR,201.0,3,46.5,Natural Gas Fired Combustion Turbine,NG,GT,Addition,Natural gas,2026-05-01
2026,5.0,67458.0,Barrett Solar Project LLC (RE),IPP,Barrett Solar Project,TX,69359.0,BARS1,117.0,Solar Photovoltaic,SUN,PV,Addition,Solar,2026-05-01
2026,5.0,65691.0,"Branch Solar, LLC",IPP,Branch Solar Project,MI,66697.0,BS1,200.0,Solar Photovoltaic,SUN,PV,Addition,Solar,2026-05-01
2026,5.0,67459.0,Bynum Solar Project LLC (RE),IPP,Bynum Solar Project,TX,69360.0,BAYS1,55.0,Solar Photovoltaic,SUN,PV,Addition,Solar,2026-05-01
2026,5.0,65567.0,"Catalyze Pasadena 10585 Red Bluff Road Microgrid, LLC",IPP,TX Pasadena 10585 Red Bluff Road Solar,TX,66519.0,19503,2.4,Solar Photovoltaic,SUN,PV,Addition,Solar,2026-05-01
2026,5.0,67461.0,DGSP2 LLC,IPP,Plaza Street,TX,69362.0,PSBAT,9.9,Batteries,MWH,BA,Addition,Battery storage,2026-05-01
2026,5.0,5109.0,DTE Electric Company,Electric Utility,Fish Creek Solar Park,MI,67754.0,FSCSP,146.2,Solar Photovoltaic,SUN,PV,Addition,Solar,2026-05-01
2026,5.0,65677.0,Dimension Energy LLC,IPP,"Blue Iris Solar, LLC CSG",IL,69850.0,BLUIR,5.0,Solar Photovoltaic,SUN,PV,Addition,Solar,2026-05-01
2026,5.0,67460.0,Distributed Generation Solutions LLC,IPP,DGS Five Points,TX,69361.0,FPBAT,9.9,Batteries,MWH,BA,Addition,Battery storage,2026-05-01
2026,5.0,67508.0,"Elevate Renewables, LLC",IPP,Prospect Power BESS,VA,68055.0,PPB,150.0,Batteries,MWH,BA,Addition,Battery storage,2026-05-01
2026,5.0,67345.0,"Esmen Solar 1, LLC",IPP,NL IL - Esmen East CSG,IL,69308.0,ESMNE,5.0,Solar Photovoltaic,SUN,PV,Addition,Solar,2026-05-01
2026,5.0,65206.0,Eureka North Solar LLC,IPP,Eureka North Solar,NY,66042.0,63232,3.5,Solar Photovoltaic,SUN,PV,Addition,Solar,2026-05-01
2026,5.0,65205.0,Eureka South Solar LLC,IPP,Eureka South Solar,NY,66041.0,63231,5.0,Solar Photovoltaic,SUN,PV,Addition,Solar,2026-05-01
2026,5.0,22500.0,"Evergy Kansas Central, Inc",Electric Utility,Chanute Solar,KS,69036.0,CHANS,6.0,Solar Photovoltaic,SUN,PV,Addition,Solar,2026-05-01
2026,5.0,67582.0,"Intersect USA, LLC",IPP,"IP Radian, LLC",TX,64859.0,RADBA,160.0,Batteries,MWH,BA,Addition,Battery storage,2026-05-01
2026,5.0,49893.0,Invenergy Services LLC,IPP,Yum Yum Solar LLC,TN,63026.0,GEN1,147.0,Solar Photovoltaic,SUN,PV,Addition,Solar,2026-05-01
2026,5.0,50123.0,"Leeward Asset Management, LLC",IPP,Huckleberry Solar,OK,68011.0,HBS,124.7,Solar Photovoltaic,SUN,PV,Addition,Solar,2026-05-01
2026,5.0,67424.0,Machias PV LLC,IPP,Machias PV,NY,69376.0,MACHI,2.0,Solar Photovoltaic,SUN,PV,Addition,Solar,2026-05-01
2026,5.0,56990.0,NJR Clean Energy Ventures Corporation,IPP,Changewater 1,NJ,69259.0,CGWTR,11.0,Solar Photovoltaic,SUN,PV,Addition,Solar,2026-05-01
2026,5.0,56990.0,NJR Clean Energy Ventures Corporation,IPP,National Park Solar,NJ,69249.0,NTLPK,6.0,Solar Photovoltaic,SUN,PV,Addition,Solar,2026-05-01
2026,5.0,65627.0,NRG THW GT LLC,IPP,NRG THW GT Electric Generating Station,TX,66601.0,GT61,204.0,Natural Gas Fired Combustion Turbine,NG,GT,Addition,Natural gas,2026-05-01
2026,5.0,65627.0,NRG THW GT LLC,IPP,NRG THW GT Electric Generating Station,TX,66601.0,GT62,204.0,Natural Gas Fired Combustion Turbine,NG,GT,Addition,Natural gas,2026-05-01
2026,5.0,61227.0,Nautilus Solar Solutions,IPP,Clover - (IL) CSG,IL,70043.0,16877,5.0,Solar Photovoltaic,SUN,PV,Addition,Solar,2026-05-01
2026,5.0,58764.0,"Origis Energy USA, Inc",IPP,Walker Springs II,AL,68669.0,OEALH,80.0,Solar Photovoltaic,SUN,PV,Addition,Solar,2026-05-01
2026,5.0,56545.0,Pattern Operators LP,IPP,SunZia Wind North,NM,66924.0,SZW-N,1089.0,Onshore Wind Turbine,WND,WT,Addition,Wind,2026-05-01
2026,5.0,56545.0,Pattern Operators LP,IPP,SunZia Wind South,NM,66923.0,SZW-S,2561.2,Onshore Wind Turbine,WND,WT,Addition,Wind,2026-05-01
2026,5.0,29297.0,Pelican Utility,Electric Utility,Pelican,AK,6702.0,IC10,0.4,Petroleum Liquids,DFO,IC,Addition,Other thermal,2026-05-01
2026,5.0,66924.0,"Pineview Solar, LLC",IPP,"Pineview Solar, LLC",GA,68549.0,PNVW1,80.0,Solar Photovoltaic,SUN,PV,Addition,Solar,2026-05-01
2026,5.0,65539.0,Pivot Energy,IPP,TPE MD PR232,MD,69768.0,PR232,2.0,Solar Photovoltaic,SUN,PV,Addition,Solar,2026-05-01
2026,5.0,65539.0,Pivot Energy,IPP,TPE MD PR270,MD,69769.0,PR270,2.0,Solar Photovoltaic,SUN,PV,Addition,Solar,2026-05-01
2026,5.0,67358.0,RE Papago PV LLC,IPP,Papago PV,AZ,69256.0,PPAPV,150.0,Solar Photovoltaic,SUN,PV,Addition,Solar,2026-05-01
2026,5.0,67192.0,RWE Clean Energy,IPP,Ashwood Solar I,KY,67701.0,AS1,86.0,Solar Photovoltaic,SUN,PV,Addition,Solar,2026-05-01
2026,5.0,67192.0,RWE Clean Energy,IPP,Baron Winds II,NY,65513.0,BRNW2,113.2,Onshore Wind Turbine,WND,WT,Addition,Wind,2026-05-01
2026,5.0,67192.0,RWE Clean Energy,IPP,"Graceland Solar, LLC",TN,66687.0,GRA1,150.0,Solar Photovoltaic,SUN,PV,Addition,Solar,2026-05-01
2026,5.0,67410.0,Regis Utopia LLC,IPP,Regis Utopia,TX,69343.0,UTOP,9.9,Batteries,MWH,BA,Addition,Battery storage,2026-05-01
2026,5.0,66699.0,"SR Millington II, LLC",IPP,SR Millington II,TN,68326.0,MILL2,74.9,Solar Photovoltaic,SUN,PV,Addition,Solar,2026-05-01
2026,5.0,66598.0,"SR South Gibson, LLC",IPP,SR South Gibson,TN,68112.0,GIBSN,4.8,Solar Photovoltaic,SUN,PV,Addition,Solar,2026-05-01
2026,5.0,60531.0,Standard Solar,IPP,AC IL - Hillsboro CSG,IL,69787.0,HILLS,5.0,Solar Photovoltaic,SUN,PV,Addition,Solar,2026-05-01
2026,5.0,60531.0,Standard Solar,IPP,Kama 1 LLC,CA,68526.0,11,1.6,Solar Photovoltaic,SUN,PV,Addition,Solar,2026-05-01
2026,5.0,60531.0,Standard Solar,IPP,Kama 1 LLC,CA,68526.0,11B,0.4,Batteries,MWH,BA,Addition,Battery storage,2026-05-01
2026,5.0,60531.0,Standard Solar,IPP,NL DE Taylor CSG,DE,69792.0,NLDET,3.0,Solar Photovoltaic,SUN,PV,Addition,Solar,2026-05-01
2026,5.0,60531.0,Standard Solar,IPP,SPG IL Green River CSG,IL,69789.0,GREEN,2.8,Solar Photovoltaic,SUN,PV,Addition,Solar,2026-05-01
2026,5.0,65715.0,Strata Clean Energy,IPP,Justice Energy Storage,AZ,69469.0,JES1,150.0,Batteries,MWH,BA,Addition,Battery storage,2026-05-01
2026,5.0,61950.0,Terra-Gen Operating Co-Solar,IPP,"Desert Breeze Solar, LLC",CA,68045.0,LOC3,125.0,Solar Photovoltaic,SUN,PV,Addition,Solar,2026-05-01
2026,5.0,67153.0,Tesoro RV & Boat Storage,Commercial,Tesoro RV & Boat Storage,CA,68908.0,45067,2.5,Solar Photovoltaic,SUN,PV,Addition,Solar,2026-05-01
2026,5.0,63527.0,"Westlands Cherry, LLC",IPP,Cherry,CA,63850.0,BESS1,40.0,Batteries,MWH,BA,Addition,Battery storage,2026-05-01
2026,1.0,13048.0,City of Mountain Lake - (MN),Electric Utility,Mountain Lake,MN,1998.0,2,0.9,Natural Gas Internal Combustion Engine,NG,IC,Retirement,Natural gas,2026-01-01
2026,1.0,64954.0,Contango Oil and Gas,Industrial,Elk Basin Gasoline Plant,WY,52127.0,GEN1,0.8,Other Gases,OG,ST,Retirement,Other thermal,2026-01-01
2026,1.0,16024.0,Riverwood Intl USA Inc,Industrial,Graphic Packaging Intl Macon Mill,GA,54464.0,0002,4.7,Wood/Wood Waste Biomass,BLQ,ST,Retirement,Other renewables,2026-01-01
2026,1.0,66969.0,"TMF-RIG, LLC",Electric CHP,Threemile Digester,OR,58382.0,GEN3,1.6,Natural Gas Internal Combustion Engine,NG,IC,Retirement,Natural gas,2026-01-01
2026,2.0,60094.0,"Clinton Battery Utility, LLC",IPP,Clinton Battery,OH,60297.0,1,5.0,Batteries,MWH,BA,Retirement,Battery storage,2026-02-01
2026,2.0,63873.0,Lincoln Medical and Mental Health Center,Commercial,Lincoln Medical and Mental Health Center,NY,64291.0,B2,1.0,Petroleum Liquids,DFO,IC,Retirement,Other thermal,2026-02-01
2026,3.0,56440.0,G2 Energy LLC,IPP,G2 Energy Marion LLC,FL,57128.0,357,1.5,Landfill Gas,LFG,IC,Retirement,Other renewables,2026-03-01
2026,3.0,66969.0,"TMF-RIG, LLC",Electric CHP,Threemile Digester,OR,58382.0,GEN1,1.6,Natural Gas Internal Combustion Engine,NG,IC,Retirement,Natural gas,2026-03-01
2026,3.0,66969.0,"TMF-RIG, LLC",Electric CHP,Threemile Digester,OR,58382.0,GEN2,1.6,Natural Gas Internal Combustion Engine,NG,IC,Retirement,Natural gas,2026-03-01
2026,5.0,221.0,"Alaska Village Elec Coop, Inc",Electric Utility,Mountain Village,AK,6329.0,1,0.3,Petroleum Liquids,DFO,IC,Retirement,Other thermal,2026-05-01
2026,5.0,221.0,"Alaska Village Elec Coop, Inc",Electric Utility,Mountain Village,AK,6329.0,4A,0.8,Petroleum Liquids,DFO,IC,Retirement,Other thermal,2026-05-01
2026,5.0,10451.0,Kotzebue Electric Assn Inc,Electric Utility,Kotzebue Hybrid,AK,6304.0,13WT,0.1,Onshore Wind Turbine,WND,WT,Retirement,Wind,2026-05-01
2026,5.0,10451.0,Kotzebue Electric Assn Inc,Electric Utility,Kotzebue Hybrid,AK,6304.0,14wt,0.1,Onshore Wind Turbine,WND,WT,Retirement,Wind,2026-05-01
2026,5.0,10451.0,Kotzebue Electric Assn Inc,Electric Utility,Kotzebue Hybrid,AK,6304.0,15WT,0.1,Onshore Wind Turbine,WND,WT,Retirement,Wind,2026-05-01
2026,5.0,10451.0,Kotzebue Electric Assn Inc,Electric Utility,Kotzebue Hybrid,AK,6304.0,16WT,0.1,Onshore Wind Turbine,WND,WT,Retirement,Wind,2026-05-01
2026,5.0,10451.0,Kotzebue Electric Assn Inc,Electric Utility,Kotzebue Hybrid,AK,6304.0,17WT,0.1,Onshore Wind Turbine,WND,WT,Retirement,Wind,2026-05-01
2026,5.0,10451.0,Kotzebue Electric Assn Inc,Electric Utility,Kotzebue Hybrid,AK,6304.0,1WT,0.6,Onshore Wind Turbine,WND,WT,Retirement,Wind,2026-05-01
2026,5.0,10451.0,Kotzebue Electric Assn Inc,Electric Utility,Kotzebue Hybrid,AK,6304.0,2WT,0.1,Onshore Wind Turbine,WND,WT,Retirement,Wind,2026-05-01
2026,5.0,10451.0,Kotzebue Electric Assn Inc,Electric Utility,Kotzebue Hybrid,AK,6304.0,3WT,0.2,Onshore Wind Turbine,WND,WT,Retirement,Wind,2026-05-01
2026,5.0,67818.0,"MPH Elwood, LLC",IPP,MPH Elwood,IL,69979.0,GT3,150.0,Natural Gas Fired Combustion Turbine,NG,GT,Retirement,Natural gas,2026-05-01
2026,5.0,67818.0,"MPH Elwood, LLC",IPP,MPH Elwood,IL,69979.0,GT4,150.0,Natural Gas Fired Combustion Turbine,NG,GT,Retirement,Natural gas,2026-05-01
2026,5.0,59526.0,State Correctnl Inst Laurel Highlands,Commercial,Glades Pike Generation Plant,PA,59759.0,CAT1,1.6,Landfill Gas,LFG,IC,Retirement,Other renewables,2026-05-01
2026,5.0,59526.0,State Correctnl Inst Laurel Highlands,Commercial,Glades Pike Generation Plant,PA,59759.0,CAT2,1.6,Landfill Gas,LFG,IC,Retirement,Other renewables,2026-05-01
