Data Center Construction,Private Nonresidential Construction,"Computer, Electronic & Electrical Manufacturing Construction",Private Manufacturing Construction,Electric Power Construction,Communication Construction,Observation Date,Public Highway and Street Construction,Public Transportation Construction,Public Water Supply Construction
,150025.0,1817.0,24811.0,18300.0,9629.0,1993-01-01,,,
,149035.0,1718.0,23488.0,20123.0,9483.0,1993-02-01,,,
,148442.0,1717.0,22800.0,19513.0,10089.0,1993-03-01,,,
,144221.0,2465.0,21550.0,15973.0,9387.0,1993-04-01,,,
,148529.0,2941.0,23659.0,15268.0,9630.0,1993-05-01,,,
,147860.0,2398.0,21963.0,15066.0,9506.0,1993-06-01,,,
,145513.0,1800.0,22933.0,14936.0,9794.0,1993-07-01,,,
,149217.0,1786.0,23480.0,14418.0,9471.0,1993-08-01,,,
,150868.0,1616.0,23376.0,14849.0,9879.0,1993-09-01,,,
,151440.0,2027.0,23696.0,15692.0,9659.0,1993-10-01,,,
,156274.0,2578.0,23787.0,16180.0,9973.0,1993-11-01,,,
,159605.0,3034.0,25010.0,18639.0,10013.0,1993-12-01,,,
,148235.0,2306.0,24403.0,15568.0,9480.0,1994-01-01,,,
,152047.0,2666.0,24862.0,19585.0,10148.0,1994-02-01,,,
,159948.0,2614.0,25912.0,16610.0,10125.0,1994-03-01,,,
,159650.0,3115.0,26921.0,16244.0,9524.0,1994-04-01,,,
,162280.0,3614.0,29875.0,14209.0,9892.0,1994-05-01,,,
,160441.0,3707.0,28663.0,13429.0,10250.0,1994-06-01,,,
,158233.0,5034.0,28246.0,14654.0,9986.0,1994-07-01,,,
,161620.0,5310.0,29333.0,14244.0,10751.0,1994-08-01,,,
,163466.0,5915.0,30066.0,14489.0,10091.0,1994-09-01,,,
,163059.0,4727.0,30512.0,14050.0,10376.0,1994-10-01,,,
,168246.0,4979.0,33727.0,14208.0,10408.0,1994-11-01,,,
,165270.0,5418.0,32015.0,13861.0,10631.0,1994-12-01,,,
,169788.0,4024.0,32256.0,15251.0,11220.0,1995-01-01,,,
,173462.0,5472.0,33780.0,14450.0,10664.0,1995-02-01,,,
,178944.0,5828.0,34291.0,14852.0,10787.0,1995-03-01,,,
,180257.0,6331.0,35806.0,15439.0,12310.0,1995-04-01,,,
,180694.0,5932.0,37043.0,15465.0,10498.0,1995-05-01,,,
,184210.0,6048.0,35902.0,15117.0,11660.0,1995-06-01,,,
,185753.0,5983.0,36957.0,14527.0,12468.0,1995-07-01,,,
,180948.0,6371.0,35191.0,14172.0,11171.0,1995-08-01,,,
,182754.0,7302.0,35838.0,13698.0,11204.0,1995-09-01,,,
,183887.0,7621.0,35857.0,13374.0,10992.0,1995-10-01,,,
,181715.0,7457.0,35508.0,13032.0,10816.0,1995-11-01,,,
,182144.0,7620.0,35511.0,13099.0,10145.0,1995-12-01,,,
,187068.0,8489.0,39939.0,12125.0,11641.0,1996-01-01,,,
,185642.0,7111.0,37011.0,11919.0,11718.0,1996-02-01,,,
,184419.0,7867.0,36821.0,12143.0,10833.0,1996-03-01,,,
,189505.0,6941.0,37085.0,11946.0,11493.0,1996-04-01,,,
,187923.0,7589.0,36485.0,10887.0,11527.0,1996-05-01,,,
,194933.0,8381.0,37396.0,11166.0,11064.0,1996-06-01,,,
,189035.0,8551.0,36034.0,10813.0,10764.0,1996-07-01,,,
,196246.0,8701.0,35494.0,10691.0,11919.0,1996-08-01,,,
,200156.0,12305.0,38181.0,10856.0,11444.0,1996-09-01,,,
,209483.0,13027.0,42797.0,11131.0,11952.0,1996-10-01,,,
,209930.0,9896.0,40927.0,11309.0,12637.0,1996-11-01,,,
,208000.0,8480.0,38840.0,10880.0,13911.0,1996-12-01,,,
,208531.0,7615.0,38762.0,11989.0,12059.0,1997-01-01,,,
,206553.0,7632.0,38273.0,9898.0,12032.0,1997-02-01,,,
,202627.0,6916.0,34865.0,9886.0,11620.0,1997-03-01,,,
,206035.0,6568.0,36084.0,10372.0,12612.0,1997-04-01,,,
,207099.0,7762.0,36177.0,11134.0,12254.0,1997-05-01,,,
,209596.0,7411.0,36393.0,10619.0,12629.0,1997-06-01,,,
,218840.0,8388.0,38968.0,11429.0,13395.0,1997-07-01,,,
,219995.0,8066.0,38172.0,12245.0,12457.0,1997-08-01,,,
,222959.0,8600.0,38597.0,12531.0,13176.0,1997-09-01,,,
,223110.0,7782.0,38519.0,12683.0,12576.0,1997-10-01,,,
,218126.0,6870.0,37407.0,10964.0,12492.0,1997-11-01,,,
,218388.0,6838.0,39180.0,10915.0,11865.0,1997-12-01,,,
,219748.0,6780.0,39333.0,9674.0,12006.0,1998-01-01,,,
,221382.0,7215.0,39842.0,10082.0,13025.0,1998-02-01,,,
,228207.0,10108.0,43006.0,9335.0,13400.0,1998-03-01,,,
,235598.0,8769.0,41412.0,12024.0,12284.0,1998-04-01,,,
,234582.0,8557.0,40807.0,13068.0,13085.0,1998-05-01,,,
,248234.0,8370.0,40067.0,14495.0,12522.0,1998-06-01,,,
,239636.0,7262.0,38311.0,15327.0,12167.0,1998-07-01,,,
,243170.0,6898.0,41540.0,15351.0,12383.0,1998-08-01,,,
,242566.0,6704.0,40743.0,14771.0,12357.0,1998-09-01,,,
,241654.0,6786.0,40623.0,12492.0,12928.0,1998-10-01,,,
,243153.0,6639.0,40042.0,12904.0,12010.0,1998-11-01,,,
,243689.0,6924.0,40300.0,13238.0,11507.0,1998-12-01,,,
,242862.0,5673.0,38716.0,15584.0,13766.0,1999-01-01,,,
,251260.0,5526.0,37575.0,18591.0,14700.0,1999-02-01,,,
,253110.0,5076.0,37992.0,16187.0,16752.0,1999-03-01,,,
,244859.0,4794.0,35523.0,11043.0,17676.0,1999-04-01,,,
,242211.0,4665.0,34976.0,10907.0,16647.0,1999-05-01,,,
,249433.0,4668.0,34980.0,16534.0,16856.0,1999-06-01,,,
,255008.0,4867.0,35027.0,19079.0,19467.0,1999-07-01,,,
,246083.0,4609.0,34586.0,13528.0,19831.0,1999-08-01,,,
,247860.0,4360.0,34161.0,13843.0,19733.0,1999-09-01,,,
,246803.0,4318.0,32512.0,15048.0,20598.0,1999-10-01,,,
,255740.0,4418.0,32703.0,18157.0,20911.0,1999-11-01,,,
,257380.0,4338.0,34293.0,19299.0,20393.0,1999-12-01,,,
,247213.0,4700.0,32449.0,18290.0,19353.0,2000-01-01,,,
,265200.0,4655.0,35742.0,22291.0,16775.0,2000-02-01,,,
,268020.0,4757.0,36433.0,21829.0,18052.0,2000-03-01,,,
,264832.0,5226.0,36553.0,20719.0,17082.0,2000-04-01,,,
,275989.0,5216.0,39979.0,22542.0,18004.0,2000-05-01,,,
,271873.0,6255.0,38449.0,19592.0,18873.0,2000-06-01,,,
,274805.0,6386.0,37295.0,24285.0,17694.0,2000-07-01,,,
,284502.0,6795.0,38617.0,26102.0,17497.0,2000-08-01,,,
,289543.0,7152.0,38456.0,26279.0,22175.0,2000-09-01,,,
,286731.0,7884.0,39157.0,27274.0,17874.0,2000-10-01,,,
,288986.0,8436.0,39100.0,29125.0,19907.0,2000-11-01,,,
,281975.0,8582.0,38470.0,21787.0,22231.0,2000-12-01,,,
,278005.0,10233.0,43224.0,17809.0,20205.0,2001-01-01,,,
,270735.0,8717.0,40064.0,16106.0,19279.0,2001-02-01,,,
,280450.0,8479.0,42465.0,20644.0,18642.0,2001-03-01,,,
,278653.0,7369.0,40776.0,21671.0,20623.0,2001-04-01,,,
,281069.0,6064.0,38921.0,25359.0,22629.0,2001-05-01,,,
,284499.0,6006.0,40082.0,28138.0,19441.0,2001-06-01,,,
,279200.0,5635.0,39336.0,25913.0,18902.0,2001-07-01,,,
,274690.0,5521.0,38439.0,26764.0,20200.0,2001-08-01,,,
,270320.0,5932.0,38751.0,25954.0,19814.0,2001-09-01,,,
,268404.0,3680.0,34000.0,28837.0,18954.0,2001-10-01,,,
,260359.0,2754.0,29466.0,29297.0,18658.0,2001-11-01,,,
,264194.0,3159.0,30083.0,34895.0,18372.0,2001-12-01,,,
,263731.0,2605.0,28116.0,33473.0,18843.0,2002-01-01,62553.0,19035.0,11412.0
,256668.0,2495.0,25816.0,31528.0,19831.0,2002-02-01,61664.0,19226.0,11717.0
,252252.0,2309.0,24835.0,29545.0,19053.0,2002-03-01,52889.0,19835.0,11530.0
,250341.0,2233.0,24301.0,28436.0,18895.0,2002-04-01,52965.0,18717.0,11823.0
,241636.0,2315.0,23650.0,25377.0,18544.0,2002-05-01,56191.0,19551.0,13026.0
,235344.0,1927.0,22981.0,22757.0,19234.0,2002-06-01,55273.0,19726.0,12197.0
,229426.0,1885.0,21868.0,22906.0,18707.0,2002-07-01,58189.0,19201.0,11655.0
,227442.0,1702.0,20733.0,21315.0,17931.0,2002-08-01,57267.0,19296.0,11741.0
,224568.0,1486.0,20028.0,20252.0,16938.0,2002-09-01,56598.0,18882.0,12329.0
,228572.0,1486.0,20691.0,21748.0,17784.0,2002-10-01,57615.0,18190.0,12634.0
,228716.0,1375.0,20804.0,23317.0,17073.0,2002-11-01,56332.0,18838.0,12124.0
,222509.0,1408.0,20214.0,22052.0,18227.0,2002-12-01,64279.0,18039.0,12488.0
,226819.0,1403.0,19598.0,29423.0,13589.0,2003-01-01,61134.0,17910.0,12060.0
,225646.0,1243.0,19754.0,29771.0,13643.0,2003-02-01,58549.0,18608.0,12714.0
,229653.0,1249.0,20723.0,30855.0,14297.0,2003-03-01,53496.0,17685.0,12324.0
,227092.0,1249.0,20541.0,28725.0,14355.0,2003-04-01,54507.0,18650.0,11814.0
,232573.0,1209.0,22072.0,26612.0,14572.0,2003-05-01,53781.0,18323.0,12085.0
,231498.0,1225.0,22403.0,25689.0,14659.0,2003-06-01,55703.0,18737.0,12359.0
,224707.0,1198.0,21444.0,20671.0,15051.0,2003-07-01,55490.0,18248.0,12151.0
,228595.0,1195.0,21517.0,23098.0,14244.0,2003-08-01,57473.0,18508.0,12547.0
,233700.0,1434.0,22317.0,26226.0,14682.0,2003-09-01,59799.0,18516.0,11894.0
,233121.0,2167.0,22797.0,22813.0,14194.0,2003-10-01,58853.0,18332.0,11755.0
,226077.0,1866.0,21941.0,20823.0,14736.0,2003-11-01,58466.0,18057.0,12015.0
,232151.0,1793.0,21392.0,23155.0,15201.0,2003-12-01,57719.0,16680.0,11766.0
,227349.0,1518.0,21253.0,25540.0,12927.0,2004-01-01,56936.0,17638.0,12621.0
,227051.0,2017.0,22116.0,21998.0,14173.0,2004-02-01,54671.0,17346.0,12337.0
,233056.0,2448.0,21681.0,21837.0,14570.0,2004-03-01,60004.0,18591.0,12858.0
,233437.0,2394.0,21351.0,20224.0,14713.0,2004-04-01,60418.0,18306.0,12574.0
,232956.0,2573.0,22122.0,17791.0,14914.0,2004-05-01,58426.0,17616.0,12031.0
,232519.0,2564.0,20483.0,17280.0,14697.0,2004-06-01,59498.0,17522.0,12093.0
,238888.0,2709.0,21973.0,16255.0,15268.0,2004-07-01,57503.0,18899.0,13239.0
,241348.0,2871.0,22525.0,20462.0,15748.0,2004-08-01,56840.0,18242.0,12301.0
,246868.0,3413.0,23193.0,23180.0,16397.0,2004-09-01,54231.0,18203.0,12143.0
,246581.0,3308.0,25459.0,22565.0,17257.0,2004-10-01,58303.0,18640.0,11350.0
,247029.0,3352.0,27525.0,22243.0,15995.0,2004-11-01,62906.0,18758.0,11555.0
,246725.0,3909.0,28119.0,21724.0,17161.0,2004-12-01,61606.0,18285.0,11802.0
,250158.0,4058.0,27578.0,21750.0,19121.0,2005-01-01,59637.0,18259.0,12324.0
,251796.0,4438.0,28016.0,20989.0,18870.0,2005-02-01,64318.0,17868.0,12316.0
,251961.0,4160.0,28650.0,20549.0,18322.0,2005-03-01,62696.0,17862.0,13227.0
,254161.0,4107.0,27939.0,21874.0,18621.0,2005-04-01,61438.0,17531.0,13945.0
,255438.0,3982.0,27051.0,22780.0,18739.0,2005-05-01,62198.0,17050.0,14208.0
,252025.0,4322.0,27548.0,22777.0,18753.0,2005-06-01,63138.0,17457.0,13866.0
,253900.0,3964.0,27589.0,22981.0,18900.0,2005-07-01,63092.0,17814.0,13602.0
,257599.0,3802.0,29024.0,22531.0,19051.0,2005-08-01,64049.0,18152.0,14478.0
,263183.0,3809.0,29048.0,22281.0,18374.0,2005-09-01,65774.0,18146.0,13978.0
,265451.0,3926.0,29294.0,23462.0,18510.0,2005-10-01,65237.0,18200.0,13824.0
,269373.0,3875.0,29590.0,24411.0,19559.0,2005-11-01,65639.0,18109.0,14063.0
,272395.0,4092.0,29672.0,24490.0,19831.0,2005-12-01,65989.0,17866.0,14047.0
,277343.0,3475.0,29698.0,23875.0,21794.0,2006-01-01,66507.0,17716.0,14377.0
,280283.0,3915.0,28900.0,24974.0,21300.0,2006-02-01,68286.0,17774.0,13911.0
,285365.0,3950.0,30851.0,25327.0,21276.0,2006-03-01,70141.0,18843.0,14614.0
,287651.0,5087.0,31862.0,24216.0,21511.0,2006-04-01,73543.0,19045.0,14276.0
,292927.0,3829.0,31848.0,25336.0,21174.0,2006-05-01,73387.0,18988.0,14903.0
,299334.0,4772.0,33010.0,26236.0,21622.0,2006-06-01,73872.0,19785.0,14568.0
,301402.0,4326.0,32092.0,26904.0,21868.0,2006-07-01,75761.0,19644.0,14639.0
,306563.0,4294.0,35881.0,27135.0,22297.0,2006-08-01,72577.0,19766.0,14222.0
,307094.0,4014.0,34212.0,26521.0,23372.0,2006-09-01,70247.0,19486.0,14343.0
,304567.0,3711.0,32318.0,26568.0,23277.0,2006-10-01,69466.0,19414.0,14715.0
,312164.0,3354.0,32408.0,28194.0,23000.0,2006-11-01,70446.0,19701.0,14751.0
,320162.0,3182.0,32700.0,29153.0,23928.0,2006-12-01,71882.0,20633.0,14822.0
,320249.0,3471.0,33382.0,28884.0,23777.0,2007-01-01,78215.0,21174.0,14974.0
,332339.0,3732.0,34468.0,31841.0,26619.0,2007-02-01,76093.0,20867.0,15406.0
,340354.0,2845.0,33954.0,33397.0,26758.0,2007-03-01,75239.0,20308.0,15912.0
,345178.0,2914.0,35825.0,33265.0,25695.0,2007-04-01,75497.0,21275.0,15873.0
,358048.0,2827.0,35234.0,37072.0,27616.0,2007-05-01,75536.0,22243.0,16220.0
,369495.0,2593.0,37526.0,42030.0,28115.0,2007-06-01,75261.0,22221.0,15790.0
,370632.0,2589.0,40927.0,41465.0,26853.0,2007-07-01,71985.0,24259.0,14807.0
,384672.0,2167.0,40314.0,46566.0,28473.0,2007-08-01,75965.0,23493.0,15322.0
,395532.0,2237.0,48027.0,46312.0,28655.0,2007-09-01,77714.0,23879.0,15622.0
,408729.0,2002.0,49256.0,52038.0,28679.0,2007-10-01,77235.0,24642.0,15234.0
,402136.0,1866.0,44181.0,51726.0,28098.0,2007-11-01,78515.0,24198.0,14369.0
,401961.0,1740.0,47937.0,51368.0,29450.0,2007-12-01,78242.0,24008.0,13648.0
,414958.0,1603.0,48190.0,54698.0,30023.0,2008-01-01,75757.0,24945.0,13367.0
,411129.0,1512.0,48028.0,52390.0,28599.0,2008-02-01,77736.0,25604.0,15771.0
,406437.0,1576.0,48567.0,49461.0,29641.0,2008-03-01,82405.0,25357.0,15345.0
,411413.0,1917.0,49910.0,50161.0,28292.0,2008-04-01,82028.0,24969.0,15073.0
,414316.0,1833.0,52617.0,50775.0,29996.0,2008-05-01,78488.0,25233.0,16528.0
,408045.0,2039.0,54289.0,49089.0,26617.0,2008-06-01,79236.0,25729.0,16933.0
,411470.0,2404.0,52515.0,50719.0,26131.0,2008-07-01,80068.0,25752.0,17684.0
,403794.0,2305.0,54380.0,48796.0,23988.0,2008-08-01,81821.0,26020.0,16465.0
,410624.0,2287.0,56654.0,52321.0,24242.0,2008-09-01,81638.0,25651.0,16405.0
,412323.0,2513.0,58710.0,56164.0,23309.0,2008-10-01,82927.0,26427.0,16747.0
,405596.0,2910.0,58318.0,55328.0,23168.0,2008-11-01,83884.0,25682.0,17405.0
,393186.0,2907.0,58386.0,56508.0,22599.0,2008-12-01,80885.0,25342.0,17070.0
,381677.0,3272.0,63869.0,55495.0,20487.0,2009-01-01,80732.0,26211.0,15315.0
,382404.0,3194.0,66482.0,59905.0,18436.0,2009-02-01,81762.0,28088.0,16072.0
,383667.0,3125.0,64284.0,67067.0,19322.0,2009-03-01,80107.0,25761.0,15799.0
,369627.0,3230.0,63750.0,55959.0,20268.0,2009-04-01,80229.0,25190.0,16007.0
,365757.0,3393.0,63219.0,59146.0,19920.0,2009-05-01,80409.0,26274.0,14941.0
,354227.0,3298.0,59394.0,61714.0,19729.0,2009-06-01,82881.0,27023.0,15208.0
,344704.0,3469.0,57699.0,63158.0,19483.0,2009-07-01,83780.0,28955.0,15223.0
,334891.0,3975.0,55482.0,63042.0,19790.0,2009-08-01,83239.0,29150.0,14741.0
,322235.0,4264.0,52194.0,62105.0,20017.0,2009-09-01,83271.0,29155.0,14592.0
,308583.0,4212.0,52021.0,58384.0,19189.0,2009-10-01,83639.0,28136.0,14597.0
,299917.0,4678.0,50901.0,57162.0,19555.0,2009-11-01,80289.0,27912.0,15038.0
,286479.0,4239.0,42551.0,55884.0,19887.0,2009-12-01,78431.0,27137.0,15042.0
,268992.0,4641.0,45115.0,42128.0,17397.0,2010-01-01,78173.0,26650.0,12553.0
,267569.0,5021.0,45228.0,41257.0,18277.0,2010-02-01,78487.0,27914.0,13082.0
,267614.0,6342.0,49045.0,40849.0,16491.0,2010-03-01,80394.0,29801.0,13773.0
,267185.0,5811.0,45738.0,44506.0,17698.0,2010-04-01,82327.0,30429.0,14429.0
,264485.0,4524.0,43094.0,45296.0,17968.0,2010-05-01,84171.0,30218.0,15301.0
,264369.0,4316.0,42111.0,46950.0,17243.0,2010-06-01,82149.0,28907.0,15460.0
,252883.0,4159.0,40652.0,42248.0,17706.0,2010-07-01,77216.0,28636.0,15219.0
,255187.0,4223.0,38943.0,42861.0,18361.0,2010-08-01,84331.0,27532.0,15577.0
,253420.0,4111.0,37552.0,44555.0,17417.0,2010-09-01,84459.0,31384.0,15174.0
,257733.0,4253.0,36219.0,53532.0,17643.0,2010-10-01,86962.0,27098.0,14643.0
,265154.0,4223.0,34646.0,61879.0,18067.0,2010-11-01,85065.0,26155.0,14854.0
,257397.0,3793.0,31102.0,62497.0,17533.0,2010-12-01,81968.0,27305.0,14186.0
,225709.0,4764.0,29987.0,39871.0,17164.0,2011-01-01,81293.0,26703.0,14488.0
,229621.0,6629.0,32647.0,40833.0,17628.0,2011-02-01,79899.0,26043.0,14062.0
,237178.0,6602.0,34676.0,43336.0,18203.0,2011-03-01,78995.0,26567.0,13284.0
,239923.0,6234.0,34064.0,44575.0,17861.0,2011-04-01,74889.0,26499.0,13412.0
,246937.0,8879.0,36799.0,45670.0,17679.0,2011-05-01,75936.0,25671.0,12604.0
,262949.0,8821.0,41628.0,49274.0,18134.0,2011-06-01,75914.0,25863.0,12978.0
,262747.0,8743.0,40811.0,50035.0,17662.0,2011-07-01,76166.0,24303.0,13771.0
,272384.0,10009.0,42902.0,54619.0,17936.0,2011-08-01,77952.0,25991.0,14140.0
,273972.0,9879.0,45106.0,56016.0,17930.0,2011-09-01,82178.0,24381.0,13576.0
,270982.0,10876.0,44638.0,55521.0,18271.0,2011-10-01,82767.0,23705.0,14121.0
,277776.0,10712.0,44834.0,57443.0,17530.0,2011-11-01,85049.0,23434.0,13519.0
,284011.0,12606.0,46481.0,61732.0,14991.0,2011-12-01,83606.0,25041.0,12535.0
,293950.0,10731.0,43668.0,70679.0,16776.0,2012-01-01,79329.0,24773.0,14196.0
,294111.0,10785.0,43965.0,71041.0,16520.0,2012-02-01,80527.0,25421.0,13305.0
,297053.0,11186.0,45132.0,71025.0,15785.0,2012-03-01,79021.0,24346.0,12951.0
,304401.0,10586.0,46145.0,74910.0,15922.0,2012-04-01,82373.0,24459.0,13124.0
,305582.0,9803.0,46011.0,76105.0,15883.0,2012-05-01,83779.0,26054.0,12921.0
,302591.0,9609.0,46496.0,71262.0,15895.0,2012-06-01,85853.0,28234.0,12588.0
,304534.0,9517.0,47315.0,68912.0,16086.0,2012-07-01,82360.0,27468.0,12211.0
,302812.0,8609.0,46790.0,67750.0,15651.0,2012-08-01,81024.0,27368.0,12671.0
,305507.0,8733.0,47936.0,69110.0,15857.0,2012-09-01,77355.0,27643.0,12650.0
,306335.0,8791.0,48505.0,66796.0,15920.0,2012-10-01,77010.0,29116.0,12454.0
,301430.0,8508.0,48213.0,66649.0,15751.0,2012-11-01,77467.0,28341.0,12696.0
,304580.0,8581.0,49105.0,66500.0,15592.0,2012-12-01,74972.0,28836.0,13284.0
,292746.0,7775.0,49235.0,49491.0,16383.0,2013-01-01,76317.0,28707.0,13690.0
,292424.0,7456.0,50552.0,45203.0,16411.0,2013-02-01,79293.0,29057.0,13911.0
,290250.0,7414.0,50400.0,44123.0,17128.0,2013-03-01,74622.0,28176.0,13379.0
,293188.0,7496.0,49566.0,47070.0,17456.0,2013-04-01,80466.0,29955.0,13078.0
,297883.0,5651.0,48010.0,47983.0,17209.0,2013-05-01,80789.0,28415.0,13336.0
,302661.0,6836.0,49633.0,50638.0,17839.0,2013-06-01,83592.0,27656.0,12716.0
,316339.0,8008.0,55194.0,51401.0,18048.0,2013-07-01,82581.0,28530.0,12808.0
,319524.0,7077.0,54150.0,52988.0,18272.0,2013-08-01,83732.0,28059.0,12805.0
,325461.0,7762.0,51670.0,57619.0,18230.0,2013-09-01,84018.0,28322.0,13051.0
,333928.0,7751.0,52232.0,61256.0,17829.0,2013-10-01,80082.0,28790.0,13205.0
,340714.0,7780.0,52525.0,62937.0,18468.0,2013-11-01,80428.0,27943.0,12991.0
,348710.0,10117.0,57978.0,66937.0,17853.0,2013-12-01,82300.0,28726.0,11849.0
1637.0,353903.0,7652.0,55426.0,76957.0,17841.0,2014-01-01,80761.0,28871.0,11357.0
1740.0,359437.0,7227.0,53740.0,81644.0,18168.0,2014-02-01,81816.0,29434.0,11323.0
1680.0,355615.0,6605.0,51172.0,79831.0,17734.0,2014-03-01,83534.0,28739.0,12270.0
1802.0,360049.0,6042.0,53868.0,77279.0,17479.0,2014-04-01,83515.0,28633.0,12727.0
1814.0,356841.0,5939.0,53158.0,74513.0,17010.0,2014-05-01,83769.0,30086.0,13529.0
1747.0,360030.0,5282.0,58530.0,71016.0,16725.0,2014-06-01,80234.0,29999.0,12614.0
1786.0,359951.0,4481.0,57665.0,71490.0,16628.0,2014-07-01,83391.0,30499.0,13163.0
1962.0,360732.0,4159.0,59052.0,70530.0,16863.0,2014-08-01,85720.0,29901.0,13055.0
1922.0,363100.0,4079.0,61635.0,66327.0,16830.0,2014-09-01,84997.0,29687.0,13241.0
1826.0,373536.0,4154.0,70768.0,62019.0,16843.0,2014-10-01,88426.0,30639.0,13341.0
1952.0,373100.0,3518.0,73302.0,60394.0,16779.0,2014-11-01,87449.0,30627.0,13488.0
1659.0,370648.0,3205.0,71119.0,59452.0,17176.0,2014-12-01,87541.0,30723.0,13232.0
1921.0,374782.0,3234.0,76229.0,59864.0,18133.0,2015-01-01,86174.0,30821.0,13117.0
1934.0,382163.0,3204.0,79694.0,62409.0,18592.0,2015-02-01,86274.0,31089.0,11624.0
2136.0,393447.0,3330.0,80123.0,66947.0,19369.0,2015-03-01,83637.0,32251.0,12430.0
2308.0,407690.0,3134.0,82248.0,71484.0,20941.0,2015-04-01,89499.0,32311.0,12314.0
3343.0,418064.0,3403.0,83638.0,72759.0,21653.0,2015-05-01,90061.0,32008.0,12300.0
3930.0,424797.0,2460.0,87946.0,72279.0,21457.0,2015-06-01,92197.0,32395.0,13695.0
2684.0,414231.0,4206.0,82296.0,72785.0,22292.0,2015-07-01,91556.0,31821.0,13121.0
2837.0,419103.0,3836.0,83628.0,70250.0,22607.0,2015-08-01,96002.0,31620.0,12816.0
2800.0,416898.0,3533.0,86539.0,67353.0,22858.0,2015-09-01,93624.0,32092.0,13001.0
2754.0,411466.0,3750.0,84557.0,64278.0,23306.0,2015-10-01,91902.0,31045.0,13390.0
2975.0,410953.0,3880.0,83469.0,64210.0,22945.0,2015-11-01,90004.0,30591.0,12832.0
3094.0,405378.0,4062.0,79245.0,64086.0,22716.0,2015-12-01,100006.0,30335.0,12710.0
3155.0,401068.0,2611.0,77111.0,67052.0,22843.0,2016-01-01,100723.0,29815.0,13094.0
3798.0,409310.0,2535.0,79181.0,67681.0,20506.0,2016-02-01,93265.0,30931.0,13600.0
4118.0,419150.0,1872.0,80125.0,70076.0,19981.0,2016-03-01,94414.0,30700.0,13676.0
4415.0,422929.0,1880.0,79989.0,69408.0,20492.0,2016-04-01,89949.0,29422.0,13379.0
4150.0,430910.0,1966.0,81361.0,70284.0,20965.0,2016-05-01,88069.0,29854.0,13536.0
4555.0,441636.0,2132.0,82181.0,70783.0,21345.0,2016-06-01,91533.0,30286.0,14422.0
4247.0,445429.0,1924.0,81731.0,71902.0,21528.0,2016-07-01,90572.0,30737.0,13620.0
4581.0,448016.0,2031.0,79882.0,73580.0,22086.0,2016-08-01,90706.0,28877.0,13196.0
4220.0,451562.0,1967.0,77125.0,73933.0,22612.0,2016-09-01,93865.0,30652.0,14034.0
3703.0,446695.0,1641.0,74966.0,72177.0,22927.0,2016-10-01,97083.0,30577.0,13284.0
3956.0,458428.0,1813.0,76758.0,75221.0,23754.0,2016-11-01,98311.0,30521.0,14977.0
4464.0,461342.0,1736.0,75736.0,75699.0,24530.0,2016-12-01,93101.0,31629.0,14129.0
3988.0,456263.0,1583.0,72294.0,76662.0,23624.0,2017-01-01,89678.0,28817.0,13031.0
4216.0,448275.0,1266.0,69401.0,74628.0,23493.0,2017-02-01,93718.0,30431.0,12983.0
3990.0,448733.0,1537.0,71397.0,70659.0,22945.0,2017-03-01,92539.0,30901.0,13983.0
4233.0,445581.0,1765.0,70809.0,66790.0,23068.0,2017-04-01,89069.0,31918.0,14831.0
5032.0,448120.0,1908.0,73130.0,64604.0,23036.0,2017-05-01,88531.0,31988.0,14170.0
4577.0,445269.0,1845.0,70256.0,61742.0,24134.0,2017-06-01,86918.0,31561.0,13817.0
4665.0,438327.0,1941.0,70113.0,60456.0,23444.0,2017-07-01,90483.0,29589.0,13207.0
4393.0,437042.0,2416.0,67577.0,60657.0,23510.0,2017-08-01,89148.0,29899.0,13840.0
4686.0,439632.0,2479.0,68197.0,60985.0,23357.0,2017-09-01,88503.0,31556.0,14302.0
4963.0,442384.0,2685.0,68650.0,62195.0,24303.0,2017-10-01,92130.0,32284.0,13914.0
5460.0,441660.0,2916.0,69370.0,61716.0,24359.0,2017-11-01,90772.0,33349.0,14079.0
5739.0,447363.0,3105.0,69661.0,63326.0,24148.0,2017-12-01,87245.0,33628.0,14366.0
6078.0,466488.0,3850.0,68483.0,71563.0,24549.0,2018-01-01,86479.0,33551.0,15273.0
6236.0,477743.0,4486.0,71380.0,72422.0,24882.0,2018-02-01,86278.0,34423.0,16618.0
6469.0,470243.0,4348.0,69387.0,72531.0,26590.0,2018-03-01,87222.0,34080.0,14817.0
6562.0,471306.0,4405.0,69761.0,73620.0,24436.0,2018-04-01,89950.0,34607.0,15110.0
6987.0,471771.0,5868.0,71421.0,71867.0,24381.0,2018-05-01,91374.0,34626.0,15867.0
7055.0,461364.0,5183.0,71323.0,71691.0,24052.0,2018-06-01,93042.0,35428.0,17000.0
7452.0,461241.0,5443.0,70142.0,70828.0,23967.0,2018-07-01,92918.0,37540.0,16184.0
7004.0,467238.0,5924.0,74467.0,69959.0,23370.0,2018-08-01,97412.0,36034.0,15900.0
6287.0,463480.0,6307.0,74308.0,68887.0,23486.0,2018-09-01,92591.0,35269.0,14185.0
7864.0,463215.0,6218.0,73409.0,67527.0,23657.0,2018-10-01,92082.0,35874.0,14297.0
7103.0,454053.0,6587.0,73761.0,67518.0,23949.0,2018-11-01,92147.0,36535.0,13266.0
8048.0,463379.0,6904.0,76604.0,67414.0,24964.0,2018-12-01,88762.0,35421.0,13546.0
8116.0,458298.0,6537.0,76960.0,62319.0,22106.0,2019-01-01,93037.0,37057.0,13800.0
8034.0,464931.0,6893.0,80719.0,64249.0,21685.0,2019-02-01,98725.0,37446.0,14839.0
7640.0,474613.0,7424.0,81030.0,67936.0,22122.0,2019-03-01,98003.0,37604.0,15481.0
7849.0,479142.0,7987.0,81723.0,72105.0,22177.0,2019-04-01,113208.0,39354.0,16054.0
8740.0,489946.0,7963.0,80906.0,76517.0,21794.0,2019-05-01,105522.0,40814.0,15411.0
8885.0,498353.0,8380.0,81293.0,79666.0,21760.0,2019-06-01,101001.0,40629.0,15511.0
8826.0,508639.0,8610.0,81281.0,80434.0,21783.0,2019-07-01,101981.0,41546.0,16097.0
8829.0,519017.0,9308.0,80950.0,83444.0,22527.0,2019-08-01,97165.0,41200.0,15377.0
8120.0,521450.0,9010.0,81128.0,86377.0,22482.0,2019-09-01,97242.0,40582.0,16596.0
9123.0,524994.0,9490.0,78947.0,88746.0,22122.0,2019-10-01,93695.0,40369.0,17164.0
9609.0,532580.0,8434.0,81211.0,90547.0,21851.0,2019-11-01,91524.0,42344.0,17844.0
7920.0,527548.0,9317.0,80666.0,91236.0,22987.0,2019-12-01,94440.0,42922.0,17312.0
9443.0,523305.0,9393.0,79140.0,92608.0,23562.0,2020-01-01,102608.0,43967.0,18583.0
9696.0,517917.0,9146.0,77721.0,89488.0,23775.0,2020-02-01,104708.0,44582.0,18465.0
9445.0,513409.0,9731.0,78037.0,89248.0,23898.0,2020-03-01,104508.0,43617.0,18356.0
8932.0,494554.0,9753.0,73748.0,87639.0,23980.0,2020-04-01,103138.0,42701.0,18557.0
8695.0,491124.0,8799.0,73009.0,87172.0,23724.0,2020-05-01,103633.0,44224.0,18594.0
8973.0,496587.0,9741.0,74577.0,87408.0,23861.0,2020-06-01,105602.0,44467.0,18352.0
8750.0,494667.0,9823.0,75713.0,87680.0,24073.0,2020-07-01,101374.0,44049.0,18842.0
9102.0,484292.0,8354.0,73955.0,87230.0,23994.0,2020-08-01,97956.0,46162.0,17937.0
10101.0,483457.0,9208.0,72990.0,87814.0,23765.0,2020-09-01,96834.0,45191.0,18414.0
9290.0,487239.0,9526.0,74754.0,89211.0,23802.0,2020-10-01,102696.0,44381.0,18170.0
9229.0,481796.0,8555.0,73276.0,88256.0,22814.0,2020-11-01,101704.0,43896.0,18250.0
9199.0,481011.0,8106.0,74405.0,88327.0,23368.0,2020-12-01,105522.0,45382.0,17916.0
9257.0,485203.0,7185.0,76095.0,88032.0,22417.0,2021-01-01,101819.0,44542.0,18568.0
9061.0,480025.0,7801.0,75628.0,88697.0,22663.0,2021-02-01,99086.0,43498.0,18632.0
10274.0,493114.0,8157.0,77623.0,89610.0,22729.0,2021-03-01,101443.0,45641.0,19662.0
9401.0,488926.0,7558.0,76360.0,89287.0,22747.0,2021-04-01,101869.0,44517.0,19647.0
9326.0,487369.0,7651.0,76120.0,89775.0,22994.0,2021-05-01,105999.0,43269.0,20254.0
9312.0,493668.0,10741.0,78853.0,91875.0,22961.0,2021-06-01,102168.0,42602.0,19233.0
9752.0,497140.0,11417.0,80354.0,91477.0,23068.0,2021-07-01,102898.0,43106.0,19294.0
10495.0,495639.0,10924.0,80969.0,90250.0,22877.0,2021-08-01,102778.0,41526.0,19963.0
10834.0,499062.0,11260.0,82572.0,89756.0,22859.0,2021-09-01,104476.0,40196.0,19952.0
9686.0,504308.0,17719.0,86806.0,88718.0,22900.0,2021-10-01,103734.0,41311.0,19572.0
10578.0,516285.0,21553.0,93089.0,87993.0,23150.0,2021-11-01,103255.0,42305.0,20020.0
11324.0,518626.0,21991.0,94158.0,84999.0,22808.0,2021-12-01,106270.0,41020.0,20353.0
10959.0,532787.0,26223.0,97509.0,87706.0,23249.0,2022-01-01,104845.0,42797.0,20317.0
10564.0,542113.0,27398.0,99889.0,88515.0,23362.0,2022-02-01,106074.0,43069.0,20891.0
11307.0,549284.0,27869.0,103706.0,89119.0,23894.0,2022-03-01,108361.0,43236.0,21027.0
12160.0,569383.0,29809.0,111085.0,90177.0,24248.0,2022-04-01,112514.0,42856.0,21716.0
12126.0,577187.0,33874.0,115492.0,89526.0,24324.0,2022-05-01,107254.0,42375.0,22249.0
12190.0,585925.0,33610.0,116021.0,92301.0,24229.0,2022-06-01,109786.0,43234.0,24033.0
12751.0,604904.0,42510.0,126354.0,93087.0,24578.0,2022-07-01,115709.0,43063.0,24754.0
13142.0,609720.0,45062.0,127534.0,93062.0,24362.0,2022-08-01,120251.0,43130.0,24550.0
14571.0,628279.0,52059.0,138747.0,92085.0,24833.0,2022-09-01,122511.0,43406.0,24556.0
12816.0,633579.0,58824.0,140746.0,90565.0,24407.0,2022-10-01,120678.0,42903.0,24695.0
13855.0,649673.0,61138.0,152488.0,92026.0,24524.0,2022-11-01,117931.0,42211.0,24510.0
14244.0,663906.0,69758.0,158606.0,93516.0,24606.0,2022-12-01,122108.0,42971.0,24360.0
15589.0,692679.0,78453.0,171641.0,101890.0,27880.0,2023-01-01,123092.0,44944.0,23980.0
17920.0,705057.0,83081.0,178626.0,101633.0,27945.0,2023-02-01,124230.0,44580.0,24980.0
18015.0,719951.0,89989.0,186920.0,103623.0,27822.0,2023-03-01,129330.0,44020.0,25629.0
17943.0,739944.0,99462.0,198793.0,104276.0,27688.0,2023-04-01,133794.0,44880.0,25707.0
18232.0,744075.0,97444.0,197205.0,106161.0,27726.0,2023-05-01,137406.0,44829.0,26218.0
18735.0,748961.0,99266.0,200404.0,106742.0,27974.0,2023-06-01,138036.0,44573.0,26921.0
19641.0,750507.0,97974.0,201682.0,108927.0,27728.0,2023-07-01,137495.0,44085.0,26161.0
20498.0,763653.0,100858.0,206082.0,112969.0,28150.0,2023-08-01,140223.0,44959.0,26761.0
21285.0,767476.0,100355.0,204657.0,115954.0,28041.0,2023-09-01,142861.0,45643.0,27288.0
23720.0,778593.0,112591.0,218447.0,117650.0,28498.0,2023-10-01,144249.0,44872.0,28407.0
23864.0,789883.0,121004.0,226521.0,118028.0,28645.0,2023-11-01,150586.0,44537.0,29368.0
24238.0,791368.0,120840.0,229932.0,119818.0,28990.0,2023-12-01,152771.0,44707.0,29684.0
26412.0,788246.0,121542.0,233135.0,119624.0,28069.0,2024-01-01,149247.0,45474.0,28706.0
28319.0,791119.0,122430.0,234617.0,118702.0,27588.0,2024-02-01,150916.0,46224.0,30140.0
30172.0,795690.0,120165.0,237892.0,121423.0,27191.0,2024-03-01,144882.0,45182.0,30107.0
28069.0,786264.0,123474.0,241693.0,121524.0,27009.0,2024-04-01,148522.0,46077.0,31292.0
32271.0,789040.0,123657.0,242393.0,122281.0,26960.0,2024-05-01,146608.0,46444.0,31378.0
35304.0,799022.0,126353.0,247995.0,122184.0,26909.0,2024-06-01,140978.0,46549.0,30775.0
36124.0,796738.0,125630.0,247030.0,122190.0,26950.0,2024-07-01,145757.0,47123.0,33096.0
36668.0,802435.0,123318.0,248760.0,124905.0,26929.0,2024-08-01,148870.0,46350.0,33132.0
37576.0,802283.0,124758.0,249116.0,125101.0,26948.0,2024-09-01,147859.0,46899.0,33919.0
40048.0,797492.0,117978.0,245317.0,125574.0,27017.0,2024-10-01,150594.0,47541.0,34632.0
40951.0,807746.0,120506.0,248954.0,127112.0,27074.0,2024-11-01,149293.0,47372.0,34275.0
44703.0,804706.0,115912.0,240906.0,126113.0,27230.0,2024-12-01,146443.0,47792.0,33735.0
45341.0,803294.0,115494.0,236433.0,126559.0,27246.0,2025-01-01,146879.0,49256.0,33828.0
46409.0,805729.0,113692.0,236203.0,126304.0,27292.0,2025-02-01,147793.0,48709.0,32874.0
46593.0,795337.0,109301.0,226015.0,127470.0,27313.0,2025-03-01,149855.0,49927.0,34294.0
52818.0,806145.0,107194.0,226249.0,127367.0,27392.0,2025-04-01,149930.0,49833.0,34714.0
48210.0,790988.0,104774.0,222469.0,127700.0,27512.0,2025-05-01,146273.0,50681.0,33993.0
46850.0,782127.0,99493.0,218322.0,127439.0,27516.0,2025-06-01,146437.0,50842.0,33840.0
47810.0,781119.0,96684.0,214353.0,127739.0,27555.0,2025-07-01,143832.0,50826.0,34678.0
49052.0,780447.0,95374.0,209798.0,127430.0,27556.0,2025-08-01,144279.0,50871.0,34844.0
50700.0,773148.0,90222.0,203744.0,128827.0,27614.0,2025-09-01,144111.0,52195.0,35898.0
54260.0,776782.0,84387.0,201570.0,128630.0,27653.0,2025-10-01,142743.0,53331.0,36473.0
53043.0,764064.0,78014.0,194125.0,129641.0,27604.0,2025-11-01,145231.0,53901.0,35281.0
55461.0,750768.0,70760.0,180751.0,130835.0,27803.0,2025-12-01,147446.0,52939.0,34030.0
56211.0,748601.0,66997.0,183241.0,129880.0,27854.0,2026-01-01,148445.0,51166.0,33823.0
57361.0,747319.0,64071.0,180864.0,130678.0,27975.0,2026-02-01,148792.0,51478.0,34205.0
58121.0,745125.0,61393.0,178488.0,130963.0,28044.0,2026-03-01,148756.0,51704.0,34019.0
58977.0,741325.0,58954.0,175902.0,130979.0,28180.0,2026-04-01,149630.0,52279.0,34204.0
59307.0,738734.0,57021.0,173616.0,130844.0,28337.0,2026-05-01,150557.0,52180.0,34311.0
