IXP Name,Location,State,State Assignment,Physical Locations,Reported Members,Observation Date,Source,Source URL,Evidence Class,Evidence Grade,Boundary
Montgomery Internet Exchange - MGMix Montgomery,Montgomery,AL,city_crosswalk,1,19,2026-08-19,Internet Society Pulse / PeeringDB,https://pulse.internetsociety.org/en/ixp-tracker/country/US/,operator_self_reported_registry,B,Active IXPs listing at least 3 members; memberships are not unique networks.
Ninja-IX Phoenix,Phoenix,AZ,city_crosswalk,13,59,2026-08-19,Internet Society Pulse / PeeringDB,https://pulse.internetsociety.org/en/ixp-tracker/country/US/,operator_self_reported_registry,B,Active IXPs listing at least 3 members; memberships are not unique networks.
DE-CIX Phoenix,Phoenix,AZ,city_crosswalk,7,36,2026-08-19,Internet Society Pulse / PeeringDB,https://pulse.internetsociety.org/en/ixp-tracker/country/US/,operator_self_reported_registry,B,Active IXPs listing at least 3 members; memberships are not unique networks.
Digital Realty Phoenix Internet Exchange,Phoenix,AZ,city_crosswalk,1,6,2026-08-19,Internet Society Pulse / PeeringDB,https://pulse.internetsociety.org/en/ixp-tracker/country/US/,operator_self_reported_registry,B,Active IXPs listing at least 3 members; memberships are not unique networks.
48 IX,Phoenix,AZ,city_crosswalk,1,4,2026-08-19,Internet Society Pulse / PeeringDB,https://pulse.internetsociety.org/en/ixp-tracker/country/US/,operator_self_reported_registry,B,Active IXPs listing at least 3 members; memberships are not unique networks.
Tucson Internet Exchange - TUSIX,Tucson,AZ,city_crosswalk,1,4,2026-08-19,Internet Society Pulse / PeeringDB,https://pulse.internetsociety.org/en/ixp-tracker/country/US/,operator_self_reported_registry,B,Active IXPs listing at least 3 members; memberships are not unique networks.
Equinix Internet Exchange San Jose (Bay Area) - Equinix San Jose,San Jose,CA,city_crosswalk,5,182,2026-08-19,Internet Society Pulse / PeeringDB,https://pulse.internetsociety.org/en/ixp-tracker/country/US/,operator_self_reported_registry,B,Active IXPs listing at least 3 members; memberships are not unique networks.
Experimental Virtual Internet Exchange - EVIX,Fremont,CA,city_crosswalk,2,157,2026-08-19,Internet Society Pulse / PeeringDB,https://pulse.internetsociety.org/en/ixp-tracker/country/US/,operator_self_reported_registry,B,Active IXPs listing at least 3 members; memberships are not unique networks.
Fremont Cabal Internet Exchange - FCIX,Fremont,CA,city_crosswalk,2,144,2026-08-19,Internet Society Pulse / PeeringDB,https://pulse.internetsociety.org/en/ixp-tracker/country/US/,operator_self_reported_registry,B,Active IXPs listing at least 3 members; memberships are not unique networks.
Fremont Metro Internet Exchange - FREMIX,Fremont,CA,city_crosswalk,1,109,2026-08-19,Internet Society Pulse / PeeringDB,https://pulse.internetsociety.org/en/ixp-tracker/country/US/,operator_self_reported_registry,B,Active IXPs listing at least 3 members; memberships are not unique networks.
San Francisco Metropolitan Internet Exchange - SFMIX,San Francisco,CA,city_crosswalk,20,91,2026-08-19,Internet Society Pulse / PeeringDB,https://pulse.internetsociety.org/en/ixp-tracker/country/US/,operator_self_reported_registry,B,Active IXPs listing at least 3 members; memberships are not unique networks.
Equinix Internet Exchange Los Angeles - Equinix Los Angeles,Los Angeles,CA,city_crosswalk,3,83,2026-08-19,Internet Society Pulse / PeeringDB,https://pulse.internetsociety.org/en/ixp-tracker/country/US/,operator_self_reported_registry,B,Active IXPs listing at least 3 members; memberships are not unique networks.
Equinix Internet Exchange Palo Alto - Equinix Palo Alto,Palo Alto,CA,city_crosswalk,3,69,2026-08-19,Internet Society Pulse / PeeringDB,https://pulse.internetsociety.org/en/ixp-tracker/country/US/,operator_self_reported_registry,B,Active IXPs listing at least 3 members; memberships are not unique networks.
BGP.Exchange - Fremont,Fremont,CA,city_crosswalk,0,52,2026-08-19,Internet Society Pulse / PeeringDB,https://pulse.internetsociety.org/en/ixp-tracker/country/US/,operator_self_reported_registry,B,Active IXPs listing at least 3 members; memberships are not unique networks.
BGP.Exchange - Los Angeles,Los Angeles,CA,city_crosswalk,0,33,2026-08-19,Internet Society Pulse / PeeringDB,https://pulse.internetsociety.org/en/ixp-tracker/country/US/,operator_self_reported_registry,B,Active IXPs listing at least 3 members; memberships are not unique networks.
Megaport MegaIX Los Angeles,Los Angeles,CA,city_crosswalk,14,25,2026-08-19,Internet Society Pulse / PeeringDB,https://pulse.internetsociety.org/en/ixp-tracker/country/US/,operator_self_reported_registry,B,Active IXPs listing at least 3 members; memberships are not unique networks.
Lambda Internet Exchange - Lambda-IX,Fremont,CA,city_crosswalk,1,22,2026-08-19,Internet Society Pulse / PeeringDB,https://pulse.internetsociety.org/en/ixp-tracker/country/US/,operator_self_reported_registry,B,Active IXPs listing at least 3 members; memberships are not unique networks.
New York International Internet eXchange - Los Angeles - NYIIX Los Angeles,Los Angeles,CA,city_crosswalk,2,21,2026-08-19,Internet Society Pulse / PeeringDB,https://pulse.internetsociety.org/en/ixp-tracker/country/US/,operator_self_reported_registry,B,Active IXPs listing at least 3 members; memberships are not unique networks.
Megaport MegaIX Bay Area,San Francisco,CA,city_crosswalk,13,18,2026-08-19,Internet Society Pulse / PeeringDB,https://pulse.internetsociety.org/en/ixp-tracker/country/US/,operator_self_reported_registry,B,Active IXPs listing at least 3 members; memberships are not unique networks.
Zero Internet eXchange San Jose,San Jose,CA,city_crosswalk,3,15,2026-08-19,Internet Society Pulse / PeeringDB,https://pulse.internetsociety.org/en/ixp-tracker/country/US/,operator_self_reported_registry,B,Active IXPs listing at least 3 members; memberships are not unique networks.
IXP US FRE,Fremont,CA,city_crosswalk,0,13,2026-08-19,Internet Society Pulse / PeeringDB,https://pulse.internetsociety.org/en/ixp-tracker/country/US/,operator_self_reported_registry,B,Active IXPs listing at least 3 members; memberships are not unique networks.
DACS-IX West Region,Silicon Valley,CA,city_crosswalk,2,10,2026-08-19,Internet Society Pulse / PeeringDB,https://pulse.internetsociety.org/en/ixp-tracker/country/US/,operator_self_reported_registry,B,Active IXPs listing at least 3 members; memberships are not unique networks.
Securebit Internet Exchange Fremont - SBIX FRE,Fremont / Neuheim,CA,primary_us_location,0,10,2026-08-19,Internet Society Pulse / PeeringDB,https://pulse.internetsociety.org/en/ixp-tracker/country/US/,operator_self_reported_registry,B,Active IXPs listing at least 3 members; memberships are not unique networks.
Ninja-IX Sacramento,Sacramento,CA,city_crosswalk,1,7,2026-08-19,Internet Society Pulse / PeeringDB,https://pulse.internetsociety.org/en/ixp-tracker/country/US/,operator_self_reported_registry,B,Active IXPs listing at least 3 members; memberships are not unique networks.
Ninja-IX Bay Area,Northern California,CA,city_crosswalk,2,4,2026-08-19,Internet Society Pulse / PeeringDB,https://pulse.internetsociety.org/en/ixp-tracker/country/US/,operator_self_reported_registry,B,Active IXPs listing at least 3 members; memberships are not unique networks.
Skywolf Internet Exchange United States - Skywolf IX US,Fremont,CA,city_crosswalk,0,3,2026-08-19,Internet Society Pulse / PeeringDB,https://pulse.internetsociety.org/en/ixp-tracker/country/US/,operator_self_reported_registry,B,Active IXPs listing at least 3 members; memberships are not unique networks.
Interconnection eXchange Denver - IX-Denver,Denver,CO,city_crosswalk,9,90,2026-08-19,Internet Society Pulse / PeeringDB,https://pulse.internetsociety.org/en/ixp-tracker/country/US/,operator_self_reported_registry,B,Active IXPs listing at least 3 members; memberships are not unique networks.
CoreSite - Any2Denver,Denver,CO,city_crosswalk,2,72,2026-08-19,Internet Society Pulse / PeeringDB,https://pulse.internetsociety.org/en/ixp-tracker/country/US/,operator_self_reported_registry,B,Active IXPs listing at least 3 members; memberships are not unique networks.
Megaport MegaIX Denver,Denver,CO,city_crosswalk,10,7,2026-08-19,Internet Society Pulse / PeeringDB,https://pulse.internetsociety.org/en/ixp-tracker/country/US/,operator_self_reported_registry,B,Active IXPs listing at least 3 members; memberships are not unique networks.
Equinix Internet Exchange Denver - Equinix Denver,Denver,CO,city_crosswalk,2,4,2026-08-19,Internet Society Pulse / PeeringDB,https://pulse.internetsociety.org/en/ixp-tracker/country/US/,operator_self_reported_registry,B,Active IXPs listing at least 3 members; memberships are not unique networks.
DACS-IX East Region,Washington DC,DC,source_location,5,15,2026-08-19,Internet Society Pulse / PeeringDB,https://pulse.internetsociety.org/en/ixp-tracker/country/US/,operator_self_reported_registry,B,Active IXPs listing at least 3 members; memberships are not unique networks.
Global Peer Exchange,Washington,DC,city_crosswalk,115,7,2026-08-19,Internet Society Pulse / PeeringDB,https://pulse.internetsociety.org/en/ixp-tracker/country/US/,operator_self_reported_registry,B,Active IXPs listing at least 3 members; memberships are not unique networks.
FL-IX - The Florida Internet Exchange / Community IX - Florida,Miami,FL,city_crosswalk,13,198,2026-08-19,Internet Society Pulse / PeeringDB,https://pulse.internetsociety.org/en/ixp-tracker/country/US/,operator_self_reported_registry,B,Active IXPs listing at least 3 members; memberships are not unique networks.
Equinix Internet Exchange Miami - Equinix Miami,Miami,FL,city_crosswalk,2,170,2026-08-19,Internet Society Pulse / PeeringDB,https://pulse.internetsociety.org/en/ixp-tracker/country/US/,operator_self_reported_registry,B,Active IXPs listing at least 3 members; memberships are not unique networks.
BGP.Exchange - Miami,Miami,FL,city_crosswalk,0,37,2026-08-19,Internet Society Pulse / PeeringDB,https://pulse.internetsociety.org/en/ixp-tracker/country/US/,operator_self_reported_registry,B,Active IXPs listing at least 3 members; memberships are not unique networks.
Tampa Internet Exchange - TPAIX,Tampa,FL,city_crosswalk,2,25,2026-08-19,Internet Society Pulse / PeeringDB,https://pulse.internetsociety.org/en/ixp-tracker/country/US/,operator_self_reported_registry,B,Active IXPs listing at least 3 members; memberships are not unique networks.
Jacksonville Internet Exchange - JXIX,Jacksonville,FL,city_crosswalk,2,13,2026-08-19,Internet Society Pulse / PeeringDB,https://pulse.internetsociety.org/en/ixp-tracker/country/US/,operator_self_reported_registry,B,Active IXPs listing at least 3 members; memberships are not unique networks.
Megaport MegaIX Miami,Miami,FL,city_crosswalk,4,10,2026-08-19,Internet Society Pulse / PeeringDB,https://pulse.internetsociety.org/en/ixp-tracker/country/US/,operator_self_reported_registry,B,Active IXPs listing at least 3 members; memberships are not unique networks.
PIT - LATAM Interconnect,Miami,FL,city_crosswalk,1,5,2026-08-19,Internet Society Pulse / PeeringDB,https://pulse.internetsociety.org/en/ixp-tracker/country/US/,operator_self_reported_registry,B,Active IXPs listing at least 3 members; memberships are not unique networks.
Chameleon-NAP,Miami,FL,city_crosswalk,10,4,2026-08-19,Internet Society Pulse / PeeringDB,https://pulse.internetsociety.org/en/ixp-tracker/country/US/,operator_self_reported_registry,B,Active IXPs listing at least 3 members; memberships are not unique networks.
DACS-IX South Region,Orlando,FL,city_crosswalk,2,4,2026-08-19,Internet Society Pulse / PeeringDB,https://pulse.internetsociety.org/en/ixp-tracker/country/US/,operator_self_reported_registry,B,Active IXPs listing at least 3 members; memberships are not unique networks.
Miami Internet Exchange - MiamiIX,"Miami, Florida",FL,source_location,3,4,2026-08-19,Internet Society Pulse / PeeringDB,https://pulse.internetsociety.org/en/ixp-tracker/country/US/,operator_self_reported_registry,B,Active IXPs listing at least 3 members; memberships are not unique networks.
Digital Realty Atlanta Internet Exchange,Atlanta,GA,city_crosswalk,2,149,2026-08-19,Internet Society Pulse / PeeringDB,https://pulse.internetsociety.org/en/ixp-tracker/country/US/,operator_self_reported_registry,B,Active IXPs listing at least 3 members; memberships are not unique networks.
Community IX - Atlanta - CIX-ATL,Atlanta,GA,city_crosswalk,11,117,2026-08-19,Internet Society Pulse / PeeringDB,https://pulse.internetsociety.org/en/ixp-tracker/country/US/,operator_self_reported_registry,B,Active IXPs listing at least 3 members; memberships are not unique networks.
Equinix Internet Exchange Atlanta - Equinix Atlanta,Atlanta,GA,city_crosswalk,3,27,2026-08-19,Internet Society Pulse / PeeringDB,https://pulse.internetsociety.org/en/ixp-tracker/country/US/,operator_self_reported_registry,B,Active IXPs listing at least 3 members; memberships are not unique networks.
BGP.Exchange - Atlanta,Atlanta,GA,city_crosswalk,0,13,2026-08-19,Internet Society Pulse / PeeringDB,https://pulse.internetsociety.org/en/ixp-tracker/country/US/,operator_self_reported_registry,B,Active IXPs listing at least 3 members; memberships are not unique networks.
Megaport MegaIX Atlanta,Atlanta,GA,city_crosswalk,13,10,2026-08-19,Internet Society Pulse / PeeringDB,https://pulse.internetsociety.org/en/ixp-tracker/country/US/,operator_self_reported_registry,B,Active IXPs listing at least 3 members; memberships are not unique networks.
DRFortress Exchange - DRF IX,Honolulu,HI,city_crosswalk,1,33,2026-08-19,Internet Society Pulse / PeeringDB,https://pulse.internetsociety.org/en/ixp-tracker/country/US/,operator_self_reported_registry,B,Active IXPs listing at least 3 members; memberships are not unique networks.
Quad Cities Internet eXchange - QCIX,Davenport,IA,city_crosswalk,6,63,2026-08-19,Internet Society Pulse / PeeringDB,https://pulse.internetsociety.org/en/ixp-tracker/country/US/,operator_self_reported_registry,B,Active IXPs listing at least 3 members; memberships are not unique networks.
DesMoines Internet eXchange - DesMoinesIX,Des Moines,IA,city_crosswalk,2,8,2026-08-19,Internet Society Pulse / PeeringDB,https://pulse.internetsociety.org/en/ixp-tracker/country/US/,operator_self_reported_registry,B,Active IXPs listing at least 3 members; memberships are not unique networks.
Idaho Internet Exchange - IdahoIX,Boise,ID,city_crosswalk,1,4,2026-08-19,Internet Society Pulse / PeeringDB,https://pulse.internetsociety.org/en/ixp-tracker/country/US/,operator_self_reported_registry,B,Active IXPs listing at least 3 members; memberships are not unique networks.
Equinix Internet Exchange Chicago - Equinix Chicago,Chicago,IL,city_crosswalk,3,254,2026-08-19,Internet Society Pulse / PeeringDB,https://pulse.internetsociety.org/en/ixp-tracker/country/US/,operator_self_reported_registry,B,Active IXPs listing at least 3 members; memberships are not unique networks.
DE-CIX Chicago,Chicago,IL,city_crosswalk,11,80,2026-08-19,Internet Society Pulse / PeeringDB,https://pulse.internetsociety.org/en/ixp-tracker/country/US/,operator_self_reported_registry,B,Active IXPs listing at least 3 members; memberships are not unique networks.
Chicago Internet Exchange - ChIX,Chicago,IL,city_crosswalk,5,62,2026-08-19,Internet Society Pulse / PeeringDB,https://pulse.internetsociety.org/en/ixp-tracker/country/US/,operator_self_reported_registry,B,Active IXPs listing at least 3 members; memberships are not unique networks.
BGP.Exchange - Chicago,Chicago,IL,city_crosswalk,0,17,2026-08-19,Internet Society Pulse / PeeringDB,https://pulse.internetsociety.org/en/ixp-tracker/country/US/,operator_self_reported_registry,B,Active IXPs listing at least 3 members; memberships are not unique networks.
CoreSite - Any2Chicago,Chicago,IL,city_crosswalk,2,16,2026-08-19,Internet Society Pulse / PeeringDB,https://pulse.internetsociety.org/en/ixp-tracker/country/US/,operator_self_reported_registry,B,Active IXPs listing at least 3 members; memberships are not unique networks.
MegaIX Chicago,Chicago,IL,city_crosswalk,16,13,2026-08-19,Internet Society Pulse / PeeringDB,https://pulse.internetsociety.org/en/ixp-tracker/country/US/,operator_self_reported_registry,B,Active IXPs listing at least 3 members; memberships are not unique networks.
Chicago Open Pipes,Chicago,IL,city_crosswalk,5,7,2026-08-19,Internet Society Pulse / PeeringDB,https://pulse.internetsociety.org/en/ixp-tracker/country/US/,operator_self_reported_registry,B,Active IXPs listing at least 3 members; memberships are not unique networks.
DACS-IX Central Region,Chicago,IL,city_crosswalk,1,7,2026-08-19,Internet Society Pulse / PeeringDB,https://pulse.internetsociety.org/en/ixp-tracker/country/US/,operator_self_reported_registry,B,Active IXPs listing at least 3 members; memberships are not unique networks.
Digital Realty Chicago,Chicago,IL,city_crosswalk,3,7,2026-08-19,Internet Society Pulse / PeeringDB,https://pulse.internetsociety.org/en/ixp-tracker/country/US/,operator_self_reported_registry,B,Active IXPs listing at least 3 members; memberships are not unique networks.
FD-IX - Chicago,Chicago,IL,city_crosswalk,5,4,2026-08-19,Internet Society Pulse / PeeringDB,https://pulse.internetsociety.org/en/ixp-tracker/country/US/,operator_self_reported_registry,B,Active IXPs listing at least 3 members; memberships are not unique networks.
BroadBand Internet eXchange Chicago - BBIX Chicago,Chicago,IL,city_crosswalk,1,3,2026-08-19,Internet Society Pulse / PeeringDB,https://pulse.internetsociety.org/en/ixp-tracker/country/US/,operator_self_reported_registry,B,Active IXPs listing at least 3 members; memberships are not unique networks.
MidWest-IX / FD-IX Indianapolis - FD-IX - Indianapolis,"Indianapolis, Indiana",IN,source_location,8,44,2026-08-19,Internet Society Pulse / PeeringDB,https://pulse.internetsociety.org/en/ixp-tracker/country/US/,operator_self_reported_registry,B,Active IXPs listing at least 3 members; memberships are not unique networks.
Indianapolis Internet Exchange - IndyIX,Indianapolis,IN,source_location,1,13,2026-08-19,Internet Society Pulse / PeeringDB,https://pulse.internetsociety.org/en/ixp-tracker/country/US/,operator_self_reported_registry,B,Active IXPs listing at least 3 members; memberships are not unique networks.
BGP.Exchange - Kansas,Kansas,KS,city_crosswalk,0,48,2026-08-19,Internet Society Pulse / PeeringDB,https://pulse.internetsociety.org/en/ixp-tracker/country/US/,operator_self_reported_registry,B,Active IXPs listing at least 3 members; memberships are not unique networks.
MoeDove Internet Exchange Point - Pigeon IX,Kansas,KS,city_crosswalk,3,20,2026-08-19,Internet Society Pulse / PeeringDB,https://pulse.internetsociety.org/en/ixp-tracker/country/US/,operator_self_reported_registry,B,Active IXPs listing at least 3 members; memberships are not unique networks.
Paducah Internet Exchange - PaducahIX,Paducah,KY,city_crosswalk,1,10,2026-08-19,Internet Society Pulse / PeeringDB,https://pulse.internetsociety.org/en/ixp-tracker/country/US/,operator_self_reported_registry,B,Active IXPs listing at least 3 members; memberships are not unique networks.
"MASS IX, Boston/Massachusetts Internet Exchange - MASS-IX",Boston,MA,city_crosswalk,7,71,2026-08-19,Internet Society Pulse / PeeringDB,https://pulse.internetsociety.org/en/ixp-tracker/country/US/,operator_self_reported_registry,B,Active IXPs listing at least 3 members; memberships are not unique networks.
Boston Internet Exchange,"Boston, Massachusetts",MA,source_location,2,58,2026-08-19,Internet Society Pulse / PeeringDB,https://pulse.internetsociety.org/en/ixp-tracker/country/US/,operator_self_reported_registry,B,Active IXPs listing at least 3 members; memberships are not unique networks.
Baltimore Internet Exchange - Baltimore IX,Baltimore,MD,city_crosswalk,2,3,2026-08-19,Internet Society Pulse / PeeringDB,https://pulse.internetsociety.org/en/ixp-tracker/country/US/,operator_self_reported_registry,B,Active IXPs listing at least 3 members; memberships are not unique networks.
Northern New England Neutral Internet Exchange - NNENIX,Portland,ME,exchange_identity,3,10,2026-08-19,Internet Society Pulse / PeeringDB,https://pulse.internetsociety.org/en/ixp-tracker/country/US/,operator_self_reported_registry,B,Active IXPs listing at least 3 members; memberships are not unique networks.
Detroit Internet Exchange - DET-iX,Detroit,MI,city_crosswalk,5,79,2026-08-19,Internet Society Pulse / PeeringDB,https://pulse.internetsociety.org/en/ixp-tracker/country/US/,operator_self_reported_registry,B,Active IXPs listing at least 3 members; memberships are not unique networks.
Grand Rapids Internet Exchange - Grand Rapids Internet Exchange (GRR-iX),"Grand Rapids, MI",MI,source_location,1,13,2026-08-19,Internet Society Pulse / PeeringDB,https://pulse.internetsociety.org/en/ixp-tracker/country/US/,operator_self_reported_registry,B,Active IXPs listing at least 3 members; memberships are not unique networks.
Central Michigan Internet Exchange - CM-IX,Mount Pleasant,MI,city_crosswalk,1,5,2026-08-19,Internet Society Pulse / PeeringDB,https://pulse.internetsociety.org/en/ixp-tracker/country/US/,operator_self_reported_registry,B,Active IXPs listing at least 3 members; memberships are not unique networks.
Midwest Internet Cooperative Exchange - MICE,"Minneapolis, MN",MN,source_location,5,147,2026-08-19,Internet Society Pulse / PeeringDB,https://pulse.internetsociety.org/en/ixp-tracker/country/US/,operator_self_reported_registry,B,Active IXPs listing at least 3 members; memberships are not unique networks.
Kansas City Internet Exchange - KCIX,Kansas City,MO,city_crosswalk,12,195,2026-08-19,Internet Society Pulse / PeeringDB,https://pulse.internetsociety.org/en/ixp-tracker/country/US/,operator_self_reported_registry,B,Active IXPs listing at least 3 members; memberships are not unique networks.
Saint Louis Internet Exchange - STLIX,"Saint Louis, MO",MO,source_location,4,83,2026-08-19,Internet Society Pulse / PeeringDB,https://pulse.internetsociety.org/en/ixp-tracker/country/US/,operator_self_reported_registry,B,Active IXPs listing at least 3 members; memberships are not unique networks.
F4 Internet Exchange - F4IX MCI,Kansas City,MO,city_crosswalk,1,57,2026-08-19,Internet Society Pulse / PeeringDB,https://pulse.internetsociety.org/en/ixp-tracker/country/US/,operator_self_reported_registry,B,Active IXPs listing at least 3 members; memberships are not unique networks.
Hyper Group Internet Exchange - HN Internet Exchange (Main),North Kansas City,MO,city_crosswalk,1,28,2026-08-19,Internet Society Pulse / PeeringDB,https://pulse.internetsociety.org/en/ixp-tracker/country/US/,operator_self_reported_registry,B,Active IXPs listing at least 3 members; memberships are not unique networks.
Springfield Internet eXchange - SpringIX,"Springfield, MO",MO,source_location,2,16,2026-08-19,Internet Society Pulse / PeeringDB,https://pulse.internetsociety.org/en/ixp-tracker/country/US/,operator_self_reported_registry,B,Active IXPs listing at least 3 members; memberships are not unique networks.
Fiber Data Internet Exchange - St. Louis - FD-IX - St. Louis,"St. Louis, MO",MO,source_location,4,15,2026-08-19,Internet Society Pulse / PeeringDB,https://pulse.internetsociety.org/en/ixp-tracker/country/US/,operator_self_reported_registry,B,Active IXPs listing at least 3 members; memberships are not unique networks.
Gateway Internet Exchange,Saint Louis,MO,city_crosswalk,1,3,2026-08-19,Internet Society Pulse / PeeringDB,https://pulse.internetsociety.org/en/ixp-tracker/country/US/,operator_self_reported_registry,B,Active IXPs listing at least 3 members; memberships are not unique networks.
MOCIX,Kansas City,MO,city_crosswalk,1,3,2026-08-19,Internet Society Pulse / PeeringDB,https://pulse.internetsociety.org/en/ixp-tracker/country/US/,operator_self_reported_registry,B,Active IXPs listing at least 3 members; memberships are not unique networks.
CoreSite - Any2West,Los Angeles and Silicon Valley,MULTI,multi_state_exchange,10,265,2026-08-19,Internet Society Pulse / PeeringDB,https://pulse.internetsociety.org/en/ixp-tracker/country/US/,operator_self_reported_registry,B,Active IXPs listing at least 3 members; memberships are not unique networks.
BroadBand Internet eXchange US-West - BBIX US-West,West Coast,MULTI,multi_state_exchange,2,88,2026-08-19,Internet Society Pulse / PeeringDB,https://pulse.internetsociety.org/en/ixp-tracker/country/US/,operator_self_reported_registry,B,Active IXPs listing at least 3 members; memberships are not unique networks.
Digital Realty New York Internet Exchange,New York/New Jersey,MULTI,multi_state_exchange,5,54,2026-08-19,Internet Society Pulse / PeeringDB,https://pulse.internetsociety.org/en/ixp-tracker/country/US/,operator_self_reported_registry,B,Active IXPs listing at least 3 members; memberships are not unique networks.
CoreSite - Any2East,"Washington DC, Reston, Boston, New York, Atlanta",MULTI,multi_state_exchange,11,50,2026-08-19,Internet Society Pulse / PeeringDB,https://pulse.internetsociety.org/en/ixp-tracker/country/US/,operator_self_reported_registry,B,Active IXPs listing at least 3 members; memberships are not unique networks.
Amateur Radio Internet Exchange - ARIX,"Fremont, Portland, Flagstaff",MULTI,multi_state_exchange,1,19,2026-08-19,Internet Society Pulse / PeeringDB,https://pulse.internetsociety.org/en/ixp-tracker/country/US/,operator_self_reported_registry,B,Active IXPs listing at least 3 members; memberships are not unique networks.
"Pacific Wave Exchange in LA, Sunnyvale and Seattle",West Coast,MULTI,multi_state_exchange,5,15,2026-08-19,Internet Society Pulse / PeeringDB,https://pulse.internetsociety.org/en/ixp-tracker/country/US/,operator_self_reported_registry,B,Active IXPs listing at least 3 members; memberships are not unique networks.
Lightboard - American IX ★ Massachusetts,Boston Springfield Syracuse Burlington Worcester,MULTI,multi_state_exchange,2,4,2026-08-19,Internet Society Pulse / PeeringDB,https://pulse.internetsociety.org/en/ixp-tracker/country/US/,operator_self_reported_registry,B,Active IXPs listing at least 3 members; memberships are not unique networks.
Lightboard - Vermont IX 🍁,"Burlington White River Junction Hanover, NH Montpelier",MULTI,multi_state_exchange,1,4,2026-08-19,Internet Society Pulse / PeeringDB,https://pulse.internetsociety.org/en/ixp-tracker/country/US/,operator_self_reported_registry,B,Active IXPs listing at least 3 members; memberships are not unique networks.
Megaport MegaIX Charlotte,Charlotte,NC,city_crosswalk,4,6,2026-08-19,Internet Society Pulse / PeeringDB,https://pulse.internetsociety.org/en/ixp-tracker/country/US/,operator_self_reported_registry,B,Active IXPs listing at least 3 members; memberships are not unique networks.
Statewide North Carolina Internet Exchange - Statewide NC-IX,Charlotte,NC,city_crosswalk,1,4,2026-08-19,Internet Society Pulse / PeeringDB,https://pulse.internetsociety.org/en/ixp-tracker/country/US/,operator_self_reported_registry,B,Active IXPs listing at least 3 members; memberships are not unique networks.
Ninja-IX Charlotte,Charlotte,NC,city_crosswalk,2,3,2026-08-19,Internet Society Pulse / PeeringDB,https://pulse.internetsociety.org/en/ixp-tracker/country/US/,operator_self_reported_registry,B,Active IXPs listing at least 3 members; memberships are not unique networks.
Fargo-Moorhead Internet Exchange - FMIX,"Fargo, ND",ND,source_location,1,4,2026-08-19,Internet Society Pulse / PeeringDB,https://pulse.internetsociety.org/en/ixp-tracker/country/US/,operator_self_reported_registry,B,Active IXPs listing at least 3 members; memberships are not unique networks.
Omaha Internet Exchange - OmahaIX,Omaha,NE,city_crosswalk,1,52,2026-08-19,Internet Society Pulse / PeeringDB,https://pulse.internetsociety.org/en/ixp-tracker/country/US/,operator_self_reported_registry,B,Active IXPs listing at least 3 members; memberships are not unique networks.
ABQIX,Albuquerque,NM,city_crosswalk,4,12,2026-08-19,Internet Society Pulse / PeeringDB,https://pulse.internetsociety.org/en/ixp-tracker/country/US/,operator_self_reported_registry,B,Active IXPs listing at least 3 members; memberships are not unique networks.
Tahoe Internet Exchange - TahoeIX,Reno,NV,city_crosswalk,2,12,2026-08-19,Internet Society Pulse / PeeringDB,https://pulse.internetsociety.org/en/ixp-tracker/country/US/,operator_self_reported_registry,B,Active IXPs listing at least 3 members; memberships are not unique networks.
Internet eXchange 42 Las Vegas - IX42 LAS,Las Vegas,NV,city_crosswalk,0,11,2026-08-19,Internet Society Pulse / PeeringDB,https://pulse.internetsociety.org/en/ixp-tracker/country/US/,operator_self_reported_registry,B,Active IXPs listing at least 3 members; memberships are not unique networks.
Ninja-IX Las Vegas,Las Vegas,NV,city_crosswalk,1,7,2026-08-19,Internet Society Pulse / PeeringDB,https://pulse.internetsociety.org/en/ixp-tracker/country/US/,operator_self_reported_registry,B,Active IXPs listing at least 3 members; memberships are not unique networks.
Megaport MegaIX Las Vegas,Las Vegas,NV,city_crosswalk,3,4,2026-08-19,Internet Society Pulse / PeeringDB,https://pulse.internetsociety.org/en/ixp-tracker/country/US/,operator_self_reported_registry,B,Active IXPs listing at least 3 members; memberships are not unique networks.
DE-CIX New York,New York,NY,city_crosswalk,33,261,2026-08-19,Internet Society Pulse / PeeringDB,https://pulse.internetsociety.org/en/ixp-tracker/country/US/,operator_self_reported_registry,B,Active IXPs listing at least 3 members; memberships are not unique networks.
New York International Internet eXchange - NYIIX New York,New York,NY,city_crosswalk,7,193,2026-08-19,Internet Society Pulse / PeeringDB,https://pulse.internetsociety.org/en/ixp-tracker/country/US/,operator_self_reported_registry,B,Active IXPs listing at least 3 members; memberships are not unique networks.
Equinix Internet Exchange New York - Equinix New York,New York,NY,city_crosswalk,6,102,2026-08-19,Internet Society Pulse / PeeringDB,https://pulse.internetsociety.org/en/ixp-tracker/country/US/,operator_self_reported_registry,B,Active IXPs listing at least 3 members; memberships are not unique networks.
BGP.Exchange - New York,New York,NY,city_crosswalk,2,41,2026-08-19,Internet Society Pulse / PeeringDB,https://pulse.internetsociety.org/en/ixp-tracker/country/US/,operator_self_reported_registry,B,Active IXPs listing at least 3 members; memberships are not unique networks.
Central X Exchange - CXIX - Great Lakes,NewYork,NY,city_crosswalk,2,40,2026-08-19,Internet Society Pulse / PeeringDB,https://pulse.internetsociety.org/en/ixp-tracker/country/US/,operator_self_reported_registry,B,Active IXPs listing at least 3 members; memberships are not unique networks.
Megaport MegaIX New York,New York,NY,city_crosswalk,24,20,2026-08-19,Internet Society Pulse / PeeringDB,https://pulse.internetsociety.org/en/ixp-tracker/country/US/,operator_self_reported_registry,B,Active IXPs listing at least 3 members; memberships are not unique networks.
DACS-IX North Region,New York,NY,city_crosswalk,1,4,2026-08-19,Internet Society Pulse / PeeringDB,https://pulse.internetsociety.org/en/ixp-tracker/country/US/,operator_self_reported_registry,B,Active IXPs listing at least 3 members; memberships are not unique networks.
Ohio IX,Columbus,OH,city_crosswalk,16,52,2026-08-19,Internet Society Pulse / PeeringDB,https://pulse.internetsociety.org/en/ixp-tracker/country/US/,operator_self_reported_registry,B,Active IXPs listing at least 3 members; memberships are not unique networks.
Columbus Internet Exchange - CMH-IX,Columbus,OH,city_crosswalk,1,7,2026-08-19,Internet Society Pulse / PeeringDB,https://pulse.internetsociety.org/en/ixp-tracker/country/US/,operator_self_reported_registry,B,Active IXPs listing at least 3 members; memberships are not unique networks.
North East Ohio Internet Exchange - NEO-IX,"Akron, Ohio",OH,source_location,3,7,2026-08-19,Internet Society Pulse / PeeringDB,https://pulse.internetsociety.org/en/ixp-tracker/country/US/,operator_self_reported_registry,B,Active IXPs listing at least 3 members; memberships are not unique networks.
MidWest-IX - Ohio - FD-IX - Ohio,"Cleveland, Ohio",OH,source_location,10,5,2026-08-19,Internet Society Pulse / PeeringDB,https://pulse.internetsociety.org/en/ixp-tracker/country/US/,operator_self_reported_registry,B,Active IXPs listing at least 3 members; memberships are not unique networks.
Cleveland Internet Exchange - CL-IX,"Cleveland, OH",OH,source_location,1,4,2026-08-19,Internet Society Pulse / PeeringDB,https://pulse.internetsociety.org/en/ixp-tracker/country/US/,operator_self_reported_registry,B,Active IXPs listing at least 3 members; memberships are not unique networks.
Internet Exchange Oklahoma City - iX-OKC,Oklahoma City,OK,city_crosswalk,1,16,2026-08-19,Internet Society Pulse / PeeringDB,https://pulse.internetsociety.org/en/ixp-tracker/country/US/,operator_self_reported_registry,B,Active IXPs listing at least 3 members; memberships are not unique networks.
"Northwest Access Exchange, Inc. - NWAX",Portland,OR,exchange_identity,12,94,2026-08-19,Internet Society Pulse / PeeringDB,https://pulse.internetsociety.org/en/ixp-tracker/country/US/,operator_self_reported_registry,B,Active IXPs listing at least 3 members; memberships are not unique networks.
Central Oregon Internet Exchange,Bend,OR,city_crosswalk,2,14,2026-08-19,Internet Society Pulse / PeeringDB,https://pulse.internetsociety.org/en/ixp-tracker/country/US/,operator_self_reported_registry,B,Active IXPs listing at least 3 members; memberships are not unique networks.
Willamette Internet Exchange,Eugene,OR,city_crosswalk,1,12,2026-08-19,Internet Society Pulse / PeeringDB,https://pulse.internetsociety.org/en/ixp-tracker/country/US/,operator_self_reported_registry,B,Active IXPs listing at least 3 members; memberships are not unique networks.
Amateur IX,Ashland,OR,inferred_from_exchange_identity,1,6,2026-08-19,Internet Society Pulse / PeeringDB,https://pulse.internetsociety.org/en/ixp-tracker/country/US/,operator_self_reported_registry,B,Active IXPs listing at least 3 members; memberships are not unique networks.
Southern Oregon Access Exchange - SOAX,Medford,OR,city_crosswalk,1,3,2026-08-19,Internet Society Pulse / PeeringDB,https://pulse.internetsociety.org/en/ixp-tracker/country/US/,operator_self_reported_registry,B,Active IXPs listing at least 3 members; memberships are not unique networks.
Pittsburgh Internet Exchange - PIT-IX,Pittsburgh,PA,city_crosswalk,3,35,2026-08-19,Internet Society Pulse / PeeringDB,https://pulse.internetsociety.org/en/ixp-tracker/country/US/,operator_self_reported_registry,B,Active IXPs listing at least 3 members; memberships are not unique networks.
Philadelphia Internet Exchange - PhillyIX,Philadelphia,PA,city_crosswalk,3,27,2026-08-19,Internet Society Pulse / PeeringDB,https://pulse.internetsociety.org/en/ixp-tracker/country/US/,operator_self_reported_registry,B,Active IXPs listing at least 3 members; memberships are not unique networks.
New York International Internet eXchange - Philadelphia - NYIIX Philadelphia,Philadelphia,PA,city_crosswalk,1,5,2026-08-19,Internet Society Pulse / PeeringDB,https://pulse.internetsociety.org/en/ixp-tracker/country/US/,operator_self_reported_registry,B,Active IXPs listing at least 3 members; memberships are not unique networks.
Nashville Internet Exchange - NashIX,Nashville,TN,city_crosswalk,1,7,2026-08-19,Internet Society Pulse / PeeringDB,https://pulse.internetsociety.org/en/ixp-tracker/country/US/,operator_self_reported_registry,B,Active IXPs listing at least 3 members; memberships are not unique networks.
Equinix Internet Exchange Dallas - Equinix Dallas,Dallas,TX,city_crosswalk,6,205,2026-08-19,Internet Society Pulse / PeeringDB,https://pulse.internetsociety.org/en/ixp-tracker/country/US/,operator_self_reported_registry,B,Active IXPs listing at least 3 members; memberships are not unique networks.
DE-CIX Dallas,Dallas,TX,city_crosswalk,18,161,2026-08-19,Internet Society Pulse / PeeringDB,https://pulse.internetsociety.org/en/ixp-tracker/country/US/,operator_self_reported_registry,B,Active IXPs listing at least 3 members; memberships are not unique networks.
Houston Internet Exchange - HOUIX,Houston,TX,city_crosswalk,4,60,2026-08-19,Internet Society Pulse / PeeringDB,https://pulse.internetsociety.org/en/ixp-tracker/country/US/,operator_self_reported_registry,B,Active IXPs listing at least 3 members; memberships are not unique networks.
Megaport MegaIX Dallas,Dallas,TX,city_crosswalk,29,29,2026-08-19,Internet Society Pulse / PeeringDB,https://pulse.internetsociety.org/en/ixp-tracker/country/US/,operator_self_reported_registry,B,Active IXPs listing at least 3 members; memberships are not unique networks.
BGP.Exchange - Dallas,Dallas,TX,city_crosswalk,1,20,2026-08-19,Internet Society Pulse / PeeringDB,https://pulse.internetsociety.org/en/ixp-tracker/country/US/,operator_self_reported_registry,B,Active IXPs listing at least 3 members; memberships are not unique networks.
MEX-IX McAllen,McAllen,TX,city_crosswalk,1,19,2026-08-19,Internet Society Pulse / PeeringDB,https://pulse.internetsociety.org/en/ixp-tracker/country/US/,operator_self_reported_registry,B,Active IXPs listing at least 3 members; memberships are not unique networks.
Digital Realty Dallas Internet Exchange,Dallas,TX,city_crosswalk,2,11,2026-08-19,Internet Society Pulse / PeeringDB,https://pulse.internetsociety.org/en/ixp-tracker/country/US/,operator_self_reported_registry,B,Active IXPs listing at least 3 members; memberships are not unique networks.
MIDSOUTH U.S. Internet Exchange - MUS-IX,"Dallas, TX",TX,source_location,2,11,2026-08-19,Internet Society Pulse / PeeringDB,https://pulse.internetsociety.org/en/ixp-tracker/country/US/,operator_self_reported_registry,B,Active IXPs listing at least 3 members; memberships are not unique networks.
DE-CIX Houston,Houston,TX,city_crosswalk,2,10,2026-08-19,Internet Society Pulse / PeeringDB,https://pulse.internetsociety.org/en/ixp-tracker/country/US/,operator_self_reported_registry,B,Active IXPs listing at least 3 members; memberships are not unique networks.
Dallas Internet Exange Point - DFW-IX,Dallas,TX,city_crosswalk,7,8,2026-08-19,Internet Society Pulse / PeeringDB,https://pulse.internetsociety.org/en/ixp-tracker/country/US/,operator_self_reported_registry,B,Active IXPs listing at least 3 members; memberships are not unique networks.
MEX-IX El Paso,El Paso,TX,city_crosswalk,1,7,2026-08-19,Internet Society Pulse / PeeringDB,https://pulse.internetsociety.org/en/ixp-tracker/country/US/,operator_self_reported_registry,B,Active IXPs listing at least 3 members; memberships are not unique networks.
Ninja-IX Dallas,Dallas,TX,city_crosswalk,2,7,2026-08-19,Internet Society Pulse / PeeringDB,https://pulse.internetsociety.org/en/ixp-tracker/country/US/,operator_self_reported_registry,B,Active IXPs listing at least 3 members; memberships are not unique networks.
FD-IX Houston - FD-IX - Houston,Houston,TX,city_crosswalk,7,6,2026-08-19,Internet Society Pulse / PeeringDB,https://pulse.internetsociety.org/en/ixp-tracker/country/US/,operator_self_reported_registry,B,Active IXPs listing at least 3 members; memberships are not unique networks.
San Antonio Internet Exchange - SAT-IX,"San Antonio, TX",TX,source_location,1,5,2026-08-19,Internet Society Pulse / PeeringDB,https://pulse.internetsociety.org/en/ixp-tracker/country/US/,operator_self_reported_registry,B,Active IXPs listing at least 3 members; memberships are not unique networks.
FD-IX - Amarillo,Amarillo,TX,city_crosswalk,1,4,2026-08-19,Internet Society Pulse / PeeringDB,https://pulse.internetsociety.org/en/ixp-tracker/country/US/,operator_self_reported_registry,B,Active IXPs listing at least 3 members; memberships are not unique networks.
Fiber Data Internet Exchange - FD-IX - Austin,Austin,TX,city_crosswalk,4,4,2026-08-19,Internet Society Pulse / PeeringDB,https://pulse.internetsociety.org/en/ixp-tracker/country/US/,operator_self_reported_registry,B,Active IXPs listing at least 3 members; memberships are not unique networks.
BroadBand Internet eXchange Dallas - BBIX Dallas,Dallas,TX,city_crosswalk,1,3,2026-08-19,Internet Society Pulse / PeeringDB,https://pulse.internetsociety.org/en/ixp-tracker/country/US/,operator_self_reported_registry,B,Active IXPs listing at least 3 members; memberships are not unique networks.
CyrusOne Internet Exchange - CyrusOne IX Dallas,Dallas,TX,city_crosswalk,0,3,2026-08-19,Internet Society Pulse / PeeringDB,https://pulse.internetsociety.org/en/ixp-tracker/country/US/,operator_self_reported_registry,B,Active IXPs listing at least 3 members; memberships are not unique networks.
Ninja-IX Houston,Houston,TX,city_crosswalk,1,3,2026-08-19,Internet Society Pulse / PeeringDB,https://pulse.internetsociety.org/en/ixp-tracker/country/US/,operator_self_reported_registry,B,Active IXPs listing at least 3 members; memberships are not unique networks.
Ninja-IX Auburn,Auburn,UNKNOWN,ambiguous_location,1,6,2026-08-19,Internet Society Pulse / PeeringDB,https://pulse.internetsociety.org/en/ixp-tracker/country/US/,operator_self_reported_registry,B,Active IXPs listing at least 3 members; memberships are not unique networks.
Salt Lake Internet Exchange - SLIX - Salt Lake City Internet Exchange,Salt Lake City,UT,city_crosswalk,5,35,2026-08-19,Internet Society Pulse / PeeringDB,https://pulse.internetsociety.org/en/ixp-tracker/country/US/,operator_self_reported_registry,B,Active IXPs listing at least 3 members; memberships are not unique networks.
GraniteIX - Salt Lake City,"Salt Lake City, UT",UT,source_location,9,21,2026-08-19,Internet Society Pulse / PeeringDB,https://pulse.internetsociety.org/en/ixp-tracker/country/US/,operator_self_reported_registry,B,Active IXPs listing at least 3 members; memberships are not unique networks.
Southern Utah Peering Regional Network - SUPRnet,Saint George,UT,city_crosswalk,1,18,2026-08-19,Internet Society Pulse / PeeringDB,https://pulse.internetsociety.org/en/ixp-tracker/country/US/,operator_self_reported_registry,B,Active IXPs listing at least 3 members; memberships are not unique networks.
Mountain West Internet Exchange,Salt Lake City,UT,city_crosswalk,9,11,2026-08-19,Internet Society Pulse / PeeringDB,https://pulse.internetsociety.org/en/ixp-tracker/country/US/,operator_self_reported_registry,B,Active IXPs listing at least 3 members; memberships are not unique networks.
Equinix Internet Exchange Ashburn - Equinix Ashburn,Ashburn,VA,city_crosswalk,3,346,2026-08-19,Internet Society Pulse / PeeringDB,https://pulse.internetsociety.org/en/ixp-tracker/country/US/,operator_self_reported_registry,B,Active IXPs listing at least 3 members; memberships are not unique networks.
"LINX Northern Virginia, Ashburn, Reston and Manassas - LINX NoVA",Northern Virginia,VA,exchange_identity,12,56,2026-08-19,Internet Society Pulse / PeeringDB,https://pulse.internetsociety.org/en/ixp-tracker/country/US/,operator_self_reported_registry,B,Active IXPs listing at least 3 members; memberships are not unique networks.
NVIX,Ashburn,VA,city_crosswalk,1,56,2026-08-19,Internet Society Pulse / PeeringDB,https://pulse.internetsociety.org/en/ixp-tracker/country/US/,operator_self_reported_registry,B,Active IXPs listing at least 3 members; memberships are not unique networks.
Megaport MegaIX Ashburn,Ashburn,VA,city_crosswalk,37,44,2026-08-19,Internet Society Pulse / PeeringDB,https://pulse.internetsociety.org/en/ixp-tracker/country/US/,operator_self_reported_registry,B,Active IXPs listing at least 3 members; memberships are not unique networks.
Community IX - Northern Virginia - CIX-NoVA,"Ashburn, Reston, Washington DC",VA,exchange_identity,6,25,2026-08-19,Internet Society Pulse / PeeringDB,https://pulse.internetsociety.org/en/ixp-tracker/country/US/,operator_self_reported_registry,B,Active IXPs listing at least 3 members; memberships are not unique networks.
DE-CIX Richmond,Ashland,VA,exchange_identity,3,21,2026-08-19,Internet Society Pulse / PeeringDB,https://pulse.internetsociety.org/en/ixp-tracker/country/US/,operator_self_reported_registry,B,Active IXPs listing at least 3 members; memberships are not unique networks.
Digital Realty Ashburn Internet Exchange,Ashburn,VA,city_crosswalk,2,10,2026-08-19,Internet Society Pulse / PeeringDB,https://pulse.internetsociety.org/en/ixp-tracker/country/US/,operator_self_reported_registry,B,Active IXPs listing at least 3 members; memberships are not unique networks.
Ninja-IX Richmond,Richmond,VA,city_crosswalk,1,8,2026-08-19,Internet Society Pulse / PeeringDB,https://pulse.internetsociety.org/en/ixp-tracker/country/US/,operator_self_reported_registry,B,Active IXPs listing at least 3 members; memberships are not unique networks.
Miaowoo Internet Exchange Ashburn - Miaowoo Ashburn,Ashburn,VA,city_crosswalk,0,4,2026-08-19,Internet Society Pulse / PeeringDB,https://pulse.internetsociety.org/en/ixp-tracker/country/US/,operator_self_reported_registry,B,Active IXPs listing at least 3 members; memberships are not unique networks.
Nell-IX NoVA,Reston,VA,exchange_identity,2,4,2026-08-19,Internet Society Pulse / PeeringDB,https://pulse.internetsociety.org/en/ixp-tracker/country/US/,operator_self_reported_registry,B,Active IXPs listing at least 3 members; memberships are not unique networks.
Gig IX Ashburn,Ashburn,VA,city_crosswalk,0,3,2026-08-19,Internet Society Pulse / PeeringDB,https://pulse.internetsociety.org/en/ixp-tracker/country/US/,operator_self_reported_registry,B,Active IXPs listing at least 3 members; memberships are not unique networks.
Ninja-IX Norfolk,Norfolk,VA,city_crosswalk,1,3,2026-08-19,Internet Society Pulse / PeeringDB,https://pulse.internetsociety.org/en/ixp-tracker/country/US/,operator_self_reported_registry,B,Active IXPs listing at least 3 members; memberships are not unique networks.
Seattle Internet Exchange (MTU 1500) - SIX Seattle,Seattle,WA,city_crosswalk,15,369,2026-08-19,Internet Society Pulse / PeeringDB,https://pulse.internetsociety.org/en/ixp-tracker/country/US/,operator_self_reported_registry,B,Active IXPs listing at least 3 members; memberships are not unique networks.
Seattle Internet Exchange (MTU 9000) - SIX Seattle (Jumbo),Seattle,WA,city_crosswalk,15,66,2026-08-19,Internet Society Pulse / PeeringDB,https://pulse.internetsociety.org/en/ixp-tracker/country/US/,operator_self_reported_registry,B,Active IXPs listing at least 3 members; memberships are not unique networks.
Equinix Internet Exchange Seattle - Equinix Seattle,Seattle,WA,city_crosswalk,2,34,2026-08-19,Internet Society Pulse / PeeringDB,https://pulse.internetsociety.org/en/ixp-tracker/country/US/,operator_self_reported_registry,B,Active IXPs listing at least 3 members; memberships are not unique networks.
Megaport MegaIX Seattle,Seattle,WA,city_crosswalk,8,16,2026-08-19,Internet Society Pulse / PeeringDB,https://pulse.internetsociety.org/en/ixp-tracker/country/US/,operator_self_reported_registry,B,Active IXPs listing at least 3 members; memberships are not unique networks.
Moe Internet Exchange - Seattle - MoeIX SEA,Seattle,WA,city_crosswalk,0,16,2026-08-19,Internet Society Pulse / PeeringDB,https://pulse.internetsociety.org/en/ixp-tracker/country/US/,operator_self_reported_registry,B,Active IXPs listing at least 3 members; memberships are not unique networks.
Spokane Internet Exchange - SpokaneIX,Spokane,WA,city_crosswalk,4,12,2026-08-19,Internet Society Pulse / PeeringDB,https://pulse.internetsociety.org/en/ixp-tracker/country/US/,operator_self_reported_registry,B,Active IXPs listing at least 3 members; memberships are not unique networks.
Madison Internet Exchange - MadIX,Madison,WI,city_crosswalk,2,17,2026-08-19,Internet Society Pulse / PeeringDB,https://pulse.internetsociety.org/en/ixp-tracker/country/US/,operator_self_reported_registry,B,Active IXPs listing at least 3 members; memberships are not unique networks.
The Milwaukee Internet Exchange - MKE-IX,Milwaukee,WI,city_crosswalk,1,9,2026-08-19,Internet Society Pulse / PeeringDB,https://pulse.internetsociety.org/en/ixp-tracker/country/US/,operator_self_reported_registry,B,Active IXPs listing at least 3 members; memberships are not unique networks.
West Virginia Internet Exchange,Charleston,WV,city_crosswalk,3,3,2026-08-19,Internet Society Pulse / PeeringDB,https://pulse.internetsociety.org/en/ixp-tracker/country/US/,operator_self_reported_registry,B,Active IXPs listing at least 3 members; memberships are not unique networks.
