Date,Market Data Date,AI Equity Index,AI Development Intensity,Speculation Gap,Power Stress Index,Borrower Strain,Concentration HHI,Raw AI HHI,Avg Sector Pressure,Prior Method Avg Sector Pressure,ADI Capital Deployment,ADI Data Center Construction,ADI Compute Supply Realization,ADI Power Footprint,Power Nonresidential Load,Power Grid Utilization,Power Capacity Response,Borrower Cash Flow Strain,Prior Method Borrower Book Leverage,Borrower Committed Burden,Borrower Contingent Exposure,AEI Version,ADI Version,Power Stress Version,Borrower Strain Version,Pressure Version,Construction Observation Date,Construction Release Date,Commercial Electricity Sales,Commercial Electricity Sales Date,Residential Electricity Sales,Residential Electricity Sales Date,Commercial Electricity Sales YoY,Commercial Electricity Sales YoY Date,Residential Electricity Sales YoY,Residential Electricity Sales YoY Date,Electric Power Capacity Utilization,Electric Power Capacity Utilization Date,Electric Power Output,Electric Power Output Date,Electric Power Output YoY,Electric Power Output YoY Date,Electric Power Capacity,Electric Power Capacity Date,Electric Power Capacity YoY,Electric Power Capacity YoY Date,Power Release Date,Consumer Sentiment,Fed Funds Rate,Industrial Production,Industrial Production YoY,Lender Strain,Lender Credit Tightening,Lender Bank Capital Strain,Lender Private Credit Impairment,Lender PE Portfolio Financing Strain,Lender Strain Version,Economic Validation Gap,Borrower Debt Capacity Strain,EVG Version,Power Capacity Gap,PCG Deployment Pressure,PCG Power Response,PCG Data Center Construction,PCG Capital Deployment,PCG Delivered Power Growth,PCG Installed Capacity Growth,Power Capacity Gap Version,Macro State,Macro State Summary,Macro Constraint Factors,Macro Expansion Factors,Macro Pressure Factors,Macro Resilience Factors,Macro Change Factors,Macro Interpretation Confidence,Macro Interpretation Version,Macro Domain States,Macro Snapshot Context,Macro Metric Changes,Macro Weekly References,Macro Weekly Context
2026-06-14,2026-06-14,64.6636358255,77.6823508087,-13.0187149832,-4.6396084504,,17.3920684241,0.0517409642179,59.9221082418,56.8795488,99.9971255168,61.4796078741,85.1948890471,64.0577807966,64.785958922,-47.3754239649,-55.890374526,,,,,4.0,1.0,3.0,,4.0,2026-04-01,2026-06-01,125.5979,2026-02-01,115.2106,2026-02-01,0.0353252962391,2026-02-01,0.00446124592302,2026-02-01,69.851,2026-04-01,111.1561,2026-04-01,0.023617892393,2026-04-01,159.1332,2026-04-01,0.042555017535,2026-04-01,2026-05-15,49.8,3.63,102.4963,,,,,,,,,,,1.14816551294,76.8866149312,75.7384494182,61.4796078741,99.9971255168,66.3938337983,89.7553728481,1.0,,,,,,,,,,,,,,
2026-06-15,2026-06-15,64.4801636941,76.3708271253,-11.8906634312,-1.55875324496,1.67672090671,17.8780042681,0.0529072102435,60.0956868537,61.50557506,87.1532633256,61.4796078741,87.4530487161,69.3973885855,86.2878173226,-57.9852192298,-63.1162137743,18.6741727784,,16.9797915289,32.1936695663,4.0,1.0,3.0,3.0,4.0,2026-04-01,2026-06-01,126.4099,2026-03-01,109.0526,2026-03-01,0.0532183548918,2026-03-01,0.00103819092248,2026-03-01,68.3776,2026-05-01,109.075,2026-05-01,0.0187365332043,2026-05-01,159.5185,2026-05-01,0.0410368960728,2026-05-01,2026-06-15,49.8,3.63,102.6475,,,,,,,,20.3495898614,-55.3940752817,3.0,-0.215728268599,71.7490700547,71.9647983233,61.4796078741,87.1532633256,60.7502628177,88.7866015817,1.0,,,,,,,,,,,,,,
2026-06-16,2026-06-16,64.6017708105,80.7779474266,-16.1761766162,-1.55875324496,,17.5946313045,0.0522271151308,59.1438691875,57.28148565,99.9998905697,61.4796078741,92.2349026773,69.3973885855,86.2878173226,-57.9852192298,-63.1162137743,,,,,4.0,1.0,3.0,,4.0,2026-04-01,2026-06-01,126.4099,2026-03-01,109.0526,2026-03-01,0.0532183548918,2026-03-01,0.00103819092248,2026-03-01,68.3776,2026-05-01,109.075,2026-05-01,0.0187365332043,2026-05-01,159.5185,2026-05-01,0.0410368960728,2026-05-01,2026-06-15,49.8,3.63,102.6475,,,,,,,,,,,4.92292262903,76.8877209523,71.9647983233,61.4796078741,99.9998905697,60.7502628177,88.7866015817,1.0,,,,,,,,,,,,,,
2026-06-18,2026-06-18,64.8204624791,80.7779474266,-15.9574849475,-1.55875324496,,17.2113437899,0.0513072250957,59.0379045469,58.55504502,99.9998905697,61.4796078741,92.2349026773,69.3973885855,86.2878173226,-57.9852192298,-63.1162137743,,,,,4.0,1.0,3.0,,4.0,2026-04-01,2026-06-01,126.4099,2026-03-01,109.0526,2026-03-01,0.0532183548918,2026-03-01,0.00103819092248,2026-03-01,68.3776,2026-05-01,109.075,2026-05-01,0.0187365332043,2026-05-01,159.5185,2026-05-01,0.0410368960728,2026-05-01,2026-06-15,49.8,3.63,102.6475,,,,,,,,,,,4.92292262903,76.8877209523,71.9647983233,61.4796078741,99.9998905697,60.7502628177,88.7866015817,1.0,,,,,,,,,,,,,,
2026-06-21,2026-06-21,64.5181737766,81.5633761439,-17.0452023673,-1.55875324496,,17.3240732539,0.0515777758093,59.0379045469,55.02852081,99.9998905697,61.4796078741,95.3766175464,69.3973885855,86.2878173226,-57.9852192298,-63.1162137743,,,,,4.0,1.0,3.0,,4.0,2026-04-01,2026-06-01,126.4099,2026-03-01,109.0526,2026-03-01,0.0532183548918,2026-03-01,0.00103819092248,2026-03-01,68.3776,2026-05-01,109.075,2026-05-01,0.0187365332043,2026-05-01,159.5185,2026-05-01,0.0410368960728,2026-05-01,2026-06-15,49.8,3.63,102.6475,,,,,,,,,,,4.92292262903,76.8877209523,71.9647983233,61.4796078741,99.9998905697,60.7502628177,88.7866015817,1.0,,,,,,,,,,,,,,
2026-06-22,2026-06-22,64.4174347155,80.6060064906,-16.188571775,-1.55875324496,,16.7463733822,0.0501912961172,60.8184733637,54.83455485,96.1704119563,61.4796078741,95.3766175464,69.3973885855,86.2878173226,-57.9852192298,-63.1162137743,,,,,4.0,1.0,3.0,,4.0,2026-04-01,2026-06-01,126.4099,2026-03-01,109.0526,2026-03-01,0.0532183548918,2026-03-01,0.00103819092248,2026-03-01,68.3776,2026-05-01,109.075,2026-05-01,0.0187365332043,2026-05-01,159.5185,2026-05-01,0.0410368960728,2026-05-01,2026-06-15,49.8,3.63,102.6475,,,,,,,,,,,3.39113118367,75.355929507,71.9647983233,61.4796078741,96.1704119563,60.7502628177,88.7866015817,1.0,,,,,,,,,,,,,,
2026-06-23,2026-06-23,65.0841318781,80.6060063817,-15.5218745036,-1.55875324496,,17.0199715531,0.0508479317275,59.3451402254,54.834554853,96.1704119572,61.4796078741,95.3766171101,69.3973885855,86.2878173226,-57.9852192298,-63.1162137743,,,,,4.0,1.0,3.0,,4.0,2026-04-01,2026-06-01,126.4099,2026-03-01,109.0526,2026-03-01,0.0532183548918,2026-03-01,0.00103819092248,2026-03-01,68.3776,2026-05-01,109.075,2026-05-01,0.0187365332043,2026-05-01,159.5185,2026-05-01,0.0410368960728,2026-05-01,2026-06-15,49.8,3.63,102.6475,,,,,,,,,,,3.39113118403,75.3559295073,71.9647983233,61.4796078741,96.1704119572,60.7502628177,88.7866015817,1.0,,,,,,,,,,,,,,
2026-06-24,2026-06-24,65.4777079708,80.7510365223,-15.2733285515,-1.55875324496,,16.9492277299,0.0506781465519,60.0103513967,54.315750052,96.7505325196,61.4796078741,95.3766171101,69.3973885855,86.2878173226,-57.9852192298,-63.1162137743,,,,,4.0,1.0,3.0,,4.0,2026-04-01,2026-06-01,126.4099,2026-03-01,109.0526,2026-03-01,0.0532183548918,2026-03-01,0.00103819092248,2026-03-01,68.3776,2026-05-01,109.075,2026-05-01,0.0187365332043,2026-05-01,159.5185,2026-05-01,0.0410368960728,2026-05-01,2026-06-15,49.8,3.63,102.6475,,,,,,,,,,,3.62317940899,75.5879777323,71.9647983233,61.4796078741,96.7505325196,60.7502628177,88.7866015817,1.0,,,,,,,,,,,,,,
2026-06-26,2026-06-26,66.6175077834,80.8025425528,-14.1850347695,-1.55875324496,,16.4826911456,0.0495584587495,62.874160068,54.4000618334,96.7505325196,61.4796078741,95.5826412321,69.3973885855,86.2878173226,-57.9852192298,-63.1162137743,,,,,4.0,1.0,3.0,,4.0,2026-04-01,2026-06-01,126.4099,2026-03-01,109.0526,2026-03-01,0.0532183548918,2026-03-01,0.00103819092248,2026-03-01,68.3776,2026-05-01,109.075,2026-05-01,0.0187365332043,2026-05-01,159.5185,2026-05-01,0.0410368960728,2026-05-01,2026-06-15,44.8,3.63,102.6475,,,,,,,,,,,3.62317940899,75.5879777323,71.9647983233,61.4796078741,96.7505325196,60.7502628177,88.7866015817,1.0,,,,,,,,,,,,,,
2026-06-29,2026-06-29,68.0606141592,80.8025425528,-12.7419283936,-1.55875324496,,16.3336267933,0.0492007043039,64.7342169683,54.6685741672,96.7505325196,61.4796078741,95.5826412321,69.3973885855,86.2878173226,-57.9852192298,-63.1162137743,,,,,4.0,1.0,3.0,,4.0,2026-04-01,2026-06-01,126.4099,2026-03-01,109.0526,2026-03-01,0.0532183548918,2026-03-01,0.00103819092248,2026-03-01,68.3776,2026-05-01,109.075,2026-05-01,0.0187365332043,2026-05-01,159.5185,2026-05-01,0.0410368960728,2026-05-01,2026-06-15,44.8,3.63,102.6475,,,,,,,,,,,3.62317940899,75.5879777323,71.9647983233,61.4796078741,96.7505325196,60.7502628177,88.7866015817,1.0,,,,,,,,,,,,,,
2026-06-30,2026-06-30,68.8508399398,80.8025425528,-11.951702613,-1.55875324496,,16.3930782047,0.0493433876912,66.3924295107,54.9657958118,96.7505325196,61.4796078741,95.5826412321,69.3973885855,86.2878173226,-57.9852192298,-63.1162137743,,,,,4.0,1.0,3.0,,4.0,2026-04-01,2026-06-01,126.4099,2026-03-01,109.0526,2026-03-01,0.0532183548918,2026-03-01,0.00103819092248,2026-03-01,68.3776,2026-05-01,109.075,2026-05-01,0.0187365332043,2026-05-01,159.5185,2026-05-01,0.0410368960728,2026-05-01,2026-06-15,44.8,3.63,102.6475,,,,,,,,,,,3.62317940899,75.5879777323,71.9647983233,61.4796078741,96.7505325196,60.7502628177,88.7866015817,1.0,,,,,,,,,,,,,,
2026-07-01,2026-07-01,69.0911686037,83.9709115261,-14.8797429224,-1.55875324496,,16.7088689533,0.0501012854878,64.057497748,54.3711238128,96.7505325196,74.1530837671,95.5826412321,69.3973885855,86.2878173226,-57.9852192298,-63.1162137743,,,,,4.0,1.0,3.0,,4.0,2026-05-01,2026-07-01,126.4099,2026-03-01,109.0526,2026-03-01,0.0532183548918,2026-03-01,0.00103819092248,2026-03-01,68.3776,2026-05-01,109.075,2026-05-01,0.0187365332043,2026-05-01,159.5185,2026-05-01,0.0410368960728,2026-05-01,2026-06-15,44.8,3.63,102.6475,,,,,,,,,,,11.2272649447,83.1920632681,71.9647983233,74.1530837671,96.7505325196,60.7502628177,88.7866015817,1.0,,,,,,,,,,,,,,
2026-07-04,2026-07-04,69.3802620823,83.970672593,-14.5904105107,-1.55875324496,,17.2087183503,0.0513009240407,63.6148369947,54.093492083,96.7505325196,74.1530837671,95.5816854999,69.3973885855,86.2878173226,-57.9852192298,-63.1162137743,,,,,4.0,1.0,3.0,,4.0,2026-05-01,2026-07-01,126.4099,2026-03-01,109.0526,2026-03-01,0.0532183548918,2026-03-01,0.00103819092248,2026-03-01,68.3776,2026-05-01,109.075,2026-05-01,0.0187365332043,2026-05-01,159.5185,2026-05-01,0.0410368960728,2026-05-01,2026-06-15,44.8,3.63,102.6475,,,,,,,,,,,11.2272649447,83.1920632681,71.9647983233,74.1530837671,96.7505325196,60.7502628177,88.7866015817,1.0,,,,,,,,,,,,,,
2026-07-05,2026-07-05,69.3802632511,83.970672593,-14.5904093419,-1.55875324496,,17.2087183503,0.0513009240407,63.6148369947,54.093251399,96.7505325196,74.1530837671,95.5816854999,69.3973885855,86.2878173226,-57.9852192298,-63.1162137743,,,,,4.0,1.0,3.0,,4.0,2026-05-01,2026-07-01,126.4099,2026-03-01,109.0526,2026-03-01,0.0532183548918,2026-03-01,0.00103819092248,2026-03-01,68.3776,2026-05-01,109.075,2026-05-01,0.0187365332043,2026-05-01,159.5185,2026-05-01,0.0410368960728,2026-05-01,2026-06-15,44.8,3.63,102.6475,,,,,,,,,,,11.2272649447,83.1920632681,71.9647983233,74.1530837671,96.7505325196,60.7502628177,88.7866015817,1.0,,,,,,,,,,,,,,
2026-07-07,2026-07-07,67.7360116577,83.970672593,-16.2346609353,-1.55875324496,,17.5169806823,0.0520407536374,63.3634299555,53.3079222782,96.7505325196,74.1530837671,95.5816854999,69.3973885855,86.2878173226,-57.9852192298,-63.1162137743,,,,,4.0,1.0,3.0,,4.0,2026-05-01,2026-07-01,126.4099,2026-03-01,109.0526,2026-03-01,0.0532183548918,2026-03-01,0.00103819092248,2026-03-01,68.3776,2026-05-01,109.075,2026-05-01,0.0187365332043,2026-05-01,159.5185,2026-05-01,0.0410368960728,2026-05-01,2026-06-15,44.8,3.63,102.6475,,,,,,,,,,,11.2272649447,83.1920632681,71.9647983233,74.1530837671,96.7505325196,60.7502628177,88.7866015817,1.0,,,,,,,,,,,,,,
2026-07-09,2026-07-09,68.0518695286,83.970672593,-15.9188030644,-1.55875324496,,17.2612011512,0.0514268827628,62.3461831635,53.8207139523,96.7505325196,74.1530837671,95.5816854999,69.3973885855,86.2878173226,-57.9852192298,-63.1162137743,,,,,4.0,1.0,3.0,,4.0,2026-05-01,2026-07-01,126.4099,2026-03-01,109.0526,2026-03-01,0.0532183548918,2026-03-01,0.00103819092248,2026-03-01,68.3776,2026-05-01,109.075,2026-05-01,0.0187365332043,2026-05-01,159.5185,2026-05-01,0.0410368960728,2026-05-01,2026-06-15,44.8,3.63,102.6475,,,,,,,,,,,11.2272649447,83.1920632681,71.9647983233,74.1530837671,96.7505325196,60.7502628177,88.7866015817,1.0,,,,,,,,,,,,,,
2026-07-10,2026-07-10,67.9836883873,81.5377150057,-13.5540266184,-1.55875324496,1.661722595,17.2494146446,0.051398595147,62.1857562533,53.816860957,89.7369437421,74.1530837671,92.8634439281,69.3973885855,86.2878173226,-57.9852192298,-63.1162137743,28.3256391331,-46.6488424252,15.2019682061,1.77100666365,4.0,1.0,3.0,3.0,4.0,2026-05-01,2026-07-01,126.4099,2026-03-01,109.0526,2026-03-01,0.0532183548918,2026-03-01,0.00103819092248,2026-03-01,68.3776,2026-05-01,109.075,2026-05-01,0.0187365332043,2026-05-01,159.5185,2026-05-01,0.0410368960728,2026-05-01,2026-06-15,44.8,3.63,102.6475,,,,,,,,,-46.6488424252,,8.42182943378,80.3866277571,71.9647983233,74.1530837671,89.7369437421,60.7502628177,88.7866015817,1.0,,,,,,,,,,,,,,
2026-07-11,2026-07-11,67.7500282812,81.5503103694,-13.8002820882,-1.55875324496,1.661722595,17.4996590178,0.0519991816427,62.1857562533,53.4784000814,89.7873251971,74.1530837671,92.8634439281,69.3973885855,86.2878173226,-57.9852192298,-63.1162137743,28.3256391331,-46.6488424252,15.2019682061,1.77100666365,4.0,1.0,3.0,3.0,4.0,2026-05-01,2026-07-01,126.4099,2026-03-01,109.0526,2026-03-01,0.0532183548918,2026-03-01,0.00103819092248,2026-03-01,68.3776,2026-05-01,109.075,2026-05-01,0.0187365332043,2026-05-01,159.5185,2026-05-01,0.0410368960728,2026-05-01,2026-06-15,44.8,3.63,102.6475,,,,,,,,,-46.6488424252,,8.44198201576,80.4067803391,71.9647983233,74.1530837671,89.7873251971,60.7502628177,88.7866015817,1.0,,,,,,,,,,,,,,
2026-07-12,2026-07-12,67.7500297158,81.5503103694,-13.8002806536,-1.55875324496,1.661722595,17.4996590178,0.0519991816427,62.1857562533,53.4776022267,89.7873251971,74.1530837671,92.8634439281,69.3973885855,86.2878173226,-57.9852192298,-63.1162137743,28.3256391331,-46.6488424252,15.2019682061,1.77100666365,4.0,1.0,3.0,3.0,4.0,2026-05-01,2026-07-01,126.4099,2026-03-01,109.0526,2026-03-01,0.0532183548918,2026-03-01,0.00103819092248,2026-03-01,68.3776,2026-05-01,109.075,2026-05-01,0.0187365332043,2026-05-01,159.5185,2026-05-01,0.0410368960728,2026-05-01,2026-06-15,44.8,3.63,102.6475,,,,,,,,,-46.6488424252,,8.44198201576,80.4067803391,71.9647983233,74.1530837671,89.7873251971,60.7502628177,88.7866015817,1.0,,,,,,,,,,,,,,
2026-07-14,2026-07-14,66.9295843258,81.5503103694,-14.6207260436,-1.55875324496,1.661722595,17.7707116684,0.0526497080041,59.223148566,53.5736871763,89.7873251971,74.1530837671,92.8634439281,69.3973885855,86.2878173226,-57.9852192298,-63.1162137743,28.3256391331,-46.6488424252,15.2019682061,1.77100666365,4.0,1.0,3.0,3.0,4.0,2026-05-01,2026-07-01,126.4099,2026-03-01,109.0526,2026-03-01,0.0532183548918,2026-03-01,0.00103819092248,2026-03-01,68.3776,2026-05-01,109.075,2026-05-01,0.0187365332043,2026-05-01,159.5185,2026-05-01,0.0410368960728,2026-05-01,2026-06-15,44.8,3.63,102.6475,,,,,,,,,-46.6488424252,,8.44198201576,80.4067803391,71.9647983233,74.1530837671,89.7873251971,60.7502628177,88.7866015817,1.0,,,,,,,,,,,,,,
2026-07-16,2026-07-16,65.1887444436,81.5564369922,-16.3676925486,-1.55875324496,1.661722595,18.6743214261,0.0548183714227,56.7772381617,52.2466454148,89.7873251971,74.1530837671,92.8879504191,69.3973885855,86.2878173226,-57.9852192298,-63.1162137743,28.3256391331,-46.6488424252,15.2019682061,1.77100666365,4.0,1.0,3.0,3.0,4.0,2026-05-01,2026-07-01,126.4099,2026-03-01,109.0526,2026-03-01,0.0532183548918,2026-03-01,0.00103819092248,2026-03-01,68.3776,2026-05-01,109.075,2026-05-01,0.0187365332043,2026-05-01,159.5185,2026-05-01,0.0410368960728,2026-05-01,2026-06-15,44.8,3.63,102.6475,,,,,,,,,-46.6488424252,,8.44198201576,80.4067803391,71.9647983233,74.1530837671,89.7873251971,60.7502628177,88.7866015817,1.0,,,,,,,,,,,,,,
2026-07-17,2026-07-17,65.733844168,81.5503103694,-15.8164662014,-1.55875324496,1.661722595,18.4126247412,0.0541902993788,55.837212312,52.154019953,89.7873251971,74.1530837671,92.8634439281,69.3973885855,86.2878173226,-57.9852192298,-63.1162137743,28.3256391331,-46.6488424252,15.2019682061,1.77100666365,4.0,1.0,3.0,3.0,4.0,2026-05-01,2026-07-01,126.4099,2026-03-01,109.0526,2026-03-01,0.0532183548918,2026-03-01,0.00103819092248,2026-03-01,68.3776,2026-05-01,109.075,2026-05-01,0.0187365332043,2026-05-01,159.5185,2026-05-01,0.0410368960728,2026-05-01,2026-06-15,44.8,3.63,102.6475,,,,,,,,,-46.6488424252,,8.44198201576,80.4067803391,71.9647983233,74.1530837671,89.7873251971,60.7502628177,88.7866015817,1.0,,,,,,,,,,,,,,
2026-07-20,2026-07-20,65.3429497704,81.0884099726,-15.7454602021,-4.43272833727,1.661722595,18.4412057134,0.0542588937122,54.3732070708,52.45952249,89.7873251971,74.1530837671,93.1904729658,67.2227579603,81.1120807705,-54.9217401464,-70.619806377,28.3256391331,-46.6488424252,15.2019682061,1.77100666365,4.0,1.0,3.0,3.0,4.0,2026-05-01,2026-07-01,128.2708,2026-04-01,110.7991,2026-04-01,0.0548785051033,2026-04-01,0.0096666341651,2026-04-01,68.8274,2026-06-01,110.0518,2026-06-01,0.0130343772495,2026-06-01,159.8954,2026-06-01,0.039421131734,2026-06-01,2026-07-17,44.8,3.63,102.6395,,,,,,,,,-46.6488424252,,13.0679394587,80.4067803391,67.3388408804,74.1530837671,89.7873251971,53.7857125253,87.6685334131,1.0,,,,,,,,,,,,,,
2026-07-21,2026-07-21,66.1676286385,81.0884099726,-14.920781334,-4.43272833727,1.661722595,18.0797902817,0.053391496676,54.318156367,52.7025525206,89.7873251971,74.1530837671,93.1904729658,67.2227579603,81.1120807705,-54.9217401464,-70.619806377,28.3256391331,-46.6488424252,15.2019682061,1.77100666365,4.0,1.0,3.0,3.0,4.0,2026-05-01,2026-07-01,128.2708,2026-04-01,110.7991,2026-04-01,0.0548785051033,2026-04-01,0.0096666341651,2026-04-01,68.8274,2026-06-01,110.0518,2026-06-01,0.0130343772495,2026-06-01,159.8954,2026-06-01,0.039421131734,2026-06-01,2026-07-17,44.8,3.63,102.6395,,,,,,,,,-46.6488424252,,13.0679394587,80.4067803391,67.3388408804,74.1530837671,89.7873251971,53.7857125253,87.6685334131,1.0,,,,,,,,,,,,,,
2026-07-22,2026-07-22,34.6838718523,81.02207994,-46.3382080876,-4.43272833727,1.661722595,18.1343937843,0.0535225450824,53.477176067,,89.5220050668,74.1530837671,93.1904729658,67.2227579603,81.1120807705,-54.9217401464,-70.619806377,28.3256391331,-46.6488424252,15.2019682061,1.77100666365,4.0,1.0,3.0,3.0,4.0,2026-05-01,2026-07-01,128.2708,2026-04-01,110.7991,2026-04-01,0.0548785051033,2026-04-01,0.0096666341651,2026-04-01,68.8274,2026-06-01,110.0518,2026-06-01,0.0130343772495,2026-06-01,159.8954,2026-06-01,0.039421131734,2026-06-01,2026-07-17,44.8,3.63,102.6395,0.011440847076,,,,,,,31.2215564501,-46.6488424252,3.0,12.9618114065,80.3006522869,67.3388408804,74.1530837671,89.5220050668,53.7857125253,87.6685334131,1.0,,,,,,,,,,,,,,
2026-07-23,2026-07-23,34.0696243329,80.9610420756,-46.8914177428,-4.43272833727,-0.44784382104,17.9325299328,0.0530380718388,52.3368432087,,89.2778536094,74.1530837671,93.1904729658,67.2227579603,81.1120807705,-54.9217401464,-70.619806377,28.2575502144,,13.9532481695,0.542417840596,4.0,1.0,3.0,3.0,4.0,2026-05-01,2026-07-01,128.2708,2026-04-01,110.7991,2026-04-01,0.0548785051033,2026-04-01,0.0096666341651,2026-04-01,68.8274,2026-06-01,110.0518,2026-06-01,0.0130343772495,2026-06-01,159.8954,2026-06-01,0.039421131734,2026-06-01,2026-07-17,44.8,3.63,102.6395,0.011440847076,-1.4682912012,10,-67.6923076923,49.5464156148,2.27272727273,3,31.1605185857,-52.7697840492,3.0,12.8641508236,80.202991704,67.3388408804,74.1530837671,89.2778536094,53.7857125253,87.6685334131,1.0,,,,,,,,,,,,,,
2026-07-24,2026-07-24,32.5602436638,80.9355024656,-48.3752588018,-4.43272833727,-0.44784382104,17.9472717185,0.0530734521244,52.8173990756,,89.1756951694,74.1530837671,93.1904729658,67.2227579603,81.1120807705,-54.9217401464,-70.619806377,28.2575502144,,13.9532481695,0.542417840596,4.0,1.0,3.0,3.0,4.0,2026-05-01,2026-07-01,128.2708,2026-04-01,110.7991,2026-04-01,0.0548785051033,2026-04-01,0.0096666341651,2026-04-01,68.8274,2026-06-01,110.0518,2026-06-01,0.0130343772495,2026-06-01,159.8954,2026-06-01,0.039421131734,2026-06-01,2026-07-17,44.8,3.63,102.6395,0.011440847076,-1.4682912012,10,-67.6923076923,49.5464156148,2.27272727273,3,31.1349789757,-52.7697840492,3.0,12.8232874476,80.162128328,67.3388408804,74.1530837671,89.1756951694,53.7857125253,87.6685334131,1.0,,,,,,,,,,,,,,
2026-07-25,2026-07-25,32.5602430965,80.9281697152,-48.3679266187,-4.43272833727,-0.16732231462,18.3250612045,0.0539801468908,52.8173990756,,89.1463641677,74.1530837671,93.1904729658,67.2227579603,81.1120807705,-54.9217401464,-70.619806377,28.8060092666,,13.9532481695,0.542417840596,4.0,1.0,3.0,3.0,4.0,2026-05-01,2026-07-25,128.2708,2026-04-01,110.7991,2026-04-01,0.0548785051033,2026-04-01,0.0096666341651,2026-04-01,68.8274,2026-06-01,110.0518,2026-06-01,0.0130343772495,2026-06-01,159.8954,2026-06-01,0.039421131734,2026-06-01,2026-07-17,44.8,3.63,102.6395,0.011440847076,-1.4682912012,10,-67.6923076923,49.5464156148,2.27272727273,3,31.0181679999,-52.3058488861,3.0,12.8115550469,80.1503959273,67.3388408804,74.1530837671,89.1463641677,53.7857125253,87.6685334131,1.0,,,,,,,,,,,,,,
2026-07-28,2026-07-28,28.4079711352,80.9281697152,-52.52019858,-4.43272833727,-0.16732231462,18.6574047681,0.0547777714435,53.0790114114,,89.1463641677,74.1530837671,93.1904729658,67.2227579603,81.1120807705,-54.9217401464,-70.619806377,28.8060092666,,13.9532481695,0.542417840596,4.0,1.0,3.0,3.0,4.0,2026-05-01,2026-07-25,128.2708,2026-04-01,110.7991,2026-04-01,0.0548785051033,2026-04-01,0.0096666341651,2026-04-01,68.8274,2026-06-01,110.0518,2026-06-01,0.0130343772495,2026-06-01,159.8954,2026-06-01,0.039421131734,2026-06-01,2026-07-17,44.8,3.63,102.6395,0.011440847076,-1.4682912012,10,-67.6923076923,49.5464156148,2.27272727273,3,31.0181679999,-52.3058488861,3.0,12.8115550469,80.1503959273,67.3388408804,74.1530837671,89.1463641677,53.7857125253,87.6685334131,1.0,,,,,,,,,,,,,,
2026-07-29,2026-07-29,31.2221875601,81.4459212238,-50.2237336637,-4.43272833727,1.3042117337,18.9519510811,0.0554846825947,51.7378282176,,91.2144118494,74.1530837671,93.1934313184,67.2227579603,81.1120807705,-54.9217401464,-70.619806377,33.711122761,,13.9532481695,0.542417840596,4.0,1.0,3.0,3.0,4.0,2026-05-01,2026-07-29,128.2708,2026-04-01,110.7991,2026-04-01,0.0548785051033,2026-04-01,0.0096666341651,2026-04-01,68.8274,2026-06-01,110.0518,2026-06-01,0.0130343772495,2026-06-01,159.8954,2026-06-01,0.039421131734,2026-06-01,2026-07-17,44.8,3.63,102.6395,0.011440847076,-1.4682912012,10,-67.6923076923,49.5464156148,2.27272727273,3,30.8588756704,-52.3058488861,3.0,13.6387741196,80.977615,67.3388408804,74.1530837671,91.2144118494,53.7857125253,87.6685334131,1.0,,,,,,,,,,,,,,
