Observation Date,Computer and Peripheral Equipment Output,Communications Equipment Output,Semiconductor and Electronic Component Output,Computer and Peripheral Equipment Capacity,Communications Equipment Capacity,Semiconductor and Electronic Component Capacity,Computer and Peripheral Equipment Capacity Utilization,Communications Equipment Capacity Utilization,Semiconductor and Electronic Component Capacity Utilization,Source,Evidence Class,Evidence Grade,Resilience Grade
1972-01-01,0.0274,1.66,0.029,0.0335,2.2744,0.0351,81.7769,72.9839,82.6412,Federal Reserve G.17 / FRED public CSV,agency_index,A,R1
1972-02-01,0.0282,1.6931,0.0286,0.0343,2.2968,0.0354,82.0775,73.7153,80.6548,Federal Reserve G.17 / FRED public CSV,agency_index,A,R1
1972-03-01,0.0288,1.7035,0.0286,0.0351,2.3188,0.0357,81.982,73.4658,79.9632,Federal Reserve G.17 / FRED public CSV,agency_index,A,R1
1972-04-01,0.0296,1.7073,0.029,0.036,2.34,0.0361,82.2937,72.9595,80.4771,Federal Reserve G.17 / FRED public CSV,agency_index,A,R1
1972-05-01,0.0303,1.7376,0.0291,0.0368,2.3611,0.0364,82.2558,73.5931,79.9251,Federal Reserve G.17 / FRED public CSV,agency_index,A,R1
1972-06-01,0.0304,1.7548,0.0288,0.0376,2.382,0.0368,80.8319,73.6689,78.2425,Federal Reserve G.17 / FRED public CSV,agency_index,A,R1
1972-07-01,0.0313,1.7725,0.0298,0.0385,2.4024,0.0372,81.3276,73.7784,80.1018,Federal Reserve G.17 / FRED public CSV,agency_index,A,R1
1972-08-01,0.032,1.7835,0.03,0.0393,2.422,0.0377,81.2799,73.6353,79.6651,Federal Reserve G.17 / FRED public CSV,agency_index,A,R1
1972-09-01,0.0325,1.7876,0.0309,0.0402,2.4408,0.0382,80.7556,73.2393,80.8839,Federal Reserve G.17 / FRED public CSV,agency_index,A,R1
1972-10-01,0.0334,1.8156,0.0319,0.041,2.4587,0.0388,81.3247,73.8452,82.2065,Federal Reserve G.17 / FRED public CSV,agency_index,A,R1
1972-11-01,0.0339,1.8047,0.0334,0.0419,2.4758,0.0395,80.8959,72.8959,84.5125,Federal Reserve G.17 / FRED public CSV,agency_index,A,R1
1972-12-01,0.0344,1.8075,0.0356,0.0428,2.492,0.0402,80.2797,72.533,88.6275,Federal Reserve G.17 / FRED public CSV,agency_index,A,R1
1973-01-01,0.0351,1.8276,0.0356,0.0437,2.5075,0.0409,80.3697,72.8841,86.9462,Federal Reserve G.17 / FRED public CSV,agency_index,A,R1
1973-02-01,0.0359,1.8434,0.037,0.0446,2.5224,0.0417,80.4448,73.0803,88.7149,Federal Reserve G.17 / FRED public CSV,agency_index,A,R1
1973-03-01,0.0357,1.8548,0.0377,0.0455,2.5368,0.0425,78.4488,73.1156,88.7433,Federal Reserve G.17 / FRED public CSV,agency_index,A,R1
1973-04-01,0.0364,1.8777,0.0382,0.0465,2.5509,0.0433,78.2365,73.6103,88.2637,Federal Reserve G.17 / FRED public CSV,agency_index,A,R1
1973-05-01,0.0379,1.9095,0.0385,0.0476,2.565,0.0442,79.7094,74.4457,87.0922,Federal Reserve G.17 / FRED public CSV,agency_index,A,R1
1973-06-01,0.0392,1.9609,0.0413,0.0487,2.5795,0.045,80.5262,76.0158,91.7789,Federal Reserve G.17 / FRED public CSV,agency_index,A,R1
1973-07-01,0.0396,1.9672,0.0387,0.0499,2.5946,0.0458,79.3596,75.8212,84.432,Federal Reserve G.17 / FRED public CSV,agency_index,A,R1
1973-08-01,0.0421,2.0168,0.041,0.0512,2.6105,0.0466,82.3087,77.2574,88.0665,Federal Reserve G.17 / FRED public CSV,agency_index,A,R1
1973-09-01,0.0433,2.0121,0.0412,0.0526,2.6277,0.0473,82.4042,76.5726,87.0846,Federal Reserve G.17 / FRED public CSV,agency_index,A,R1
1973-10-01,0.0461,2.0307,0.0429,0.0541,2.6463,0.0479,85.2869,76.7406,89.6111,Federal Reserve G.17 / FRED public CSV,agency_index,A,R1
1973-11-01,0.0485,2.0478,0.044,0.0557,2.6664,0.0484,87.0283,76.8006,90.8282,Federal Reserve G.17 / FRED public CSV,agency_index,A,R1
1973-12-01,0.0507,2.0352,0.0445,0.0575,2.6881,0.0489,88.2453,75.7096,91.0373,Federal Reserve G.17 / FRED public CSV,agency_index,A,R1
1974-01-01,0.0531,2.0774,0.0446,0.0593,2.7114,0.0492,89.5814,76.6159,90.6848,Federal Reserve G.17 / FRED public CSV,agency_index,A,R1
1974-02-01,0.0558,2.0875,0.0452,0.0613,2.7365,0.0495,90.9919,76.2826,91.2152,Federal Reserve G.17 / FRED public CSV,agency_index,A,R1
1974-03-01,0.0579,2.0957,0.045,0.0634,2.7633,0.0497,91.4128,75.8399,90.5628,Federal Reserve G.17 / FRED public CSV,agency_index,A,R1
1974-04-01,0.0584,2.1,0.0443,0.0655,2.7916,0.0498,89.1813,75.2262,88.8357,Federal Reserve G.17 / FRED public CSV,agency_index,A,R1
1974-05-01,0.0612,2.1133,0.0434,0.0677,2.8214,0.0499,90.4578,74.9027,86.8597,Federal Reserve G.17 / FRED public CSV,agency_index,A,R1
1974-06-01,0.0633,2.1242,0.0432,0.0699,2.8528,0.05,90.5527,74.4607,86.4838,Federal Reserve G.17 / FRED public CSV,agency_index,A,R1
1974-07-01,0.0651,2.1487,0.042,0.0721,2.8851,0.05,90.3488,74.4765,83.9051,Federal Reserve G.17 / FRED public CSV,agency_index,A,R1
1974-08-01,0.0663,1.7964,0.0402,0.0742,2.9183,0.05,89.36,61.5569,80.226,Federal Reserve G.17 / FRED public CSV,agency_index,A,R1
1974-09-01,0.0668,2.147,0.0406,0.0763,2.9521,0.0501,87.5544,72.7267,80.9781,Federal Reserve G.17 / FRED public CSV,agency_index,A,R1
1974-10-01,0.0665,2.2114,0.0399,0.0783,2.9865,0.0502,84.9757,74.0483,79.4652,Federal Reserve G.17 / FRED public CSV,agency_index,A,R1
1974-11-01,0.0662,2.1802,0.0366,0.0801,3.0212,0.0503,82.6168,72.1631,72.831,Federal Reserve G.17 / FRED public CSV,agency_index,A,R1
1974-12-01,0.0652,2.1767,0.035,0.0818,3.0558,0.0505,79.7345,71.2322,69.4349,Federal Reserve G.17 / FRED public CSV,agency_index,A,R1
1975-01-01,0.0631,2.1368,0.0343,0.0834,3.0903,0.0507,75.6563,69.1475,67.6484,Federal Reserve G.17 / FRED public CSV,agency_index,A,R1
1975-02-01,0.0608,2.0862,0.0319,0.0848,3.1243,0.0509,71.7553,66.7734,62.6167,Federal Reserve G.17 / FRED public CSV,agency_index,A,R1
1975-03-01,0.0601,2.0619,0.0319,0.086,3.1578,0.0513,69.8675,65.2957,62.1369,Federal Reserve G.17 / FRED public CSV,agency_index,A,R1
1975-04-01,0.0604,2.0358,0.031,0.0872,3.1902,0.0517,69.3038,63.8153,59.9891,Federal Reserve G.17 / FRED public CSV,agency_index,A,R1
1975-05-01,0.0595,1.9851,0.0321,0.0883,3.2215,0.0522,67.4234,61.6191,61.4902,Federal Reserve G.17 / FRED public CSV,agency_index,A,R1
1975-06-01,0.0588,1.9835,0.0317,0.0893,3.2517,0.0527,65.9004,60.9993,60.1431,Federal Reserve G.17 / FRED public CSV,agency_index,A,R1
1975-07-01,0.0593,2.0076,0.0335,0.0903,3.28,0.0533,65.6684,61.2057,62.7694,Federal Reserve G.17 / FRED public CSV,agency_index,A,R1
1975-08-01,0.0599,1.9986,0.0343,0.0914,3.3066,0.054,65.4927,60.4432,63.4973,Federal Reserve G.17 / FRED public CSV,agency_index,A,R1
1975-09-01,0.0622,1.9989,0.0353,0.0926,3.3313,0.0547,67.2069,60.005,64.5819,Federal Reserve G.17 / FRED public CSV,agency_index,A,R1
1975-10-01,0.0644,1.9908,0.0358,0.0939,3.354,0.0554,68.569,59.3562,64.6031,Federal Reserve G.17 / FRED public CSV,agency_index,A,R1
1975-11-01,0.0659,1.9522,0.0362,0.0953,3.3748,0.0562,69.1654,57.8472,64.3586,Federal Reserve G.17 / FRED public CSV,agency_index,A,R1
1975-12-01,0.0691,2.0172,0.0377,0.097,3.3935,0.0571,71.2829,59.4417,66.0233,Federal Reserve G.17 / FRED public CSV,agency_index,A,R1
1976-01-01,0.0708,2.0224,0.0381,0.0988,3.4103,0.058,71.7158,59.3021,65.7439,Federal Reserve G.17 / FRED public CSV,agency_index,A,R1
1976-02-01,0.0723,2.0386,0.038,0.1008,3.4252,0.0589,71.7344,59.5176,64.4497,Federal Reserve G.17 / FRED public CSV,agency_index,A,R1
1976-03-01,0.0758,2.0545,0.0388,0.1031,3.4385,0.0598,73.567,59.7497,64.8559,Federal Reserve G.17 / FRED public CSV,agency_index,A,R1
1976-04-01,0.0786,2.0722,0.0403,0.1055,3.4502,0.0608,74.4386,60.0599,66.3021,Federal Reserve G.17 / FRED public CSV,agency_index,A,R1
1976-05-01,0.0825,2.0904,0.0425,0.1082,3.4607,0.0617,76.2594,60.4047,68.9548,Federal Reserve G.17 / FRED public CSV,agency_index,A,R1
1976-06-01,0.0855,2.0983,0.0427,0.1112,3.4703,0.0626,76.9274,60.4641,68.1899,Federal Reserve G.17 / FRED public CSV,agency_index,A,R1
1976-07-01,0.0912,2.1185,0.0434,0.1142,3.4793,0.0635,79.8318,60.8898,68.3332,Federal Reserve G.17 / FRED public CSV,agency_index,A,R1
1976-08-01,0.0931,2.1533,0.0449,0.1175,3.4879,0.0644,79.1864,61.7381,69.7002,Federal Reserve G.17 / FRED public CSV,agency_index,A,R1
1976-09-01,0.0976,2.2286,0.0465,0.1209,3.4964,0.0652,80.7385,63.7415,71.2416,Federal Reserve G.17 / FRED public CSV,agency_index,A,R1
1976-10-01,0.1,2.2721,0.0475,0.1245,3.505,0.066,80.3025,64.8232,72.018,Federal Reserve G.17 / FRED public CSV,agency_index,A,R1
1976-11-01,0.1015,2.3277,0.0481,0.1283,3.5139,0.0668,79.118,66.2437,72.0521,Federal Reserve G.17 / FRED public CSV,agency_index,A,R1
1976-12-01,0.106,2.3643,0.0484,0.1322,3.5231,0.0675,80.17,67.1082,71.8169,Federal Reserve G.17 / FRED public CSV,agency_index,A,R1
1977-01-01,0.1049,2.3164,0.049,0.1362,3.5326,0.0681,77.027,65.571,71.8896,Federal Reserve G.17 / FRED public CSV,agency_index,A,R1
1977-02-01,0.108,2.4508,0.0515,0.1405,3.5426,0.0687,76.8817,69.1805,74.92,Federal Reserve G.17 / FRED public CSV,agency_index,A,R1
1977-03-01,0.1105,2.4592,0.0512,0.1449,3.553,0.0693,76.2646,69.2137,73.9311,Federal Reserve G.17 / FRED public CSV,agency_index,A,R1
1977-04-01,0.1168,2.5173,0.0523,0.1495,3.5637,0.0698,78.1612,70.6385,74.8327,Federal Reserve G.17 / FRED public CSV,agency_index,A,R1
1977-05-01,0.1211,2.5656,0.053,0.1543,3.5745,0.0704,78.5199,71.7742,75.325,Federal Reserve G.17 / FRED public CSV,agency_index,A,R1
1977-06-01,0.1264,2.6197,0.0551,0.1594,3.5855,0.0708,79.3364,73.064,77.771,Federal Reserve G.17 / FRED public CSV,agency_index,A,R1
1977-07-01,0.1298,2.6358,0.0546,0.1647,3.5962,0.0713,78.7929,73.2925,76.5245,Federal Reserve G.17 / FRED public CSV,agency_index,A,R1
1977-08-01,0.1342,2.6852,0.0567,0.1704,3.6067,0.0718,78.7254,74.4501,78.9146,Federal Reserve G.17 / FRED public CSV,agency_index,A,R1
1977-09-01,0.1372,2.7251,0.0572,0.1765,3.6167,0.0723,77.7115,75.3474,79.187,Federal Reserve G.17 / FRED public CSV,agency_index,A,R1
1977-10-01,0.1424,2.7564,0.0571,0.183,3.6263,0.0728,77.8032,76.0097,78.4758,Federal Reserve G.17 / FRED public CSV,agency_index,A,R1
1977-11-01,0.1475,2.7564,0.0586,0.1899,3.6356,0.0733,77.6589,75.8169,79.845,Federal Reserve G.17 / FRED public CSV,agency_index,A,R1
1977-12-01,0.1549,2.7734,0.0583,0.1973,3.6445,0.0739,78.5075,76.0996,78.8535,Federal Reserve G.17 / FRED public CSV,agency_index,A,R1
1978-01-01,0.1587,2.739,0.0575,0.2051,3.6531,0.0745,77.3803,74.9768,77.1882,Federal Reserve G.17 / FRED public CSV,agency_index,A,R1
1978-02-01,0.1674,2.7542,0.0578,0.2133,3.6615,0.0751,78.4745,75.2187,76.9213,Federal Reserve G.17 / FRED public CSV,agency_index,A,R1
1978-03-01,0.1752,2.7998,0.0606,0.222,3.6701,0.0758,78.9324,76.2888,79.9978,Federal Reserve G.17 / FRED public CSV,agency_index,A,R1
1978-04-01,0.1823,2.7747,0.0605,0.231,3.6788,0.0765,78.9258,75.4226,79.0346,Federal Reserve G.17 / FRED public CSV,agency_index,A,R1
1978-05-01,0.1885,2.8056,0.0613,0.2405,3.6882,0.0773,78.3777,76.0706,79.3069,Federal Reserve G.17 / FRED public CSV,agency_index,A,R1
1978-06-01,0.1972,2.8234,0.063,0.2502,3.6985,0.0781,78.8033,76.3377,80.6594,Federal Reserve G.17 / FRED public CSV,agency_index,A,R1
1978-07-01,0.2027,2.8829,0.0632,0.2602,3.71,0.079,77.9138,77.7059,80.0292,Federal Reserve G.17 / FRED public CSV,agency_index,A,R1
1978-08-01,0.2079,2.9139,0.0649,0.2702,3.723,0.0799,76.9448,78.2662,81.1804,Federal Reserve G.17 / FRED public CSV,agency_index,A,R1
1978-09-01,0.2145,2.9257,0.0657,0.2804,3.7378,0.0809,76.5123,78.273,81.2757,Federal Reserve G.17 / FRED public CSV,agency_index,A,R1
1978-10-01,0.2227,2.9668,0.0673,0.2906,3.7546,0.0819,76.6562,79.0174,82.2025,Federal Reserve G.17 / FRED public CSV,agency_index,A,R1
1978-11-01,0.2335,3.0203,0.069,0.3008,3.7736,0.0829,77.6297,80.038,83.2795,Federal Reserve G.17 / FRED public CSV,agency_index,A,R1
1978-12-01,0.239,3.0415,0.0701,0.3108,3.7947,0.084,76.8867,80.152,83.5187,Federal Reserve G.17 / FRED public CSV,agency_index,A,R1
1979-01-01,0.2492,3.1057,0.0715,0.3207,3.8179,0.0851,77.6946,81.3449,84.0301,Federal Reserve G.17 / FRED public CSV,agency_index,A,R1
1979-02-01,0.2558,3.1477,0.0736,0.3304,3.8435,0.0862,77.412,81.898,85.325,Federal Reserve G.17 / FRED public CSV,agency_index,A,R1
1979-03-01,0.2606,3.2165,0.0742,0.3398,3.8711,0.0873,76.6977,83.0881,84.8986,Federal Reserve G.17 / FRED public CSV,agency_index,A,R1
1979-04-01,0.261,3.1912,0.0723,0.3487,3.9007,0.0885,74.847,81.8093,81.7201,Federal Reserve G.17 / FRED public CSV,agency_index,A,R1
1979-05-01,0.269,3.2832,0.0747,0.3573,3.9323,0.0897,75.2843,83.4931,83.3355,Federal Reserve G.17 / FRED public CSV,agency_index,A,R1
1979-06-01,0.2801,3.3497,0.0778,0.3655,3.9656,0.0908,76.6322,84.4702,85.6518,Federal Reserve G.17 / FRED public CSV,agency_index,A,R1
1979-07-01,0.2926,3.4405,0.0766,0.3733,4.0001,0.092,78.3822,86.0095,83.2414,Federal Reserve G.17 / FRED public CSV,agency_index,A,R1
1979-08-01,0.3019,3.4884,0.0786,0.3806,4.0358,0.0931,79.302,86.4348,84.4576,Federal Reserve G.17 / FRED public CSV,agency_index,A,R1
1979-09-01,0.3059,3.5631,0.0799,0.3877,4.0725,0.0942,78.9058,87.4916,84.7655,Federal Reserve G.17 / FRED public CSV,agency_index,A,R1
1979-10-01,0.3157,3.6282,0.0822,0.3945,4.1099,0.0953,80.0294,88.2805,86.2342,Federal Reserve G.17 / FRED public CSV,agency_index,A,R1
1979-11-01,0.329,3.7268,0.085,0.4011,4.1479,0.0964,82.0258,89.8467,88.1835,Federal Reserve G.17 / FRED public CSV,agency_index,A,R1
1979-12-01,0.3374,3.7857,0.0874,0.4076,4.1863,0.0975,82.7831,90.4288,89.679,Federal Reserve G.17 / FRED public CSV,agency_index,A,R1
1980-01-01,0.3456,3.9031,0.089,0.414,4.225,0.0986,83.4777,92.3813,90.3247,Federal Reserve G.17 / FRED public CSV,agency_index,A,R1
1980-02-01,0.3533,3.9907,0.0897,0.4204,4.2639,0.0996,84.0274,93.593,90.0275,Federal Reserve G.17 / FRED public CSV,agency_index,A,R1
1980-03-01,0.365,4.0067,0.0894,0.427,4.303,0.1006,85.4778,93.115,88.8957,Federal Reserve G.17 / FRED public CSV,agency_index,A,R1
1980-04-01,0.3695,4.0614,0.0906,0.4339,4.3419,0.1016,85.1408,93.54,89.1359,Federal Reserve G.17 / FRED public CSV,agency_index,A,R1
1980-05-01,0.3833,4.0558,0.089,0.4413,4.381,0.1026,86.8448,92.5785,86.7389,Federal Reserve G.17 / FRED public CSV,agency_index,A,R1
1980-06-01,0.3903,4.0546,0.0861,0.4493,4.4202,0.1036,86.8653,91.7294,83.1726,Federal Reserve G.17 / FRED public CSV,agency_index,A,R1
1980-07-01,0.4045,4.051,0.0847,0.458,4.4593,0.1045,88.3143,90.8436,80.989,Federal Reserve G.17 / FRED public CSV,agency_index,A,R1
1980-08-01,0.4147,4.134,0.0855,0.4676,4.4984,0.1055,88.6918,91.8996,81.0436,Federal Reserve G.17 / FRED public CSV,agency_index,A,R1
1980-09-01,0.4283,4.0919,0.0857,0.4782,4.5376,0.1065,89.5527,90.178,80.5426,Federal Reserve G.17 / FRED public CSV,agency_index,A,R1
1980-10-01,0.4399,4.1454,0.0872,0.49,4.5768,0.1074,89.7716,90.5736,81.2137,Federal Reserve G.17 / FRED public CSV,agency_index,A,R1
1980-11-01,0.4511,4.1661,0.0881,0.503,4.6162,0.1084,89.6722,90.2502,81.2996,Federal Reserve G.17 / FRED public CSV,agency_index,A,R1
1980-12-01,0.471,4.1911,0.09,0.5172,4.6554,0.1093,91.0714,90.0263,82.2939,Federal Reserve G.17 / FRED public CSV,agency_index,A,R1
1981-01-01,0.4852,4.2389,0.0903,0.5327,4.6944,0.1103,91.0888,90.2974,81.8981,Federal Reserve G.17 / FRED public CSV,agency_index,A,R1
1981-02-01,0.4934,4.266,0.0909,0.5495,4.7333,0.1113,89.7974,90.1279,81.6504,Federal Reserve G.17 / FRED public CSV,agency_index,A,R1
1981-03-01,0.5069,4.2531,0.0912,0.5677,4.7718,0.1123,89.286,89.1298,81.2265,Federal Reserve G.17 / FRED public CSV,agency_index,A,R1
1981-04-01,0.5281,4.3352,0.0931,0.5871,4.8097,0.1133,89.9506,90.1334,82.1695,Federal Reserve G.17 / FRED public CSV,agency_index,A,R1
1981-05-01,0.5419,4.3278,0.0939,0.6078,4.8471,0.1143,89.1491,89.2854,82.1985,Federal Reserve G.17 / FRED public CSV,agency_index,A,R1
1981-06-01,0.5494,4.3568,0.0952,0.6298,4.8839,0.1153,87.2349,89.2075,82.5645,Federal Reserve G.17 / FRED public CSV,agency_index,A,R1
1981-07-01,0.565,4.4308,0.0942,0.6527,4.9195,0.1164,86.5722,90.0665,80.9002,Federal Reserve G.17 / FRED public CSV,agency_index,A,R1
1981-08-01,0.5804,4.412,0.0987,0.6763,4.954,0.1176,85.8199,89.0591,83.9761,Federal Reserve G.17 / FRED public CSV,agency_index,A,R1
1981-09-01,0.5826,4.4846,0.1015,0.7006,4.9873,0.1187,83.1607,89.9192,85.4873,Federal Reserve G.17 / FRED public CSV,agency_index,A,R1
1981-10-01,0.5916,4.4691,0.1028,0.7256,5.0196,0.12,81.5428,89.0331,85.6848,Federal Reserve G.17 / FRED public CSV,agency_index,A,R1
1981-11-01,0.5911,4.4288,0.1026,0.7511,5.0508,0.1212,78.7029,87.6846,84.6023,Federal Reserve G.17 / FRED public CSV,agency_index,A,R1
1981-12-01,0.5996,4.4972,0.1035,0.7769,5.0809,0.1226,77.1799,88.5124,84.4042,Federal Reserve G.17 / FRED public CSV,agency_index,A,R1
1982-01-01,0.6029,4.3136,0.1018,0.803,5.11,0.1239,75.0866,84.4138,82.1039,Federal Reserve G.17 / FRED public CSV,agency_index,A,R1
1982-02-01,0.6296,4.6152,0.1069,0.8291,5.1385,0.1254,75.9384,89.8169,85.2987,Federal Reserve G.17 / FRED public CSV,agency_index,A,R1
1982-03-01,0.6353,4.6185,0.1061,0.8552,5.1663,0.1268,74.2894,89.3962,83.6065,Federal Reserve G.17 / FRED public CSV,agency_index,A,R1
1982-04-01,0.6397,4.6292,0.1069,0.8809,5.1938,0.1283,72.6167,89.1296,83.2765,Federal Reserve G.17 / FRED public CSV,agency_index,A,R1
1982-05-01,0.6519,4.6276,0.1081,0.9065,5.2215,0.1299,71.914,88.6261,83.2533,Federal Reserve G.17 / FRED public CSV,agency_index,A,R1
1982-06-01,0.6582,4.6528,0.1106,0.9319,5.2497,0.1314,70.6215,88.629,84.1464,Federal Reserve G.17 / FRED public CSV,agency_index,A,R1
1982-07-01,0.6809,4.7217,0.1108,0.9569,5.2785,0.133,71.1497,89.4511,83.3367,Federal Reserve G.17 / FRED public CSV,agency_index,A,R1
1982-08-01,0.6583,4.6204,0.1105,0.9816,5.3086,0.1345,67.0628,87.0371,82.1866,Federal Reserve G.17 / FRED public CSV,agency_index,A,R1
1982-09-01,0.6856,4.6464,0.11,1.006,5.34,0.136,68.145,87.0113,80.8889,Federal Reserve G.17 / FRED public CSV,agency_index,A,R1
1982-10-01,0.6893,4.6419,0.1088,1.0303,5.373,0.1375,66.8992,86.3924,79.1036,Federal Reserve G.17 / FRED public CSV,agency_index,A,R1
1982-11-01,0.7088,4.6475,0.1091,1.0545,5.4078,0.139,67.2182,85.9399,78.4965,Federal Reserve G.17 / FRED public CSV,agency_index,A,R1
1982-12-01,0.7354,4.7056,0.1097,1.0784,5.4442,0.1404,68.1938,86.4339,78.0771,Federal Reserve G.17 / FRED public CSV,agency_index,A,R1
1983-01-01,0.7706,4.7308,0.1123,1.1023,5.4821,0.1419,69.9091,86.296,79.1623,Federal Reserve G.17 / FRED public CSV,agency_index,A,R1
1983-02-01,0.7824,4.756,0.1122,1.1261,5.5215,0.1434,69.4756,86.1358,78.2432,Federal Reserve G.17 / FRED public CSV,agency_index,A,R1
1983-03-01,0.8156,4.8293,0.1149,1.15,5.5622,0.1448,70.9209,86.823,79.3183,Federal Reserve G.17 / FRED public CSV,agency_index,A,R1
1983-04-01,0.8564,4.8744,0.1166,1.1738,5.6037,0.1463,72.9572,86.9845,79.6981,Federal Reserve G.17 / FRED public CSV,agency_index,A,R1
1983-05-01,0.8791,4.9128,0.1197,1.1977,5.6458,0.1478,73.399,87.0174,80.9641,Federal Reserve G.17 / FRED public CSV,agency_index,A,R1
1983-06-01,0.9044,4.9058,0.1224,1.222,5.6881,0.1494,74.0048,86.2462,81.9328,Federal Reserve G.17 / FRED public CSV,agency_index,A,R1
1983-07-01,0.9518,5.1006,0.1276,1.2464,5.7297,0.151,76.3589,89.0192,84.4705,Federal Reserve G.17 / FRED public CSV,agency_index,A,R1
1983-08-01,1.0028,4.6258,0.1264,1.2712,5.7704,0.1528,78.8869,80.1649,82.7319,Federal Reserve G.17 / FRED public CSV,agency_index,A,R1
1983-09-01,1.0548,5.0762,0.1322,1.2965,5.8097,0.1547,81.3605,87.3751,85.4408,Federal Reserve G.17 / FRED public CSV,agency_index,A,R1
1983-10-01,1.0818,5.0886,0.1352,1.3224,5.8476,0.1567,81.8062,87.0214,86.2581,Federal Reserve G.17 / FRED public CSV,agency_index,A,R1
1983-11-01,1.1175,5.0429,0.1382,1.3489,5.8838,0.1589,82.8451,85.7082,86.9968,Federal Reserve G.17 / FRED public CSV,agency_index,A,R1
1983-12-01,1.1473,5.0414,0.1395,1.3762,5.9182,0.1612,83.3708,85.1841,86.5755,Federal Reserve G.17 / FRED public CSV,agency_index,A,R1
1984-01-01,1.183,5.0998,0.1458,1.4042,5.9441,0.1637,84.2429,85.7955,89.0148,Federal Reserve G.17 / FRED public CSV,agency_index,A,R1
1984-02-01,1.2263,5.1352,0.1501,1.4333,5.9684,0.1665,85.5535,86.0395,90.165,Federal Reserve G.17 / FRED public CSV,agency_index,A,R1
1984-03-01,1.2564,5.1722,0.1535,1.4635,5.9914,0.1694,85.8473,86.3266,90.6302,Federal Reserve G.17 / FRED public CSV,agency_index,A,R1
1984-04-01,1.296,5.1529,0.1581,1.4949,6.0133,0.1724,86.6982,85.6927,91.7491,Federal Reserve G.17 / FRED public CSV,agency_index,A,R1
1984-05-01,1.3321,5.212,0.1608,1.5276,6.0348,0.1755,87.2013,86.3654,91.6709,Federal Reserve G.17 / FRED public CSV,agency_index,A,R1
1984-06-01,1.3685,5.1936,0.165,1.562,6.0566,0.1787,87.617,85.75,92.3358,Federal Reserve G.17 / FRED public CSV,agency_index,A,R1
1984-07-01,1.3899,5.2256,0.1693,1.5977,6.0789,0.1819,86.9949,85.9627,93.0479,Federal Reserve G.17 / FRED public CSV,agency_index,A,R1
1984-08-01,1.4152,5.2821,0.1725,1.6351,6.1025,0.1852,86.5484,86.5566,93.1478,Federal Reserve G.17 / FRED public CSV,agency_index,A,R1
1984-09-01,1.4226,5.3015,0.1729,1.6741,6.1274,0.1884,84.9755,86.5198,91.7903,Federal Reserve G.17 / FRED public CSV,agency_index,A,R1
1984-10-01,1.4638,5.3029,0.1756,1.7148,6.1541,0.1916,85.3614,86.1682,91.646,Federal Reserve G.17 / FRED public CSV,agency_index,A,R1
1984-11-01,1.4947,5.2926,0.1769,1.7571,6.1824,0.1948,85.0614,85.6078,90.7886,Federal Reserve G.17 / FRED public CSV,agency_index,A,R1
1984-12-01,1.5058,5.3079,0.1755,1.8006,6.2118,0.198,83.6244,85.4492,88.6642,Federal Reserve G.17 / FRED public CSV,agency_index,A,R1
1985-01-01,1.545,5.3143,0.1789,1.845,6.242,0.2011,83.7393,85.1374,88.9567,Federal Reserve G.17 / FRED public CSV,agency_index,A,R1
1985-02-01,1.5384,5.2764,0.1752,1.8902,6.2729,0.2041,81.3873,84.1142,85.8293,Federal Reserve G.17 / FRED public CSV,agency_index,A,R1
1985-03-01,1.5528,5.281,0.1736,1.9356,6.3034,0.207,80.2217,83.7799,83.8714,Federal Reserve G.17 / FRED public CSV,agency_index,A,R1
1985-04-01,1.5335,5.1699,0.167,1.9803,6.3326,0.2099,77.4371,81.6399,79.548,Federal Reserve G.17 / FRED public CSV,agency_index,A,R1
1985-05-01,1.5406,5.1591,0.1694,2.0239,6.3594,0.2127,76.1237,81.1248,79.6668,Federal Reserve G.17 / FRED public CSV,agency_index,A,R1
1985-06-01,1.5663,5.1567,0.1694,2.0656,6.3827,0.2154,75.8292,80.7918,78.6337,Federal Reserve G.17 / FRED public CSV,agency_index,A,R1
1985-07-01,1.5713,5.0107,0.1621,2.1042,6.4011,0.218,74.6719,78.2785,74.3603,Federal Reserve G.17 / FRED public CSV,agency_index,A,R1
1985-08-01,1.5822,5.0145,0.1616,2.1391,6.4134,0.2206,73.9634,78.1877,73.2425,Federal Reserve G.17 / FRED public CSV,agency_index,A,R1
1985-09-01,1.5882,4.8906,0.1585,2.1698,6.4192,0.2231,73.1963,76.1871,71.0716,Federal Reserve G.17 / FRED public CSV,agency_index,A,R1
1985-10-01,1.6126,4.8541,0.1578,2.1961,6.4182,0.2255,73.4297,75.6305,69.9875,Federal Reserve G.17 / FRED public CSV,agency_index,A,R1
1985-11-01,1.6466,4.8779,0.1587,2.2181,6.4105,0.2279,74.2359,76.0923,69.6549,Federal Reserve G.17 / FRED public CSV,agency_index,A,R1
1985-12-01,1.653,4.8263,0.1607,2.2359,6.3967,0.2302,73.9301,75.4502,69.8173,Federal Reserve G.17 / FRED public CSV,agency_index,A,R1
1986-01-01,1.6553,4.7527,0.1618,2.2499,6.3775,0.2324,73.5691,74.5221,69.6094,Federal Reserve G.17 / FRED public CSV,agency_index,A,R1
1986-02-01,1.6432,4.7295,0.1636,2.2607,6.3539,0.2346,72.6871,74.4345,69.7388,Federal Reserve G.17 / FRED public CSV,agency_index,A,R1
1986-03-01,1.6652,4.711,0.1649,2.2691,6.3271,0.2368,73.3837,74.458,69.6516,Federal Reserve G.17 / FRED public CSV,agency_index,A,R1
1986-04-01,1.64,4.7526,0.1681,2.2763,6.2991,0.2389,72.0456,75.4487,70.3604,Federal Reserve G.17 / FRED public CSV,agency_index,A,R1
1986-05-01,1.6658,4.7654,0.1678,2.284,6.272,0.241,72.9308,75.9787,69.6086,Federal Reserve G.17 / FRED public CSV,agency_index,A,R1
1986-06-01,1.662,4.3509,0.1641,2.2939,6.2479,0.2431,72.4539,69.6373,67.5088,Federal Reserve G.17 / FRED public CSV,agency_index,A,R1
1986-07-01,1.6868,4.8793,0.1741,2.3073,6.229,0.2452,73.1083,78.3326,70.999,Federal Reserve G.17 / FRED public CSV,agency_index,A,R1
1986-08-01,1.7024,4.857,0.1784,2.3259,6.2174,0.2473,73.1923,78.1204,72.1309,Federal Reserve G.17 / FRED public CSV,agency_index,A,R1
1986-09-01,1.7052,4.9495,0.1823,2.3508,6.2144,0.2495,72.5402,79.6461,73.0771,Federal Reserve G.17 / FRED public CSV,agency_index,A,R1
1986-10-01,1.7219,4.9587,0.1836,2.3828,6.2212,0.2516,72.2647,79.7058,72.9813,Federal Reserve G.17 / FRED public CSV,agency_index,A,R1
1986-11-01,1.7551,4.9027,0.1879,2.4224,6.2385,0.2538,72.4529,78.5879,74.0354,Federal Reserve G.17 / FRED public CSV,agency_index,A,R1
1986-12-01,1.7971,5.0371,0.1937,2.4694,6.266,0.2559,72.7761,80.3888,75.6992,Federal Reserve G.17 / FRED public CSV,agency_index,A,R1
1987-01-01,1.8346,5.1547,0.198,2.5238,6.3036,0.2582,72.6908,81.773,76.7048,Federal Reserve G.17 / FRED public CSV,agency_index,A,R1
1987-02-01,1.8997,5.1906,0.2014,2.586,6.3516,0.2604,73.4609,81.7214,77.3445,Federal Reserve G.17 / FRED public CSV,agency_index,A,R1
1987-03-01,1.9113,5.1265,0.2032,2.6554,6.409,0.2627,71.9762,79.9884,77.3615,Federal Reserve G.17 / FRED public CSV,agency_index,A,R1
1987-04-01,2.0001,5.1634,0.2059,2.7309,6.4747,0.265,73.2423,79.7487,77.7008,Federal Reserve G.17 / FRED public CSV,agency_index,A,R1
1987-05-01,2.0662,5.1183,0.2118,2.8111,6.5471,0.2673,73.5009,78.1762,79.2088,Federal Reserve G.17 / FRED public CSV,agency_index,A,R1
1987-06-01,2.1382,5.197,0.2154,2.8948,6.6249,0.2697,73.8623,78.447,79.864,Federal Reserve G.17 / FRED public CSV,agency_index,A,R1
1987-07-01,2.1828,5.3179,0.2213,2.9792,6.7055,0.2721,73.2677,79.3056,81.3343,Federal Reserve G.17 / FRED public CSV,agency_index,A,R1
1987-08-01,2.3116,5.3115,0.2231,3.0621,6.787,0.2746,75.4912,78.2606,81.2354,Federal Reserve G.17 / FRED public CSV,agency_index,A,R1
1987-09-01,2.3664,5.5071,0.2272,3.1416,6.8677,0.2771,75.3233,80.1883,81.9864,Federal Reserve G.17 / FRED public CSV,agency_index,A,R1
1987-10-01,2.4076,5.6383,0.2315,3.2163,6.9463,0.2796,74.8544,81.1701,82.7951,Federal Reserve G.17 / FRED public CSV,agency_index,A,R1
1987-11-01,2.4477,5.7097,0.2317,3.2847,7.0215,0.2821,74.5193,81.3176,82.1212,Federal Reserve G.17 / FRED public CSV,agency_index,A,R1
1987-12-01,2.509,5.8797,0.2353,3.3456,7.0924,0.2847,74.9958,82.9012,82.6535,Federal Reserve G.17 / FRED public CSV,agency_index,A,R1
1988-01-01,2.4934,5.8674,0.2351,3.3981,7.1583,0.2871,73.3765,81.9668,81.87,Federal Reserve G.17 / FRED public CSV,agency_index,A,R1
1988-02-01,2.5214,5.9061,0.2358,3.4413,7.2266,0.2894,73.2694,81.7274,81.4591,Federal Reserve G.17 / FRED public CSV,agency_index,A,R1
1988-03-01,2.5987,6.0207,0.2353,3.4752,7.2894,0.2917,74.7785,82.5954,80.643,Federal Reserve G.17 / FRED public CSV,agency_index,A,R1
1988-04-01,2.6486,6.1796,0.2367,3.4999,7.3466,0.294,75.6746,84.1145,80.4962,Federal Reserve G.17 / FRED public CSV,agency_index,A,R1
1988-05-01,2.6601,6.2964,0.2394,3.5172,7.3994,0.2964,75.6309,85.0937,80.7825,Federal Reserve G.17 / FRED public CSV,agency_index,A,R1
1988-06-01,2.7024,6.3428,0.2425,3.5284,7.4485,0.2988,76.5895,85.1554,81.1573,Federal Reserve G.17 / FRED public CSV,agency_index,A,R1
1988-07-01,2.7324,6.3664,0.2452,3.535,7.4945,0.3012,77.2975,84.9474,81.4162,Federal Reserve G.17 / FRED public CSV,agency_index,A,R1
1988-08-01,2.733,6.4544,0.2482,3.5392,7.5389,0.3036,77.2213,85.6144,81.7656,Federal Reserve G.17 / FRED public CSV,agency_index,A,R1
1988-09-01,2.7602,6.4177,0.2499,3.5426,7.5828,0.306,77.914,84.6354,81.6471,Federal Reserve G.17 / FRED public CSV,agency_index,A,R1
1988-10-01,2.8043,6.3924,0.2519,3.5466,7.6272,0.3085,79.0703,83.8107,81.6368,Federal Reserve G.17 / FRED public CSV,agency_index,A,R1
1988-11-01,2.7707,6.3496,0.2558,3.5522,7.6733,0.3111,77.9997,82.7495,82.2259,Federal Reserve G.17 / FRED public CSV,agency_index,A,R1
1988-12-01,2.77,6.3212,0.2588,3.5602,7.7215,0.3137,77.8041,81.8651,82.4942,Federal Reserve G.17 / FRED public CSV,agency_index,A,R1
1989-01-01,2.7838,6.3781,0.2563,3.5713,7.7727,0.3163,77.9481,82.0578,81.0194,Federal Reserve G.17 / FRED public CSV,agency_index,A,R1
1989-02-01,2.7747,6.3582,0.2545,3.5864,7.8278,0.319,77.3677,81.2267,79.7899,Federal Reserve G.17 / FRED public CSV,agency_index,A,R1
1989-03-01,2.7664,6.3067,0.2528,3.6059,7.8874,0.3218,76.7198,79.9591,78.5787,Federal Reserve G.17 / FRED public CSV,agency_index,A,R1
1989-04-01,2.7705,6.3494,0.2576,3.6299,7.9519,0.3246,76.324,79.8482,79.3677,Federal Reserve G.17 / FRED public CSV,agency_index,A,R1
1989-05-01,2.7264,6.3927,0.2579,3.6586,8.0224,0.3275,74.5188,79.685,78.7581,Federal Reserve G.17 / FRED public CSV,agency_index,A,R1
1989-06-01,2.7068,6.4481,0.2624,3.6919,8.0997,0.3305,73.3161,79.6095,79.3971,Federal Reserve G.17 / FRED public CSV,agency_index,A,R1
1989-07-01,2.7857,6.564,0.2634,3.7293,8.1834,0.3336,74.6976,80.2113,78.9774,Federal Reserve G.17 / FRED public CSV,agency_index,A,R1
1989-08-01,2.8305,6.6167,0.2698,3.7705,8.2741,0.3367,75.0698,79.9696,80.1302,Federal Reserve G.17 / FRED public CSV,agency_index,A,R1
1989-09-01,2.7927,6.6565,0.2728,3.8149,8.3719,0.34,73.2048,79.5093,80.2462,Federal Reserve G.17 / FRED public CSV,agency_index,A,R1
1989-10-01,2.8487,6.8208,0.2772,3.8621,8.477,0.3433,73.76,80.462,80.7531,Federal Reserve G.17 / FRED public CSV,agency_index,A,R1
1989-11-01,2.8926,6.896,0.2786,3.9116,8.5892,0.3467,73.9494,80.2868,80.3606,Federal Reserve G.17 / FRED public CSV,agency_index,A,R1
1989-12-01,2.8886,7.0312,0.2807,3.9623,8.7072,0.3502,72.9011,80.7509,80.1584,Federal Reserve G.17 / FRED public CSV,agency_index,A,R1
1990-01-01,2.9638,7.3248,0.2833,4.0136,8.8303,0.3537,73.843,82.9513,80.1021,Federal Reserve G.17 / FRED public CSV,agency_index,A,R1
1990-02-01,2.9368,7.4137,0.2874,4.0648,8.9583,0.3573,72.2477,82.7572,80.4341,Federal Reserve G.17 / FRED public CSV,agency_index,A,R1
1990-03-01,2.9466,7.5848,0.2914,4.1148,9.0899,0.3609,71.6109,83.4416,80.7494,Federal Reserve G.17 / FRED public CSV,agency_index,A,R1
1990-04-01,2.9506,7.5559,0.293,4.162,9.2228,0.3644,70.8928,81.9268,80.4001,Federal Reserve G.17 / FRED public CSV,agency_index,A,R1
1990-05-01,3.0161,7.7321,0.2931,4.2055,9.3559,0.368,71.7177,82.6447,79.6555,Federal Reserve G.17 / FRED public CSV,agency_index,A,R1
1990-06-01,3.0561,7.8153,0.2952,4.2438,9.4875,0.3715,72.0132,82.3753,79.4633,Federal Reserve G.17 / FRED public CSV,agency_index,A,R1
1990-07-01,3.0476,7.9733,0.2948,4.2755,9.6144,0.375,71.2799,82.9307,78.6237,Federal Reserve G.17 / FRED public CSV,agency_index,A,R1
1990-08-01,3.0436,8.0135,0.2966,4.2994,9.7348,0.3784,70.7913,82.3183,78.3867,Federal Reserve G.17 / FRED public CSV,agency_index,A,R1
1990-09-01,3.0375,8.0499,0.3014,4.3152,9.8477,0.3816,70.3912,81.7432,78.9884,Federal Reserve G.17 / FRED public CSV,agency_index,A,R1
1990-10-01,3.0952,8.0624,0.3024,4.3226,9.9526,0.3848,71.6045,81.0085,78.6006,Federal Reserve G.17 / FRED public CSV,agency_index,A,R1
1990-11-01,3.075,8.0386,0.3063,4.3222,10.0492,0.3878,71.1448,79.9925,78.9788,Federal Reserve G.17 / FRED public CSV,agency_index,A,R1
1990-12-01,3.0471,8.0104,0.3082,4.3148,10.1375,0.3908,70.6198,79.0171,78.8659,Federal Reserve G.17 / FRED public CSV,agency_index,A,R1
1991-01-01,3.0075,8.0369,0.3119,4.3016,10.2182,0.3936,69.9159,78.6531,79.252,Federal Reserve G.17 / FRED public CSV,agency_index,A,R1
1991-02-01,3.0275,8.1007,0.3183,4.2836,10.2922,0.3964,70.6772,78.7069,80.3097,Federal Reserve G.17 / FRED public CSV,agency_index,A,R1
1991-03-01,3.0479,8.1321,0.3217,4.2629,10.3612,0.3991,71.4969,78.486,80.5984,Federal Reserve G.17 / FRED public CSV,agency_index,A,R1
1991-04-01,3.071,8.1541,0.3239,4.2419,10.4271,0.4018,72.3967,78.2009,80.6182,Federal Reserve G.17 / FRED public CSV,agency_index,A,R1
1991-05-01,3.0732,8.249,0.3307,4.2234,10.4939,0.4045,72.7665,78.6072,81.7539,Federal Reserve G.17 / FRED public CSV,agency_index,A,R1
1991-06-01,3.1801,8.2432,0.3287,4.2102,10.5651,0.4073,75.5338,78.0227,80.703,Federal Reserve G.17 / FRED public CSV,agency_index,A,R1
1991-07-01,3.1514,8.2791,0.3341,4.205,10.6432,0.4102,74.9446,77.7876,81.4389,Federal Reserve G.17 / FRED public CSV,agency_index,A,R1
1991-08-01,3.1556,8.4534,0.3373,4.2104,10.7322,0.4134,74.9482,78.7664,81.6089,Federal Reserve G.17 / FRED public CSV,agency_index,A,R1
1991-09-01,3.1845,8.435,0.336,4.228,10.8346,0.4167,75.3198,77.8527,80.6335,Federal Reserve G.17 / FRED public CSV,agency_index,A,R1
1991-10-01,3.1705,8.4494,0.3401,4.259,10.9521,0.4204,74.4428,77.1484,80.8892,Federal Reserve G.17 / FRED public CSV,agency_index,A,R1
1991-11-01,3.196,8.6086,0.3426,4.3039,11.0855,0.4245,74.2571,77.6566,80.72,Federal Reserve G.17 / FRED public CSV,agency_index,A,R1
1991-12-01,3.3433,8.7951,0.3485,4.3625,11.2343,0.4288,76.6386,78.2881,81.2832,Federal Reserve G.17 / FRED public CSV,agency_index,A,R1
1992-01-01,3.4041,9.0465,0.3592,4.4346,11.3984,0.4374,76.7625,79.3665,82.1197,Federal Reserve G.17 / FRED public CSV,agency_index,A,R1
1992-02-01,3.4823,9.009,0.3629,4.5205,11.5781,0.4452,77.0328,77.8108,81.5278,Federal Reserve G.17 / FRED public CSV,agency_index,A,R1
1992-03-01,3.606,9.21,0.3675,4.619,11.7713,0.4533,78.0699,78.2414,81.0672,Federal Reserve G.17 / FRED public CSV,agency_index,A,R1
1992-04-01,3.7478,9.5158,0.3725,4.7282,11.9749,0.4618,79.2649,79.4646,80.6755,Federal Reserve G.17 / FRED public CSV,agency_index,A,R1
1992-05-01,3.8605,9.6611,0.3777,4.8455,12.1854,0.4704,79.6705,79.2845,80.2895,Federal Reserve G.17 / FRED public CSV,agency_index,A,R1
1992-06-01,3.9179,9.8907,0.3903,4.9685,12.399,0.4792,78.8536,79.7707,81.4324,Federal Reserve G.17 / FRED public CSV,agency_index,A,R1
1992-07-01,3.9503,10.0433,0.3998,5.0933,12.6098,0.488,77.5591,79.6467,81.9253,Federal Reserve G.17 / FRED public CSV,agency_index,A,R1
1992-08-01,4.0076,10.0615,0.4037,5.2162,12.813,0.4966,76.8311,78.5251,81.2902,Federal Reserve G.17 / FRED public CSV,agency_index,A,R1
1992-09-01,4.117,10.2301,0.4115,5.3346,13.0053,0.505,77.1752,78.6608,81.4856,Federal Reserve G.17 / FRED public CSV,agency_index,A,R1
1992-10-01,4.2546,10.6714,0.4232,5.4467,13.1843,0.513,78.1121,80.9403,82.4907,Federal Reserve G.17 / FRED public CSV,agency_index,A,R1
1992-11-01,4.3811,10.8475,0.4323,5.5516,13.3489,0.5206,78.9154,81.2615,83.0314,Federal Reserve G.17 / FRED public CSV,agency_index,A,R1
1992-12-01,4.4742,10.7947,0.4328,5.6423,13.498,0.5277,79.2985,79.973,82.0127,Federal Reserve G.17 / FRED public CSV,agency_index,A,R1
1993-01-01,4.5565,10.9691,0.4288,5.7182,13.6317,0.5343,79.6842,80.4676,80.2551,Federal Reserve G.17 / FRED public CSV,agency_index,A,R1
1993-02-01,4.6518,11.1108,0.4334,5.7847,13.7497,0.5404,80.4159,80.8073,80.1988,Federal Reserve G.17 / FRED public CSV,agency_index,A,R1
1993-03-01,4.771,11.133,0.4375,5.8438,13.8554,0.546,81.6419,80.3514,80.1333,Federal Reserve G.17 / FRED public CSV,agency_index,A,R1
1993-04-01,4.8712,11.2407,0.4391,5.8976,13.9513,0.5512,82.5964,80.5712,79.6596,Federal Reserve G.17 / FRED public CSV,agency_index,A,R1
1993-05-01,4.8859,11.2717,0.444,5.9507,14.044,0.5562,82.105,80.2601,79.8275,Federal Reserve G.17 / FRED public CSV,agency_index,A,R1
1993-06-01,4.7948,11.3706,0.4523,6.0073,14.139,0.5612,79.8162,80.4198,80.5937,Federal Reserve G.17 / FRED public CSV,agency_index,A,R1
1993-07-01,4.6884,11.6349,0.4545,6.0707,14.241,0.5663,77.2299,81.7005,80.2468,Federal Reserve G.17 / FRED public CSV,agency_index,A,R1
1993-08-01,4.6913,11.8089,0.4599,6.1463,14.3572,0.5719,76.3275,82.2509,80.4144,Federal Reserve G.17 / FRED public CSV,agency_index,A,R1
1993-09-01,4.8665,12.0838,0.4631,6.2372,14.4927,0.5779,78.0235,83.3789,80.1323,Federal Reserve G.17 / FRED public CSV,agency_index,A,R1
1993-10-01,5.1057,12.2467,0.4668,6.3466,14.6517,0.5846,80.4475,83.5855,79.8439,Federal Reserve G.17 / FRED public CSV,agency_index,A,R1
1993-11-01,5.2489,12.6415,0.4708,6.4758,14.8373,0.592,81.0543,85.2011,79.5353,Federal Reserve G.17 / FRED public CSV,agency_index,A,R1
1993-12-01,5.2004,12.8049,0.483,6.6248,15.0498,0.6,78.4994,85.0836,80.4969,Federal Reserve G.17 / FRED public CSV,agency_index,A,R1
1994-01-01,5.0613,12.949,0.4985,6.7942,15.2909,0.6087,74.4943,84.6844,81.8879,Federal Reserve G.17 / FRED public CSV,agency_index,A,R1
1994-02-01,4.9996,13.052,0.5062,6.9857,15.5631,0.6182,71.5689,83.8652,81.8825,Federal Reserve G.17 / FRED public CSV,agency_index,A,R1
1994-03-01,5.1123,13.6217,0.5273,7.1986,15.8661,0.6285,71.0182,85.8539,83.8892,Federal Reserve G.17 / FRED public CSV,agency_index,A,R1
1994-04-01,5.3503,13.9162,0.5528,7.4301,16.1977,0.6396,72.008,85.9144,86.4304,Federal Reserve G.17 / FRED public CSV,agency_index,A,R1
1994-05-01,5.6056,14.2686,0.5692,7.6785,16.5573,0.6516,73.0041,86.177,87.3614,Federal Reserve G.17 / FRED public CSV,agency_index,A,R1
1994-06-01,5.8121,14.4361,0.578,7.9407,16.943,0.6643,73.1935,85.2037,87.0119,Federal Reserve G.17 / FRED public CSV,agency_index,A,R1
1994-07-01,6.0177,14.5259,0.5934,8.2099,17.3481,0.6778,73.2977,83.7322,87.5518,Federal Reserve G.17 / FRED public CSV,agency_index,A,R1
1994-08-01,6.304,14.9634,0.61,8.4809,17.7689,0.692,74.3314,84.211,88.1524,Federal Reserve G.17 / FRED public CSV,agency_index,A,R1
1994-09-01,6.6892,15.2108,0.631,8.7501,18.203,0.7071,76.447,83.5622,89.2412,Federal Reserve G.17 / FRED public CSV,agency_index,A,R1
1994-10-01,7.0643,15.7235,0.6515,9.0141,18.6485,0.7232,78.3697,84.3154,90.0922,Federal Reserve G.17 / FRED public CSV,agency_index,A,R1
1994-11-01,7.2764,16.1577,0.6711,9.2709,19.1044,0.7404,78.4862,84.5756,90.6409,Federal Reserve G.17 / FRED public CSV,agency_index,A,R1
1994-12-01,7.2439,16.6537,0.696,9.5167,19.5663,0.7588,76.1182,85.1146,91.7233,Federal Reserve G.17 / FRED public CSV,agency_index,A,R1
1995-01-01,7.1079,16.7335,0.7128,9.7494,20.0327,0.7785,72.9059,83.5312,91.5587,Federal Reserve G.17 / FRED public CSV,agency_index,A,R1
1995-02-01,7.081,16.6027,0.7332,9.9671,20.5037,0.7997,71.044,80.9744,91.6804,Federal Reserve G.17 / FRED public CSV,agency_index,A,R1
1995-03-01,7.2895,17.08,0.7641,10.1687,20.9778,0.8226,71.6857,81.4192,92.8909,Federal Reserve G.17 / FRED public CSV,agency_index,A,R1
1995-04-01,7.6656,17.0455,0.786,10.3537,21.4527,0.8473,74.0374,79.4564,92.7674,Federal Reserve G.17 / FRED public CSV,agency_index,A,R1
1995-05-01,8.0522,17.4296,0.8132,10.5273,21.9337,0.8745,76.4887,79.465,92.987,Federal Reserve G.17 / FRED public CSV,agency_index,A,R1
1995-06-01,8.3383,17.8642,0.8325,10.6934,22.4239,0.9046,77.9762,79.6661,92.0312,Federal Reserve G.17 / FRED public CSV,agency_index,A,R1
1995-07-01,8.5587,17.9765,0.8408,10.8542,22.9205,0.9378,78.8516,78.4298,89.6566,Federal Reserve G.17 / FRED public CSV,agency_index,A,R1
1995-08-01,8.8051,18.4923,0.8831,11.0167,23.4293,0.9745,79.9254,78.9282,90.6184,Federal Reserve G.17 / FRED public CSV,agency_index,A,R1
1995-09-01,9.1298,18.8834,0.9276,11.1854,23.9536,1.015,81.6222,78.833,91.39,Federal Reserve G.17 / FRED public CSV,agency_index,A,R1
1995-10-01,9.5092,19.5601,0.9531,11.3651,24.4968,1.0597,83.6703,79.8474,89.9322,Federal Reserve G.17 / FRED public CSV,agency_index,A,R1
1995-11-01,9.8861,19.4176,0.9781,11.5587,25.0607,1.1088,85.5298,77.4824,88.2068,Federal Reserve G.17 / FRED public CSV,agency_index,A,R1
1995-12-01,10.2114,19.5693,1.0278,11.7685,25.6453,1.1621,86.7691,76.3073,88.4399,Federal Reserve G.17 / FRED public CSV,agency_index,A,R1
1996-01-01,10.4726,19.7155,1.0786,11.9976,26.253,1.2196,87.2888,75.098,88.4377,Federal Reserve G.17 / FRED public CSV,agency_index,A,R1
1996-02-01,10.6544,20.6291,1.1394,12.2498,26.8871,1.2812,86.9761,76.7251,88.9349,Federal Reserve G.17 / FRED public CSV,agency_index,A,R1
1996-03-01,10.7844,21.045,1.1712,12.5272,27.5487,1.3464,86.0879,76.3917,86.9877,Federal Reserve G.17 / FRED public CSV,agency_index,A,R1
1996-04-01,10.9663,21.4132,1.1973,12.8305,28.2363,1.4143,85.4708,75.8355,84.6603,Federal Reserve G.17 / FRED public CSV,agency_index,A,R1
1996-05-01,11.2957,21.8212,1.2357,13.1618,28.9536,1.4835,85.8218,75.3659,83.295,Federal Reserve G.17 / FRED public CSV,agency_index,A,R1
1996-06-01,11.8369,22.3739,1.2657,13.5229,29.7026,1.5525,87.5321,75.3267,81.5236,Federal Reserve G.17 / FRED public CSV,agency_index,A,R1
1996-07-01,12.4477,23.0965,1.3083,13.9112,30.4772,1.6199,89.4802,75.7829,80.7683,Federal Reserve G.17 / FRED public CSV,agency_index,A,R1
1996-08-01,12.9566,23.7261,1.3579,14.3272,31.2785,1.6851,90.4339,75.8544,80.584,Federal Reserve G.17 / FRED public CSV,agency_index,A,R1
1996-09-01,13.2,24.3065,1.4113,14.7713,32.1058,1.7481,89.3627,75.7076,80.7313,Federal Reserve G.17 / FRED public CSV,agency_index,A,R1
1996-10-01,13.2781,25.0869,1.4788,15.2446,32.9586,1.8084,87.1004,76.1163,81.7744,Federal Reserve G.17 / FRED public CSV,agency_index,A,R1
1996-11-01,13.3565,25.6511,1.5209,15.7486,33.8354,1.8666,84.8105,75.8115,81.4834,Federal Reserve G.17 / FRED public CSV,agency_index,A,R1
1996-12-01,13.5694,26.7769,1.5532,16.2796,34.7268,1.9223,83.3524,77.1074,80.7979,Federal Reserve G.17 / FRED public CSV,agency_index,A,R1
1997-01-01,13.9551,27.004,1.5955,16.8534,35.628,1.9757,82.8025,75.7941,80.7539,Federal Reserve G.17 / FRED public CSV,agency_index,A,R1
1997-02-01,14.4772,28.02,1.6798,17.4736,36.5361,2.0261,82.8519,76.6911,82.908,Federal Reserve G.17 / FRED public CSV,agency_index,A,R1
1997-03-01,15.1371,28.6517,1.747,18.1231,37.4407,2.0741,83.5234,76.5255,84.2314,Federal Reserve G.17 / FRED public CSV,agency_index,A,R1
1997-04-01,15.8947,29.6409,1.7981,18.798,38.3267,2.1209,84.5553,77.3374,84.7826,Federal Reserve G.17 / FRED public CSV,agency_index,A,R1
1997-05-01,16.643,30.4239,1.8763,19.5026,39.1888,2.17,85.3375,77.6342,86.4633,Federal Reserve G.17 / FRED public CSV,agency_index,A,R1
1997-06-01,17.3049,31.599,1.9274,20.2376,40.0161,2.2244,85.5083,78.9658,86.6491,Federal Reserve G.17 / FRED public CSV,agency_index,A,R1
1997-07-01,17.8491,32.99,1.9704,20.9946,40.7884,2.2865,85.0174,80.881,86.1751,Federal Reserve G.17 / FRED public CSV,agency_index,A,R1
1997-08-01,18.278,33.627,2.0717,21.774,41.4962,2.36,83.944,81.0365,87.7823,Federal Reserve G.17 / FRED public CSV,agency_index,A,R1
1997-09-01,18.6174,34.6842,2.1723,22.5758,42.1338,2.4465,82.4664,82.3193,88.7927,Federal Reserve G.17 / FRED public CSV,agency_index,A,R1
1997-10-01,19.0299,35.3892,2.2375,23.4,42.6984,2.5473,81.3241,82.8818,87.84,Federal Reserve G.17 / FRED public CSV,agency_index,A,R1
1997-11-01,19.6997,36.2478,2.3128,24.2469,43.1894,2.6626,81.2464,83.9274,86.8621,Federal Reserve G.17 / FRED public CSV,agency_index,A,R1
1997-12-01,20.699,36.443,2.3681,25.1085,43.6095,2.7914,82.4382,83.5667,84.836,Federal Reserve G.17 / FRED public CSV,agency_index,A,R1
1998-01-01,21.7658,36.6159,2.4334,25.9814,43.9642,2.9338,83.7747,83.2857,82.9443,Federal Reserve G.17 / FRED public CSV,agency_index,A,R1
1998-02-01,22.4681,36.9673,2.4396,26.8627,44.2611,3.0895,83.6406,83.521,78.9631,Federal Reserve G.17 / FRED public CSV,agency_index,A,R1
1998-03-01,22.6417,36.9268,2.4932,27.7444,44.5129,3.2575,81.6083,82.9575,76.536,Federal Reserve G.17 / FRED public CSV,agency_index,A,R1
1998-04-01,22.5233,37.7053,2.5916,28.6148,44.7346,3.4345,78.7121,84.2868,75.458,Federal Reserve G.17 / FRED public CSV,agency_index,A,R1
1998-05-01,22.5036,38.3021,2.6278,29.4734,44.9537,3.6156,76.352,85.2033,72.6803,Federal Reserve G.17 / FRED public CSV,agency_index,A,R1
1998-06-01,22.8768,39.0586,2.7404,30.3144,45.1935,3.7944,75.4652,86.4253,72.2237,Federal Reserve G.17 / FRED public CSV,agency_index,A,R1
1998-07-01,23.5852,39.2903,2.8884,31.1216,45.4737,3.959,75.7839,86.4022,72.9579,Federal Reserve G.17 / FRED public CSV,agency_index,A,R1
1998-08-01,24.4568,39.6472,3.0318,31.8909,45.8213,4.1162,76.6888,86.5257,73.6544,Federal Reserve G.17 / FRED public CSV,agency_index,A,R1
1998-09-01,25.3138,39.802,3.2134,32.619,46.2537,4.2679,77.6043,86.0513,75.2929,Federal Reserve G.17 / FRED public CSV,agency_index,A,R1
1998-10-01,26.1549,39.8679,3.3835,33.3045,46.7862,4.414,78.5325,85.213,76.6536,Federal Reserve G.17 / FRED public CSV,agency_index,A,R1
1998-11-01,27.0156,40.4128,3.5101,33.9462,47.4284,4.5587,79.5835,85.208,76.9985,Federal Reserve G.17 / FRED public CSV,agency_index,A,R1
1998-12-01,27.9237,41.3397,3.6676,34.5429,48.1797,4.7017,80.8375,85.8032,78.0065,Federal Reserve G.17 / FRED public CSV,agency_index,A,R1
1999-01-01,28.872,42.5056,3.8312,35.097,49.0444,4.8432,82.2635,86.6676,79.1057,Federal Reserve G.17 / FRED public CSV,agency_index,A,R1
1999-02-01,29.7613,43.6137,4.0388,35.6133,50.031,4.98,83.5679,87.1734,81.1009,Federal Reserve G.17 / FRED public CSV,agency_index,A,R1
1999-03-01,30.6025,44.7117,4.2019,36.0976,51.1357,5.1117,84.7771,87.4373,82.2001,Federal Reserve G.17 / FRED public CSV,agency_index,A,R1
1999-04-01,31.3947,46.6818,4.3865,36.5558,52.3465,5.2377,85.8817,89.1784,83.7481,Federal Reserve G.17 / FRED public CSV,agency_index,A,R1
1999-05-01,32.0799,47.4537,4.5252,37.0062,53.6555,5.3595,86.6881,88.4415,84.433,Federal Reserve G.17 / FRED public CSV,agency_index,A,R1
1999-06-01,32.6218,48.0935,4.7196,37.4629,55.0505,5.4793,87.0775,87.3625,86.1347,Federal Reserve G.17 / FRED public CSV,agency_index,A,R1
1999-07-01,32.9565,49.6369,5.0164,37.9347,56.5006,5.5985,86.8768,87.852,89.6026,Federal Reserve G.17 / FRED public CSV,agency_index,A,R1
1999-08-01,33.017,50.902,4.9717,38.4399,57.9866,5.7303,85.8925,87.7824,86.7617,Federal Reserve G.17 / FRED public CSV,agency_index,A,R1
1999-09-01,32.8286,52.3389,4.9603,38.9903,59.492,5.8687,84.1967,87.9763,84.5199,Federal Reserve G.17 / FRED public CSV,agency_index,A,R1
1999-10-01,32.706,53.3719,5.1056,39.5958,61.0021,6.0158,82.5997,87.4919,84.8698,Federal Reserve G.17 / FRED public CSV,agency_index,A,R1
1999-11-01,33.0446,54.7204,5.3139,40.2612,62.5033,6.1713,82.0756,87.548,86.1061,Federal Reserve G.17 / FRED public CSV,agency_index,A,R1
1999-12-01,34.0594,56.3623,5.4565,40.9882,63.9802,6.336,83.0957,88.0935,86.1195,Federal Reserve G.17 / FRED public CSV,agency_index,A,R1
2000-01-01,35.4041,58.8081,5.6204,41.7807,65.4222,6.5116,84.7379,89.8901,86.313,Federal Reserve G.17 / FRED public CSV,agency_index,A,R1
2000-02-01,36.4722,61.5019,5.7762,42.6445,66.8209,6.6993,85.5262,92.0399,86.2207,Federal Reserve G.17 / FRED public CSV,agency_index,A,R1
2000-03-01,36.9586,63.1115,6.0549,43.5781,68.1697,6.9011,84.8101,92.58,87.7378,Federal Reserve G.17 / FRED public CSV,agency_index,A,R1
2000-04-01,37.1054,64.5868,6.3692,44.5741,69.4609,7.1173,83.2443,92.9829,89.4893,Federal Reserve G.17 / FRED public CSV,agency_index,A,R1
2000-05-01,37.3335,67.22,6.6909,45.6269,70.7087,7.347,81.8236,95.0661,91.07,Federal Reserve G.17 / FRED public CSV,agency_index,A,R1
2000-06-01,37.9342,66.3831,6.9542,46.7288,71.9224,7.5887,81.1795,92.2981,91.6385,Federal Reserve G.17 / FRED public CSV,agency_index,A,R1
2000-07-01,38.7588,67.1965,7.3065,47.8601,73.1021,7.841,80.9836,91.9214,93.1827,Federal Reserve G.17 / FRED public CSV,agency_index,A,R1
2000-08-01,39.5184,68.2926,7.4126,49.0076,74.2658,8.1087,80.6372,91.957,91.4148,Federal Reserve G.17 / FRED public CSV,agency_index,A,R1
2000-09-01,39.9709,69.9005,7.5405,50.1603,75.4257,8.3934,79.6863,92.6746,89.8377,Federal Reserve G.17 / FRED public CSV,agency_index,A,R1
2000-10-01,40.155,69.8816,7.6973,51.3083,76.594,8.697,78.2622,91.2364,88.5053,Federal Reserve G.17 / FRED public CSV,agency_index,A,R1
2000-11-01,40.1794,69.833,8.0352,52.4432,77.7791,9.0219,76.615,89.7837,89.0635,Federal Reserve G.17 / FRED public CSV,agency_index,A,R1
2000-12-01,40.1782,70.5626,8.2806,53.5498,78.981,9.3654,75.0297,89.3411,88.417,Federal Reserve G.17 / FRED public CSV,agency_index,A,R1
2001-01-01,40.3632,71.6835,8.1569,54.6182,80.206,9.727,73.9005,89.3742,83.858,Federal Reserve G.17 / FRED public CSV,agency_index,A,R1
2001-02-01,40.9206,69.7463,8.119,55.6407,81.4646,10.1005,73.5444,85.6154,80.3823,Federal Reserve G.17 / FRED public CSV,agency_index,A,R1
2001-03-01,41.913,68.2841,8.1813,56.606,82.7572,10.4845,74.0435,82.5114,78.0317,Federal Reserve G.17 / FRED public CSV,agency_index,A,R1
2001-04-01,42.9589,65.3388,8.0418,57.5008,84.0781,10.8733,74.7102,77.7119,73.9595,Federal Reserve G.17 / FRED public CSV,agency_index,A,R1
2001-05-01,43.4344,63.562,7.9237,58.3291,85.4356,11.2592,74.4643,74.3975,70.3754,Federal Reserve G.17 / FRED public CSV,agency_index,A,R1
2001-06-01,42.9974,61.3508,7.8019,59.0886,86.8298,11.633,72.7677,70.6564,67.0664,Federal Reserve G.17 / FRED public CSV,agency_index,A,R1
2001-07-01,42.05,59.4437,7.4679,59.7693,88.2427,11.9872,70.3538,67.3639,62.2986,Federal Reserve G.17 / FRED public CSV,agency_index,A,R1
2001-08-01,41.2475,57.2404,7.5992,60.3763,89.673,12.3276,68.3174,63.8324,61.6434,Federal Reserve G.17 / FRED public CSV,agency_index,A,R1
2001-09-01,41.0808,55.3331,7.7622,60.9131,91.1168,12.6573,67.4416,60.7276,61.3261,Federal Reserve G.17 / FRED public CSV,agency_index,A,R1
2001-10-01,41.4509,53.906,7.923,61.3844,92.5705,12.975,67.5268,58.2324,61.0639,Federal Reserve G.17 / FRED public CSV,agency_index,A,R1
2001-11-01,42.1042,52.0157,7.8071,61.7929,94.0271,13.28,68.1376,55.3199,58.7883,Federal Reserve G.17 / FRED public CSV,agency_index,A,R1
2001-12-01,42.8045,50.6066,8.1924,62.144,95.4706,13.5678,68.8796,53.0075,60.3808,Federal Reserve G.17 / FRED public CSV,agency_index,A,R1
2002-01-01,43.3566,46.6907,8.3054,62.4447,96.8919,13.8351,69.432,48.1885,60.0312,Federal Reserve G.17 / FRED public CSV,agency_index,A,R1
2002-02-01,43.5018,46.9794,8.6572,62.7041,98.2855,14.0743,69.3763,47.7989,61.5104,Federal Reserve G.17 / FRED public CSV,agency_index,A,R1
2002-03-01,43.1785,46.5564,8.8337,62.931,99.6356,14.2853,68.6124,46.7267,61.838,Federal Reserve G.17 / FRED public CSV,agency_index,A,R1
2002-04-01,42.6885,45.7934,9.0789,63.1343,100.9206,14.4686,67.6154,45.3757,62.7485,Federal Reserve G.17 / FRED public CSV,agency_index,A,R1
2002-05-01,42.528,44.6311,9.2091,63.3288,102.1349,14.6287,67.1543,43.6982,62.9525,Federal Reserve G.17 / FRED public CSV,agency_index,A,R1
2002-06-01,42.9995,44.1926,9.3702,63.5258,103.2646,14.7711,67.6882,42.7955,63.4362,Federal Reserve G.17 / FRED public CSV,agency_index,A,R1
2002-07-01,43.814,42.8389,9.5136,63.7334,104.283,14.9016,68.7457,41.0794,63.8428,Federal Reserve G.17 / FRED public CSV,agency_index,A,R1
2002-08-01,44.4793,43.0873,9.6704,63.9635,105.1805,15.0325,69.5386,40.9651,64.3298,Federal Reserve G.17 / FRED public CSV,agency_index,A,R1
2002-09-01,44.6314,43.2469,9.761,64.222,105.9495,15.1631,69.4954,40.8184,64.3733,Federal Reserve G.17 / FRED public CSV,agency_index,A,R1
2002-10-01,44.4171,42.495,9.873,64.5127,106.5851,15.2942,68.8502,39.8696,64.554,Federal Reserve G.17 / FRED public CSV,agency_index,A,R1
2002-11-01,44.1253,43.5588,9.9873,64.8343,107.0804,15.4121,68.0586,40.6786,64.8018,Federal Reserve G.17 / FRED public CSV,agency_index,A,R1
2002-12-01,44.0164,43.7573,10.0899,65.1815,107.4379,15.5246,67.529,40.728,64.9927,Federal Reserve G.17 / FRED public CSV,agency_index,A,R1
2003-01-01,44.2744,42.81,10.4129,65.5494,107.6612,15.6421,67.5436,39.7636,66.5699,Federal Reserve G.17 / FRED public CSV,agency_index,A,R1
2003-02-01,45.0248,44.3412,10.776,65.9342,107.7562,15.7857,68.2875,41.1496,68.2645,Federal Reserve G.17 / FRED public CSV,agency_index,A,R1
2003-03-01,46.3009,44.4094,10.9388,66.3234,107.7325,15.9391,69.8108,41.2219,68.6286,Federal Reserve G.17 / FRED public CSV,agency_index,A,R1
2003-04-01,47.8501,44.6123,11.1714,66.7004,107.6024,16.0905,71.7388,41.4603,69.4283,Federal Reserve G.17 / FRED public CSV,agency_index,A,R1
2003-05-01,49.2061,45.0556,11.5326,67.0464,107.3862,16.2363,73.3911,41.9565,71.0299,Federal Reserve G.17 / FRED public CSV,agency_index,A,R1
2003-06-01,50.0579,46.3333,11.9971,67.3426,107.1003,16.3887,74.3332,43.2616,73.2031,Federal Reserve G.17 / FRED public CSV,agency_index,A,R1
2003-07-01,50.4554,47.8226,12.5721,67.5685,106.7644,16.5791,74.6729,44.7926,75.8314,Federal Reserve G.17 / FRED public CSV,agency_index,A,R1
2003-08-01,50.5784,49.0209,12.961,67.7016,106.3989,16.7935,74.7078,46.0728,77.1784,Federal Reserve G.17 / FRED public CSV,agency_index,A,R1
2003-09-01,50.588,49.601,13.4829,67.7397,106.0194,17.0243,74.68,46.7848,79.198,Federal Reserve G.17 / FRED public CSV,agency_index,A,R1
2003-10-01,50.5956,50.6624,14.0285,67.6822,105.6384,17.2584,74.7546,47.9583,81.2853,Federal Reserve G.17 / FRED public CSV,agency_index,A,R1
2003-11-01,50.6819,51.9724,14.4245,67.536,105.2642,17.5131,75.0444,49.3733,82.3641,Federal Reserve G.17 / FRED public CSV,agency_index,A,R1
2003-12-01,50.8698,53.4862,14.5241,67.316,104.9039,17.787,75.5687,50.9859,81.6559,Federal Reserve G.17 / FRED public CSV,agency_index,A,R1
2004-01-01,51.0202,56.3641,14.7787,67.0391,104.5616,18.08,76.1052,53.9052,81.7405,Federal Reserve G.17 / FRED public CSV,agency_index,A,R1
2004-02-01,50.9461,56.6656,15.1371,66.7235,104.2392,18.3825,76.3541,54.3612,82.3452,Federal Reserve G.17 / FRED public CSV,agency_index,A,R1
2004-03-01,50.556,55.7448,15.4862,66.3999,103.9358,18.6937,76.1387,53.6338,82.8416,Federal Reserve G.17 / FRED public CSV,agency_index,A,R1
2004-04-01,49.9985,54.2366,15.6914,66.1055,103.6497,19.0141,75.6345,52.3268,82.525,Federal Reserve G.17 / FRED public CSV,agency_index,A,R1
2004-05-01,49.5214,53.5951,16.0261,65.8889,103.3714,19.3521,75.159,51.8471,82.8136,Federal Reserve G.17 / FRED public CSV,agency_index,A,R1
2004-06-01,49.3361,53.6226,16.1199,65.7929,103.0932,19.7138,74.9871,52.0137,81.77,Federal Reserve G.17 / FRED public CSV,agency_index,A,R1
2004-07-01,49.5616,54.4383,16.0467,65.8574,102.8095,20.0994,75.256,52.9506,79.8366,Federal Reserve G.17 / FRED public CSV,agency_index,A,R1
2004-08-01,50.2933,54.9689,16.1569,66.1245,102.5097,20.5085,76.0585,53.6231,78.7815,Federal Reserve G.17 / FRED public CSV,agency_index,A,R1
2004-09-01,51.5194,54.1205,16.4619,66.6193,102.1867,20.9371,77.3341,52.9623,78.6258,Federal Reserve G.17 / FRED public CSV,agency_index,A,R1
2004-10-01,53.0566,53.9219,16.5854,67.3611,101.834,21.3836,78.7645,52.9508,77.5613,Federal Reserve G.17 / FRED public CSV,agency_index,A,R1
2004-11-01,54.6414,53.2932,16.6828,68.3602,101.4463,21.8447,79.9316,52.5334,76.3702,Federal Reserve G.17 / FRED public CSV,agency_index,A,R1
2004-12-01,56.0429,53.1302,17.0073,69.606,101.0242,22.3128,80.5145,52.5916,76.222,Federal Reserve G.17 / FRED public CSV,agency_index,A,R1
2005-01-01,57.1614,53.2035,17.6704,71.0975,100.5657,22.7835,80.3986,52.9043,77.5579,Federal Reserve G.17 / FRED public CSV,agency_index,A,R1
2005-02-01,57.875,54.0264,18.1825,72.8426,100.0677,23.2499,79.4521,53.9898,78.2047,Federal Reserve G.17 / FRED public CSV,agency_index,A,R1
2005-03-01,58.2748,54.1302,18.4566,74.8229,99.5315,23.7069,77.8836,54.385,77.8532,Federal Reserve G.17 / FRED public CSV,agency_index,A,R1
2005-04-01,58.7052,54.6241,19.0442,77.0041,98.9608,24.1482,76.2364,55.1978,78.8642,Federal Reserve G.17 / FRED public CSV,agency_index,A,R1
2005-05-01,59.5967,55.334,19.3043,79.353,98.3544,24.569,75.1033,56.2598,78.5717,Federal Reserve G.17 / FRED public CSV,agency_index,A,R1
2005-06-01,61.2063,55.1753,19.5147,81.8269,97.7143,24.9654,74.7998,56.466,78.1668,Federal Reserve G.17 / FRED public CSV,agency_index,A,R1
2005-07-01,63.2527,55.7869,19.8457,84.3491,97.0514,25.33,74.9891,57.4818,78.3484,Federal Reserve G.17 / FRED public CSV,agency_index,A,R1
2005-08-01,65.3005,56.2225,20.3867,86.8549,96.3692,25.6627,75.1834,58.3407,79.441,Federal Reserve G.17 / FRED public CSV,agency_index,A,R1
2005-09-01,66.958,57.2104,21.0523,89.2964,95.6748,25.9628,74.984,59.7968,81.0863,Federal Reserve G.17 / FRED public CSV,agency_index,A,R1
2005-10-01,68.3386,59.5357,21.5116,91.6327,94.9756,26.2334,74.5788,62.6852,82.0008,Federal Reserve G.17 / FRED public CSV,agency_index,A,R1
2005-11-01,69.6539,61.7507,21.5232,93.8348,94.2832,26.4797,74.2304,65.495,81.2819,Federal Reserve G.17 / FRED public CSV,agency_index,A,R1
2005-12-01,71.0848,63.1824,21.7009,95.8693,93.6114,26.7068,74.1476,67.4943,81.2559,Federal Reserve G.17 / FRED public CSV,agency_index,A,R1
2006-01-01,72.7439,63.6697,21.8082,97.7173,92.9713,26.9223,74.4432,68.4832,81.0042,Federal Reserve G.17 / FRED public CSV,agency_index,A,R1
2006-02-01,74.5595,64.3319,22.1027,99.3633,92.3712,27.1316,75.0373,69.645,81.465,Federal Reserve G.17 / FRED public CSV,agency_index,A,R1
2006-03-01,76.5991,65.9214,21.9577,100.8104,91.8268,27.3474,75.9834,71.7889,80.2916,Federal Reserve G.17 / FRED public CSV,agency_index,A,R1
2006-04-01,78.7495,67.7368,21.8225,102.0717,91.357,27.5828,77.1511,74.1451,79.1161,Federal Reserve G.17 / FRED public CSV,agency_index,A,R1
2006-05-01,80.6948,69.6771,21.9945,103.218,90.9772,27.8564,78.1789,76.5875,78.9569,Federal Reserve G.17 / FRED public CSV,agency_index,A,R1
2006-06-01,82.2606,71.8078,22.1243,104.3049,90.7036,28.1842,78.8655,79.1676,78.4989,Federal Reserve G.17 / FRED public CSV,agency_index,A,R1
2006-07-01,83.4844,72.5658,22.1712,105.3778,90.5535,28.5779,79.2239,80.1358,77.5817,Federal Reserve G.17 / FRED public CSV,agency_index,A,R1
2006-08-01,84.4912,73.1205,22.9459,106.5194,90.5391,29.0534,79.32,80.7613,78.9783,Federal Reserve G.17 / FRED public CSV,agency_index,A,R1
2006-09-01,85.3363,74.7835,23.5311,107.7827,90.6646,29.6187,79.1744,82.4837,79.4465,Federal Reserve G.17 / FRED public CSV,agency_index,A,R1
2006-10-01,86.0703,74.4158,23.8685,109.2128,90.9304,30.282,78.8097,81.8382,78.8206,Federal Reserve G.17 / FRED public CSV,agency_index,A,R1
2006-11-01,86.7129,75.3716,24.1796,110.8341,91.3334,31.0443,78.2366,82.5236,77.8873,Federal Reserve G.17 / FRED public CSV,agency_index,A,R1
2006-12-01,87.3424,76.2843,24.4525,112.6526,91.8566,31.8978,77.5325,83.0471,76.659,Federal Reserve G.17 / FRED public CSV,agency_index,A,R1
2007-01-01,88.2445,77.5965,24.6575,114.6838,92.4853,32.84,76.9459,83.9014,75.0835,Federal Reserve G.17 / FRED public CSV,agency_index,A,R1
2007-02-01,89.0951,80.0781,25.0646,116.9556,93.2046,33.8672,76.1786,85.9165,74.0085,Federal Reserve G.17 / FRED public CSV,agency_index,A,R1
2007-03-01,90.2093,84.7479,26.0529,119.462,93.9856,34.9669,75.5129,90.1711,74.5074,Federal Reserve G.17 / FRED public CSV,agency_index,A,R1
2007-04-01,91.6362,88.4173,27.0673,122.1778,94.7915,36.116,75.0023,93.2756,74.9455,Federal Reserve G.17 / FRED public CSV,agency_index,A,R1
2007-05-01,93.2876,81.6373,27.624,125.0829,95.5817,37.2852,74.5806,85.411,74.0883,Federal Reserve G.17 / FRED public CSV,agency_index,A,R1
2007-06-01,95.1465,68.393,28.404,128.145,96.3137,38.4392,74.2491,71.0107,73.8933,Federal Reserve G.17 / FRED public CSV,agency_index,A,R1
2007-07-01,97.324,62.3213,29.4484,131.2883,96.9364,39.5295,74.13,64.2909,74.4972,Federal Reserve G.17 / FRED public CSV,agency_index,A,R1
2007-08-01,99.9974,62.2423,29.9392,134.4595,97.402,40.5139,74.3699,63.9025,73.8985,Federal Reserve G.17 / FRED public CSV,agency_index,A,R1
2007-09-01,103.0731,64.5365,30.6273,137.6089,97.6768,41.3563,74.9029,66.0715,74.0572,Federal Reserve G.17 / FRED public CSV,agency_index,A,R1
2007-10-01,106.2741,67.6657,31.9479,140.6875,97.7339,42.0283,75.5391,69.2346,76.0151,Federal Reserve G.17 / FRED public CSV,agency_index,A,R1
2007-11-01,109.2333,70.6885,33.2623,143.6456,97.5504,42.5112,76.0436,72.4636,78.2437,Federal Reserve G.17 / FRED public CSV,agency_index,A,R1
2007-12-01,111.8029,72.6544,34.4632,146.4226,97.1269,42.7987,76.3563,74.8036,80.524,Federal Reserve G.17 / FRED public CSV,agency_index,A,R1
2008-01-01,114.4035,73.9679,34.629,148.9585,96.4661,42.8911,76.8023,76.6776,80.737,Federal Reserve G.17 / FRED public CSV,agency_index,A,R1
2008-02-01,117.3905,74.9864,35.8672,151.1799,95.5784,42.7847,77.6496,78.4554,83.8318,Federal Reserve G.17 / FRED public CSV,agency_index,A,R1
2008-03-01,120.944,75.6355,36.9496,153.0183,94.4881,42.5112,79.039,80.0476,86.9173,Federal Reserve G.17 / FRED public CSV,agency_index,A,R1
2008-04-01,124.2201,75.8743,37.1894,154.4027,93.23,42.1135,80.4521,81.384,88.3076,Federal Reserve G.17 / FRED public CSV,agency_index,A,R1
2008-05-01,125.9217,75.8156,37.4433,155.2959,91.8461,41.6582,81.085,82.5464,89.8822,Federal Reserve G.17 / FRED public CSV,agency_index,A,R1
2008-06-01,125.3232,75.589,37.5504,155.6539,90.3751,41.1974,80.514,83.6392,91.1474,Federal Reserve G.17 / FRED public CSV,agency_index,A,R1
2008-07-01,123.1115,75.085,36.5835,155.4434,88.8694,40.7817,79.2002,84.4891,89.7058,Federal Reserve G.17 / FRED public CSV,agency_index,A,R1
2008-08-01,120.4482,74.0737,36.2134,154.6477,87.3737,40.4624,77.8855,84.778,89.4989,Federal Reserve G.17 / FRED public CSV,agency_index,A,R1
2008-09-01,118.3689,72.4422,35.4506,153.2674,85.9215,40.265,77.2303,84.3121,88.0432,Federal Reserve G.17 / FRED public CSV,agency_index,A,R1
2008-10-01,117.1357,70.2891,33.0694,151.3136,84.5408,40.2097,77.4125,83.1423,82.2425,Federal Reserve G.17 / FRED public CSV,agency_index,A,R1
2008-11-01,116.8369,67.7898,29.6703,148.7939,83.2555,40.3007,78.5226,81.4237,73.6221,Federal Reserve G.17 / FRED public CSV,agency_index,A,R1
2008-12-01,117.3712,65.1926,26.4554,145.7919,82.0848,40.5375,80.506,79.4211,65.2616,Federal Reserve G.17 / FRED public CSV,agency_index,A,R1
2009-01-01,118.0199,63.0815,25.7565,142.3748,81.0391,40.9226,82.8938,77.8408,62.9394,Federal Reserve G.17 / FRED public CSV,agency_index,A,R1
2009-02-01,117.9039,62.2726,26.4467,138.6159,80.1207,41.4585,85.058,77.7235,63.7908,Federal Reserve G.17 / FRED public CSV,agency_index,A,R1
2009-03-01,116.5305,63.0374,27.437,134.6096,79.3357,42.143,86.5693,79.4566,65.1045,Federal Reserve G.17 / FRED public CSV,agency_index,A,R1
2009-04-01,114.195,64.6247,28.1607,130.4666,78.6908,42.9665,87.5281,82.1248,65.5411,Federal Reserve G.17 / FRED public CSV,agency_index,A,R1
2009-05-01,111.5782,65.7578,28.8107,126.2577,78.1772,43.9063,88.3734,84.1139,65.6186,Federal Reserve G.17 / FRED public CSV,agency_index,A,R1
2009-06-01,109.1495,65.5409,29.5193,122.056,77.7926,44.9409,89.4257,84.2509,65.6847,Federal Reserve G.17 / FRED public CSV,agency_index,A,R1
2009-07-01,106.8091,64.4097,30.8125,117.9788,77.5383,46.0342,90.5324,83.0682,66.9338,Federal Reserve G.17 / FRED public CSV,agency_index,A,R1
2009-08-01,104.2102,63.2449,31.7491,114.0822,77.4045,47.1464,91.3466,81.707,67.3416,Federal Reserve G.17 / FRED public CSV,agency_index,A,R1
2009-09-01,101.2981,62.7293,33.2342,110.4141,77.3839,48.2423,91.7438,81.0625,68.8903,Federal Reserve G.17 / FRED public CSV,agency_index,A,R1
2009-10-01,98.7142,62.8864,34.4543,107.0114,77.4691,49.2985,92.2464,81.1761,69.8892,Federal Reserve G.17 / FRED public CSV,agency_index,A,R1
2009-11-01,97.5381,63.6119,35.6256,103.9178,77.6564,50.302,93.8608,81.9145,70.8235,Federal Reserve G.17 / FRED public CSV,agency_index,A,R1
2009-12-01,98.4591,64.764,35.8859,101.1526,77.9347,51.2335,97.3371,83.1004,70.0437,Federal Reserve G.17 / FRED public CSV,agency_index,A,R1
2010-01-01,100.3528,65.9469,37.7084,98.7178,78.2967,52.0839,101.6562,84.2269,72.3993,Federal Reserve G.17 / FRED public CSV,agency_index,A,R1
2010-02-01,101.2384,66.6012,39.7907,96.5886,78.7379,52.8261,104.814,84.586,75.3239,Federal Reserve G.17 / FRED public CSV,agency_index,A,R1
2010-03-01,99.8325,66.528,41.8052,94.7622,79.2497,53.471,105.3505,83.9473,78.183,Federal Reserve G.17 / FRED public CSV,agency_index,A,R1
2010-04-01,96.666,66.1421,43.3374,93.2417,79.821,54.0323,103.6725,82.863,80.2064,Federal Reserve G.17 / FRED public CSV,agency_index,A,R1
2010-05-01,93.2236,66.0246,44.5459,92.0031,80.4446,54.5404,101.3265,82.0746,81.675,Federal Reserve G.17 / FRED public CSV,agency_index,A,R1
2010-06-01,90.7467,66.513,44.9888,91.0391,81.112,55.0228,99.6788,82.0014,81.7639,Federal Reserve G.17 / FRED public CSV,agency_index,A,R1
2010-07-01,89.1664,67.3522,45.9565,90.3534,81.8065,55.5232,98.6862,82.3312,82.7699,Federal Reserve G.17 / FRED public CSV,agency_index,A,R1
2010-08-01,87.8363,68.0446,46.8431,89.9267,82.5184,56.1159,97.6754,82.4599,83.4755,Federal Reserve G.17 / FRED public CSV,agency_index,A,R1
2010-09-01,86.2647,68.2351,47.6073,89.7462,83.2389,56.8294,96.1207,81.975,83.7724,Federal Reserve G.17 / FRED public CSV,agency_index,A,R1
2010-10-01,84.309,68.361,48.4053,89.8007,83.9607,57.6765,93.8845,81.4202,83.9254,Federal Reserve G.17 / FRED public CSV,agency_index,A,R1
2010-11-01,82.0062,69.045,50.1826,90.088,84.6766,58.6565,91.029,81.5397,85.5534,Federal Reserve G.17 / FRED public CSV,agency_index,A,R1
2010-12-01,79.4915,70.5636,52.5176,90.5925,85.3765,59.7577,87.7463,82.6499,87.8843,Federal Reserve G.17 / FRED public CSV,agency_index,A,R1
2011-01-01,77.1473,72.3429,53.7716,91.309,86.055,60.9777,84.4903,84.0659,88.1823,Federal Reserve G.17 / FRED public CSV,agency_index,A,R1
2011-02-01,75.5871,73.467,54.1177,92.2414,86.7096,62.3102,81.9449,84.7276,86.8521,Federal Reserve G.17 / FRED public CSV,agency_index,A,R1
2011-03-01,75.0478,73.5593,53.7497,93.3871,87.3353,63.7492,80.3621,84.2262,84.3143,Federal Reserve G.17 / FRED public CSV,agency_index,A,R1
2011-04-01,75.4652,73.1306,53.7194,94.7396,87.9254,65.2769,79.6554,83.1735,82.2947,Federal Reserve G.17 / FRED public CSV,agency_index,A,R1
2011-05-01,76.6534,73.0226,54.0203,96.3035,88.4835,66.8729,79.5956,82.5268,80.7806,Federal Reserve G.17 / FRED public CSV,agency_index,A,R1
2011-06-01,78.2892,73.7532,54.2273,98.0822,89.0097,68.5144,79.82,82.8598,79.1473,Federal Reserve G.17 / FRED public CSV,agency_index,A,R1
2011-07-01,79.9,74.8274,53.6659,100.0558,89.4988,70.1593,79.8554,83.6072,76.4916,Federal Reserve G.17 / FRED public CSV,agency_index,A,R1
2011-08-01,80.975,75.4123,55.0189,102.2255,89.9554,71.7818,79.2122,83.833,76.6474,Federal Reserve G.17 / FRED public CSV,agency_index,A,R1
2011-09-01,81.1862,74.9803,54.9714,104.5842,90.3832,73.3596,77.6276,82.9582,74.9342,Federal Reserve G.17 / FRED public CSV,agency_index,A,R1
2011-10-01,81.014,73.9953,54.7035,107.1236,90.7864,74.8723,75.6267,81.5048,73.0624,Federal Reserve G.17 / FRED public CSV,agency_index,A,R1
2011-11-01,81.1815,73.2011,55.2388,109.8291,91.1684,76.2998,73.9162,80.2922,72.3971,Federal Reserve G.17 / FRED public CSV,agency_index,A,R1
2011-12-01,82.321,73.0633,55.9485,112.6741,91.5336,77.6265,73.0611,79.8213,72.0739,Federal Reserve G.17 / FRED public CSV,agency_index,A,R1
2012-01-01,84.7254,73.2435,56.5696,115.6408,91.8875,78.844,73.2659,79.7099,71.7488,Federal Reserve G.17 / FRED public CSV,agency_index,A,R1
2012-02-01,88.8213,73.3293,57.7653,118.7172,92.2367,79.9453,74.8175,79.5012,72.256,Federal Reserve G.17 / FRED public CSV,agency_index,A,R1
2012-03-01,90.7186,72.6289,58.3927,121.872,92.5883,80.9384,74.4376,78.4429,72.1446,Federal Reserve G.17 / FRED public CSV,agency_index,A,R1
2012-04-01,93.6986,71.5861,59.087,125.0581,92.9486,81.8369,74.9241,77.0168,72.2009,Federal Reserve G.17 / FRED public CSV,agency_index,A,R1
2012-05-01,95.4256,70.9743,59.9974,128.2454,93.3294,82.6856,74.4085,76.0471,72.5609,Federal Reserve G.17 / FRED public CSV,agency_index,A,R1
2012-06-01,95.3213,71.2891,61.0013,131.3943,93.7406,83.5233,72.546,76.0493,73.0351,Federal Reserve G.17 / FRED public CSV,agency_index,A,R1
2012-07-01,97.2683,72.2286,60.6111,134.4351,94.1877,84.3813,72.3534,76.6858,71.83,Federal Reserve G.17 / FRED public CSV,agency_index,A,R1
2012-08-01,95.6353,73.2268,59.8824,137.3223,94.6809,85.3037,69.6429,77.3406,70.1992,Federal Reserve G.17 / FRED public CSV,agency_index,A,R1
2012-09-01,94.5653,73.8923,60.984,140.0181,95.2269,86.3063,67.538,77.596,70.66,Federal Reserve G.17 / FRED public CSV,agency_index,A,R1
2012-10-01,96.2575,74.5597,62.4098,142.4909,95.8318,87.4128,67.5534,77.8027,71.3966,Federal Reserve G.17 / FRED public CSV,agency_index,A,R1
2012-11-01,95.7091,75.757,62.1728,144.7115,96.5001,88.633,66.1379,78.5046,70.1463,Federal Reserve G.17 / FRED public CSV,agency_index,A,R1
2012-12-01,95.0586,77.7989,62.3427,146.6536,97.2279,89.9616,64.8185,80.0171,69.2992,Federal Reserve G.17 / FRED public CSV,agency_index,A,R1
2013-01-01,96.0068,80.3453,62.7268,148.2995,98.0157,91.4024,64.7385,81.9719,68.6271,Federal Reserve G.17 / FRED public CSV,agency_index,A,R1
2013-02-01,95.8267,82.6462,62.014,149.6325,98.867,92.9378,64.0414,83.5934,66.7264,Federal Reserve G.17 / FRED public CSV,agency_index,A,R1
2013-03-01,94.5536,84.4141,62.6561,150.6441,99.7776,94.5665,62.7662,84.6023,66.2561,Federal Reserve G.17 / FRED public CSV,agency_index,A,R1
2013-04-01,95.148,85.7706,63.8934,151.3309,100.7387,96.2703,62.8741,85.1417,66.3687,Federal Reserve G.17 / FRED public CSV,agency_index,A,R1
2013-05-01,94.2272,86.8782,64.9148,151.727,101.7492,98.0121,62.1031,85.3847,66.2314,Federal Reserve G.17 / FRED public CSV,agency_index,A,R1
2013-06-01,93.9693,87.8858,65.7834,151.8547,102.8039,99.7584,61.8811,85.4887,65.9427,Federal Reserve G.17 / FRED public CSV,agency_index,A,R1
2013-07-01,97.9581,88.6567,66.8912,151.7394,103.8844,101.4653,64.5568,85.3416,65.9252,Federal Reserve G.17 / FRED public CSV,agency_index,A,R1
2013-08-01,97.966,88.9717,68.0148,151.4268,104.9838,103.1223,64.6953,84.748,65.9554,Federal Reserve G.17 / FRED public CSV,agency_index,A,R1
2013-09-01,98.7513,88.6548,68.6801,150.9517,106.0955,104.7046,65.4191,83.5614,65.5941,Federal Reserve G.17 / FRED public CSV,agency_index,A,R1
2013-10-01,97.5431,87.7192,70.6466,150.3471,107.2139,106.1926,64.8786,81.817,66.5268,Federal Reserve G.17 / FRED public CSV,agency_index,A,R1
2013-11-01,98.8519,86.241,71.7685,149.6365,108.3332,107.5662,66.0613,79.6072,66.7203,Federal Reserve G.17 / FRED public CSV,agency_index,A,R1
2013-12-01,96.4672,84.3627,72.8464,148.8561,109.4416,108.8034,64.8057,77.0847,66.9524,Federal Reserve G.17 / FRED public CSV,agency_index,A,R1
2014-01-01,91.4635,82.4251,74.522,148.0346,110.5336,109.8909,61.7852,74.5701,67.8145,Federal Reserve G.17 / FRED public CSV,agency_index,A,R1
2014-02-01,93.6512,80.9613,76.7132,147.198,111.6076,110.8065,63.6226,72.541,69.2317,Federal Reserve G.17 / FRED public CSV,agency_index,A,R1
2014-03-01,96.0235,80.1417,78.497,146.3769,112.6574,111.5458,65.6002,71.1376,70.372,Federal Reserve G.17 / FRED public CSV,agency_index,A,R1
2014-04-01,94.3985,79.7689,80.0616,145.5997,113.673,112.1029,64.8343,70.174,71.4179,Federal Reserve G.17 / FRED public CSV,agency_index,A,R1
2014-05-01,96.8275,79.5455,81.8774,144.8795,114.6596,112.4821,66.8331,69.3753,72.7915,Federal Reserve G.17 / FRED public CSV,agency_index,A,R1
2014-06-01,99.3667,79.2659,82.4052,144.2342,115.6164,112.6886,68.8926,68.5594,73.1265,Federal Reserve G.17 / FRED public CSV,agency_index,A,R1
2014-07-01,99.513,79.1584,82.7456,143.6871,116.5313,112.7316,69.2567,67.9289,73.4005,Federal Reserve G.17 / FRED public CSV,agency_index,A,R1
2014-08-01,103.0314,79.6012,82.6163,143.2496,117.408,112.6335,71.9243,67.7988,73.3497,Federal Reserve G.17 / FRED public CSV,agency_index,A,R1
2014-09-01,102.9924,80.733,82.6105,142.9326,118.248,112.411,72.0566,68.2744,73.4897,Federal Reserve G.17 / FRED public CSV,agency_index,A,R1
2014-10-01,102.7102,82.0678,82.3956,142.7456,119.0532,112.0891,71.9533,68.9338,73.509,Federal Reserve G.17 / FRED public CSV,agency_index,A,R1
2014-11-01,107.8963,82.9166,81.9877,142.7019,119.8233,111.6927,75.6096,69.1991,73.4048,Federal Reserve G.17 / FRED public CSV,agency_index,A,R1
2014-12-01,106.2495,82.9332,82.1515,142.8026,120.5563,111.2559,74.4031,68.7921,73.8401,Federal Reserve G.17 / FRED public CSV,agency_index,A,R1
2015-01-01,105.4164,82.8612,82.1504,143.0512,121.2541,110.812,73.6914,68.3368,74.135,Federal Reserve G.17 / FRED public CSV,agency_index,A,R1
2015-02-01,107.6665,83.7239,81.8215,143.4505,121.9213,110.3769,75.0548,68.6704,74.1292,Federal Reserve G.17 / FRED public CSV,agency_index,A,R1
2015-03-01,108.0055,86.0413,81.026,144.0016,122.5587,109.9966,75.003,70.2041,73.6623,Federal Reserve G.17 / FRED public CSV,agency_index,A,R1
2015-04-01,111.8209,88.8748,80.5543,144.7028,123.165,109.7188,77.2763,72.1591,73.4189,Federal Reserve G.17 / FRED public CSV,agency_index,A,R1
2015-05-01,111.8175,90.5488,79.9374,145.557,123.7481,109.5769,76.8204,73.1719,72.9509,Federal Reserve G.17 / FRED public CSV,agency_index,A,R1
2015-06-01,112.7729,90.0548,80.4261,146.5645,124.3124,109.6073,76.9442,72.4423,73.3765,Federal Reserve G.17 / FRED public CSV,agency_index,A,R1
2015-07-01,117.1876,88.2071,79.8745,147.7104,124.8559,109.8442,79.3361,70.6472,72.7162,Federal Reserve G.17 / FRED public CSV,agency_index,A,R1
2015-08-01,115.6293,86.4367,80.2585,148.9894,125.3863,110.3181,77.6091,68.9363,72.7519,Federal Reserve G.17 / FRED public CSV,agency_index,A,R1
2015-09-01,115.7143,85.8353,80.721,150.3858,125.91,111.0273,76.945,68.1719,72.7037,Federal Reserve G.17 / FRED public CSV,agency_index,A,R1
2015-10-01,117.8093,86.1755,81.048,151.88,126.4337,111.9791,77.5673,68.1587,72.3778,Federal Reserve G.17 / FRED public CSV,agency_index,A,R1
2015-11-01,103.6527,86.8617,81.2548,153.4426,126.964,113.1673,67.5514,68.4144,71.8006,Federal Reserve G.17 / FRED public CSV,agency_index,A,R1
2015-12-01,106.1176,87.4463,82.4698,155.0358,127.5062,114.5718,68.4471,68.582,71.9809,Federal Reserve G.17 / FRED public CSV,agency_index,A,R1
2016-01-01,117.3406,87.9145,81.6281,156.6226,128.0677,116.1809,74.9194,68.6469,70.2595,Federal Reserve G.17 / FRED public CSV,agency_index,A,R1
2016-02-01,115.8167,88.3588,82.5464,158.1655,128.657,117.9614,73.225,68.6778,69.9774,Federal Reserve G.17 / FRED public CSV,agency_index,A,R1
2016-03-01,117.6771,88.7985,82.9313,159.6077,129.2824,119.8881,73.729,68.6857,69.1739,Federal Reserve G.17 / FRED public CSV,agency_index,A,R1
2016-04-01,116.7283,88.9151,83.7862,160.8805,129.9505,121.9152,72.5559,68.4223,68.725,Federal Reserve G.17 / FRED public CSV,agency_index,A,R1
2016-05-01,120.1947,88.2587,84.7635,161.9116,130.675,123.9769,74.2348,67.5406,68.3704,Federal Reserve G.17 / FRED public CSV,agency_index,A,R1
2016-06-01,118.6208,86.8067,86.0963,162.6315,131.4679,126.0104,72.9384,66.0288,68.3247,Federal Reserve G.17 / FRED public CSV,agency_index,A,R1
2016-07-01,119.3459,85.7508,88.2021,162.9735,132.3327,127.9403,73.2302,64.7994,68.94,Federal Reserve G.17 / FRED public CSV,agency_index,A,R1
2016-08-01,119.3977,86.7059,89.4199,162.8732,133.2808,129.7052,73.3072,65.0551,68.9409,Federal Reserve G.17 / FRED public CSV,agency_index,A,R1
2016-09-01,118.8707,90.3729,91.3266,162.3073,134.3201,131.2472,73.238,67.2817,69.5837,Federal Reserve G.17 / FRED public CSV,agency_index,A,R1
2016-10-01,117.6397,94.9415,92.678,161.2722,135.4581,132.5235,72.9448,70.0892,69.9333,Federal Reserve G.17 / FRED public CSV,agency_index,A,R1
2016-11-01,113.4604,97.807,93.5939,159.788,136.7018,133.4975,71.0068,71.5477,70.1091,Federal Reserve G.17 / FRED public CSV,agency_index,A,R1
2016-12-01,112.4933,97.3253,94.1908,157.9246,138.0435,134.1527,71.2323,70.5034,70.2116,Federal Reserve G.17 / FRED public CSV,agency_index,A,R1
2017-01-01,109.1792,94.8617,95.0183,155.7475,139.4847,134.4813,70.1001,68.0087,70.6554,Federal Reserve G.17 / FRED public CSV,agency_index,A,R1
2017-02-01,105.8238,92.936,96.0273,153.3225,141.0327,134.4734,69.0204,65.8967,71.4099,Federal Reserve G.17 / FRED public CSV,agency_index,A,R1
2017-03-01,103.7518,93.0312,97.5229,150.7606,142.6833,134.156,68.8189,65.2012,72.6936,Federal Reserve G.17 / FRED public CSV,agency_index,A,R1
2017-04-01,102.1877,94.7537,101.0176,148.1938,144.4246,133.5684,68.9554,65.6077,75.6299,Federal Reserve G.17 / FRED public CSV,agency_index,A,R1
2017-05-01,101.7287,96.9989,101.0408,145.7606,146.2624,132.7777,69.7916,66.3184,76.0977,Federal Reserve G.17 / FRED public CSV,agency_index,A,R1
2017-06-01,100.6563,98.9024,100.548,143.5836,148.1939,131.8449,70.1029,66.7385,76.2623,Federal Reserve G.17 / FRED public CSV,agency_index,A,R1
2017-07-01,95.2551,100.5504,99.5657,141.7998,150.1913,130.8431,67.1757,66.9482,76.0955,Federal Reserve G.17 / FRED public CSV,agency_index,A,R1
2017-08-01,94.6318,102.384,99.3714,140.5163,152.2498,129.8509,67.3457,67.2474,76.5273,Federal Reserve G.17 / FRED public CSV,agency_index,A,R1
2017-09-01,95.9543,104.5177,100.0478,139.7968,154.3609,128.9278,68.6384,67.71,77.5998,Federal Reserve G.17 / FRED public CSV,agency_index,A,R1
2017-10-01,98.0172,106.4574,101.3948,139.6864,156.5166,128.1207,70.1695,68.0167,79.1401,Federal Reserve G.17 / FRED public CSV,agency_index,A,R1
2017-11-01,94.3278,107.4715,103.144,140.2107,158.7057,127.4641,67.2757,67.7175,80.92,Federal Reserve G.17 / FRED public CSV,agency_index,A,R1
2017-12-01,98.4864,107.1352,105.3014,141.351,160.9013,126.9828,69.675,66.5844,82.9258,Federal Reserve G.17 / FRED public CSV,agency_index,A,R1
2018-01-01,101.6974,106.0097,106.5123,143.0994,163.0887,126.6958,71.0676,65.0012,84.0693,Federal Reserve G.17 / FRED public CSV,agency_index,A,R1
2018-02-01,99.8212,105.0298,106.2109,145.4558,165.26,126.6279,68.6265,63.5543,83.8764,Federal Reserve G.17 / FRED public CSV,agency_index,A,R1
2018-03-01,102.2166,104.8712,105.5107,148.3787,167.391,126.7821,68.889,62.6504,83.2221,Federal Reserve G.17 / FRED public CSV,agency_index,A,R1
2018-04-01,105.6915,105.8562,106.0022,151.7994,169.4484,127.157,69.6258,62.471,83.3632,Federal Reserve G.17 / FRED public CSV,agency_index,A,R1
2018-05-01,107.0738,108.1946,106.3259,155.6392,171.4236,127.7447,68.7962,63.1154,83.2332,Federal Reserve G.17 / FRED public CSV,agency_index,A,R1
2018-06-01,111.4307,111.7809,107.3727,159.8078,173.2971,128.5354,69.728,64.5025,83.5355,Federal Reserve G.17 / FRED public CSV,agency_index,A,R1
2018-07-01,115.5965,115.7742,107.5357,164.1553,175.0283,129.5022,70.419,66.146,83.0378,Federal Reserve G.17 / FRED public CSV,agency_index,A,R1
2018-08-01,118.4505,119.1338,107.8675,168.5433,176.6047,130.6077,70.2789,67.4579,82.5889,Federal Reserve G.17 / FRED public CSV,agency_index,A,R1
2018-09-01,117.4545,121.072,106.6054,172.8589,178.0193,131.8185,67.9482,68.0106,80.8729,Federal Reserve G.17 / FRED public CSV,agency_index,A,R1
2018-10-01,123.0218,122.1545,105.2557,176.998,179.2702,133.1086,69.5046,68.1399,79.075,Federal Reserve G.17 / FRED public CSV,agency_index,A,R1
2018-11-01,125.7064,123.2694,103.0036,180.8656,180.3576,134.4543,69.5027,68.3472,76.6086,Federal Reserve G.17 / FRED public CSV,agency_index,A,R1
2018-12-01,128.9238,124.9743,102.4992,184.3682,181.2891,135.8222,69.9274,68.9364,75.4657,Federal Reserve G.17 / FRED public CSV,agency_index,A,R1
2019-01-01,132.5001,126.8406,103.7506,187.4356,182.0785,137.1892,70.691,69.6626,75.626,Federal Reserve G.17 / FRED public CSV,agency_index,A,R1
2019-02-01,132.9596,128.0095,104.7604,190.0077,182.7446,138.5238,69.9759,70.0483,75.6263,Federal Reserve G.17 / FRED public CSV,agency_index,A,R1
2019-03-01,135.7514,128.1247,105.3679,192.0463,183.313,139.8047,70.6868,69.8939,75.3679,Federal Reserve G.17 / FRED public CSV,agency_index,A,R1
2019-04-01,130.3428,127.6373,105.8286,193.5288,183.8127,141.0055,67.3506,69.4388,75.0528,Federal Reserve G.17 / FRED public CSV,agency_index,A,R1
2019-05-01,132.6995,127.3168,105.8115,194.5141,184.2953,142.1051,68.221,69.0831,74.46,Federal Reserve G.17 / FRED public CSV,agency_index,A,R1
2019-06-01,133.0738,127.6211,106.7633,195.0432,184.804,143.0813,68.2278,69.0575,74.6172,Federal Reserve G.17 / FRED public CSV,agency_index,A,R1
2019-07-01,134.052,127.9718,107.5196,195.1624,185.3747,143.905,68.6874,69.0341,74.7157,Federal Reserve G.17 / FRED public CSV,agency_index,A,R1
2019-08-01,135.5473,127.4289,109.1758,194.9681,186.0578,144.5665,69.5228,68.4889,75.5194,Federal Reserve G.17 / FRED public CSV,agency_index,A,R1
2019-09-01,127.971,125.6387,108.7369,194.5288,186.8845,145.0523,65.7851,67.228,74.9639,Federal Reserve G.17 / FRED public CSV,agency_index,A,R1
2019-10-01,123.7553,123.8775,108.9746,193.9069,187.8796,145.3598,63.822,65.9345,74.9689,Federal Reserve G.17 / FRED public CSV,agency_index,A,R1
2019-11-01,127.5485,123.9225,110.9638,193.1445,189.0563,145.4835,66.0379,65.548,76.2725,Federal Reserve G.17 / FRED public CSV,agency_index,A,R1
2019-12-01,125.4299,126.7381,112.6269,192.2914,190.414,145.4316,65.2291,66.5592,77.4432,Federal Reserve G.17 / FRED public CSV,agency_index,A,R1
2020-01-01,124.2497,130.7234,110.9344,191.388,191.9546,145.2142,64.9203,68.1012,76.3936,Federal Reserve G.17 / FRED public CSV,agency_index,A,R1
2020-02-01,122.6228,133.2492,108.6923,190.4722,193.6798,144.837,64.3783,68.7987,75.0445,Federal Reserve G.17 / FRED public CSV,agency_index,A,R1
2020-03-01,126.9343,132.7967,109.4757,189.5719,195.5729,144.3219,66.9584,67.9014,75.8552,Federal Reserve G.17 / FRED public CSV,agency_index,A,R1
2020-04-01,111.8996,130.108,107.5225,188.7119,197.6034,143.6933,59.2965,65.843,74.8278,Federal Reserve G.17 / FRED public CSV,agency_index,A,R1
2020-05-01,104.8657,126.734,107.1574,187.8965,199.7388,142.9758,55.8103,63.4499,74.9479,Federal Reserve G.17 / FRED public CSV,agency_index,A,R1
2020-06-01,107.3931,123.9497,109.2417,187.1306,201.9445,142.1935,57.3894,61.3781,76.8261,Federal Reserve G.17 / FRED public CSV,agency_index,A,R1
2020-07-01,110.0467,122.0181,111.7799,186.4216,204.1636,141.3782,59.0311,59.7648,79.0645,Federal Reserve G.17 / FRED public CSV,agency_index,A,R1
2020-08-01,111.3266,120.8337,112.4082,185.7629,206.3504,140.5586,59.9294,58.5575,79.9724,Federal Reserve G.17 / FRED public CSV,agency_index,A,R1
2020-09-01,113.8411,120.4337,115.8024,185.1477,208.4707,139.7564,61.4866,57.7701,82.8602,Federal Reserve G.17 / FRED public CSV,agency_index,A,R1
2020-10-01,115.7934,121.0856,119.86,184.5665,210.4964,138.9907,62.7381,57.5238,86.2359,Federal Reserve G.17 / FRED public CSV,agency_index,A,R1
2020-11-01,117.4224,123.149,121.1263,184.0075,212.4061,138.279,63.8139,57.9781,87.5956,Federal Reserve G.17 / FRED public CSV,agency_index,A,R1
2020-12-01,119.5341,126.7408,121.0366,183.4604,214.1774,137.6372,65.1553,59.1756,87.9388,Federal Reserve G.17 / FRED public CSV,agency_index,A,R1
2021-01-01,118.714,131.1958,120.3158,182.9101,215.7999,137.0785,64.9029,60.7951,87.7715,Federal Reserve G.17 / FRED public CSV,agency_index,A,R1
2021-02-01,121.3929,135.2489,119.1051,182.3391,217.2708,136.6125,66.5753,62.249,87.1846,Federal Reserve G.17 / FRED public CSV,agency_index,A,R1
2021-03-01,123.0081,138.3338,119.6459,181.7267,218.5898,136.2513,67.6885,63.2846,87.8126,Federal Reserve G.17 / FRED public CSV,agency_index,A,R1
2021-04-01,128.3737,140.256,121.9916,181.053,219.7586,136.0077,70.9039,63.8228,89.6946,Federal Reserve G.17 / FRED public CSV,agency_index,A,R1
2021-05-01,130.4577,140.762,123.9862,180.2817,220.813,135.8842,72.3632,63.7471,91.244,Federal Reserve G.17 / FRED public CSV,agency_index,A,R1
2021-06-01,131.7667,141.2513,121.2857,179.3877,221.7781,135.8864,73.4536,63.6903,89.2552,Federal Reserve G.17 / FRED public CSV,agency_index,A,R1
2021-07-01,129.722,141.4228,117.7423,178.3612,222.6691,136.0199,72.7299,63.5125,86.5625,Federal Reserve G.17 / FRED public CSV,agency_index,A,R1
2021-08-01,131.6118,141.4109,117.8182,177.1807,223.5266,136.2792,74.2811,63.2635,86.4536,Federal Reserve G.17 / FRED public CSV,agency_index,A,R1
2021-09-01,130.6866,146.0717,118.1095,175.849,224.3784,136.6492,74.3175,65.1006,86.4326,Federal Reserve G.17 / FRED public CSV,agency_index,A,R1
2021-10-01,131.7255,152.4638,119.9345,174.3788,225.25,137.1208,75.5399,67.6865,87.4663,Federal Reserve G.17 / FRED public CSV,agency_index,A,R1
2021-11-01,132.1535,158.5854,122.4168,172.8024,226.1592,137.6875,76.4767,70.1211,88.9092,Federal Reserve G.17 / FRED public CSV,agency_index,A,R1
2021-12-01,130.8526,163.1104,124.7074,171.1675,227.1149,138.3373,76.4471,71.8184,90.1473,Federal Reserve G.17 / FRED public CSV,agency_index,A,R1
2022-01-01,126.8091,166.8571,125.773,169.5164,228.1297,139.0682,74.8064,73.1414,90.4398,Federal Reserve G.17 / FRED public CSV,agency_index,A,R1
2022-02-01,131.0052,170.9573,128.9521,167.8854,229.2194,139.8688,78.0325,74.5824,92.195,Federal Reserve G.17 / FRED public CSV,agency_index,A,R1
2022-03-01,128.2017,176.5102,129.5542,166.3422,230.3885,140.7504,77.0711,76.6142,92.0453,Federal Reserve G.17 / FRED public CSV,agency_index,A,R1
2022-04-01,125.9589,183.3306,127.9384,164.9677,231.6341,141.7209,76.3537,79.1467,90.2749,Federal Reserve G.17 / FRED public CSV,agency_index,A,R1
2022-05-01,124.8487,190.3989,128.77,163.8461,232.9608,142.7899,76.1988,81.73,90.1815,Federal Reserve G.17 / FRED public CSV,agency_index,A,R1
2022-06-01,126.8263,196.82,131.2495,163.0578,234.3693,143.9672,77.78,83.9786,91.1662,Federal Reserve G.17 / FRED public CSV,agency_index,A,R1
2022-07-01,126.5639,201.6285,131.7061,162.6854,235.8413,145.2519,77.7967,85.4933,90.6743,Federal Reserve G.17 / FRED public CSV,agency_index,A,R1
2022-08-01,126.475,203.8747,132.8333,162.8001,237.3741,146.6619,77.6873,85.8875,90.5711,Federal Reserve G.17 / FRED public CSV,agency_index,A,R1
2022-09-01,127.2466,202.9163,134.0567,163.4413,238.9656,148.1989,77.8546,84.9144,90.4573,Federal Reserve G.17 / FRED public CSV,agency_index,A,R1
2022-10-01,127.1808,199.4563,132.9257,164.6358,240.616,149.8619,77.2498,82.894,88.6988,Federal Reserve G.17 / FRED public CSV,agency_index,A,R1
2022-11-01,129.3212,194.578,133.4489,166.3957,242.3273,151.644,77.7191,80.2955,88.0015,Federal Reserve G.17 / FRED public CSV,agency_index,A,R1
2022-12-01,127.4691,189.3816,130.8489,168.6869,244.0882,153.5169,75.5655,77.5874,85.2342,Federal Reserve G.17 / FRED public CSV,agency_index,A,R1
2023-01-01,130.4407,185.0352,130.0403,171.493,245.8998,155.4644,76.0618,75.2482,83.6464,Federal Reserve G.17 / FRED public CSV,agency_index,A,R1
2023-02-01,130.058,182.9373,133.54,174.8115,247.7713,157.4749,74.399,73.8331,84.8008,Federal Reserve G.17 / FRED public CSV,agency_index,A,R1
2023-03-01,130.3489,183.4716,133.5331,178.5862,249.7028,159.5233,72.9893,73.476,83.7076,Federal Reserve G.17 / FRED public CSV,agency_index,A,R1
2023-04-01,134.106,185.5032,135.8398,182.7286,251.6882,161.5739,73.3908,73.7035,84.0728,Federal Reserve G.17 / FRED public CSV,agency_index,A,R1
2023-05-01,134.0613,187.214,136.0676,187.1475,253.7482,163.6144,71.634,73.7795,83.1636,Federal Reserve G.17 / FRED public CSV,agency_index,A,R1
2023-06-01,139.2198,187.5026,135.4366,191.7347,255.8947,165.6252,72.6106,73.2733,81.7729,Federal Reserve G.17 / FRED public CSV,agency_index,A,R1
2023-07-01,140.4574,187.5597,136.6894,196.3188,258.1137,167.5664,71.5455,72.6655,81.5733,Federal Reserve G.17 / FRED public CSV,agency_index,A,R1
2023-08-01,142.0966,189.3782,135.6233,200.7516,260.4229,169.4322,70.7823,72.7195,80.0458,Federal Reserve G.17 / FRED public CSV,agency_index,A,R1
2023-09-01,139.7572,193.881,134.4233,204.9135,262.831,171.2248,68.203,73.7664,78.5069,Federal Reserve G.17 / FRED public CSV,agency_index,A,R1
2023-10-01,137.1285,199.2132,136.4045,208.698,265.3465,172.941,65.7067,75.0766,78.8734,Federal Reserve G.17 / FRED public CSV,agency_index,A,R1
2023-11-01,137.0729,202.6282,137.8263,212.0082,267.9727,174.581,64.6545,75.6153,78.9469,Federal Reserve G.17 / FRED public CSV,agency_index,A,R1
2023-12-01,135.9125,202.3512,138.9374,214.7784,270.7033,176.1464,63.2804,74.7502,78.8761,Federal Reserve G.17 / FRED public CSV,agency_index,A,R1
2024-01-01,135.4302,199.6447,139.4212,216.9576,273.5418,177.6429,62.4224,72.9851,78.484,Federal Reserve G.17 / FRED public CSV,agency_index,A,R1
2024-02-01,136.3983,196.9029,138.2248,218.5062,276.4967,179.0869,62.4231,71.2135,77.1831,Federal Reserve G.17 / FRED public CSV,agency_index,A,R1
2024-03-01,141.2271,195.7796,138.3547,219.4292,279.5657,180.4904,64.3611,70.0299,76.6549,Federal Reserve G.17 / FRED public CSV,agency_index,A,R1
2024-04-01,142.0249,196.5529,143.8737,219.7556,282.7348,181.8675,64.6286,69.5185,79.1091,Federal Reserve G.17 / FRED public CSV,agency_index,A,R1
2024-05-01,144.1395,199.0948,144.2792,219.5927,286.0148,183.2655,65.6395,69.61,78.7269,Federal Reserve G.17 / FRED public CSV,agency_index,A,R1
2024-06-01,142.7852,203.0221,143.4192,219.031,289.4092,184.7214,65.1895,70.1505,77.6408,Federal Reserve G.17 / FRED public CSV,agency_index,A,R1
2024-07-01,142.2301,207.4477,143.4068,218.1759,292.8884,186.2578,65.1906,70.8282,76.9937,Federal Reserve G.17 / FRED public CSV,agency_index,A,R1
2024-08-01,144.1348,211.356,148.7946,217.1616,296.4546,187.9165,66.3721,71.2945,79.1812,Federal Reserve G.17 / FRED public CSV,agency_index,A,R1
2024-09-01,149.9479,213.9455,146.4195,216.0804,300.1074,189.7222,69.3945,71.2896,77.1757,Federal Reserve G.17 / FRED public CSV,agency_index,A,R1
2024-10-01,152.4544,212.0256,148.7125,215.0108,303.8496,191.6983,70.9054,69.7798,77.5763,Federal Reserve G.17 / FRED public CSV,agency_index,A,R1
2024-11-01,151.4876,212.2907,148.1992,214.0029,307.6852,193.8607,70.7877,68.9961,76.4462,Federal Reserve G.17 / FRED public CSV,agency_index,A,R1
2024-12-01,157.5736,213.8877,150.2275,213.103,311.5885,196.2015,73.9424,68.6443,76.5679,Federal Reserve G.17 / FRED public CSV,agency_index,A,R1
2025-01-01,158.6648,216.2888,158.0732,212.3445,315.5577,198.7281,74.7205,68.5418,79.5424,Federal Reserve G.17 / FRED public CSV,agency_index,A,R1
2025-02-01,159.9524,218.4389,159.6876,211.7538,319.6054,201.4483,75.537,68.3464,79.2698,Federal Reserve G.17 / FRED public CSV,agency_index,A,R1
2025-03-01,159.9616,220.013,159.2281,211.3402,323.7212,204.3586,75.6892,67.9637,77.916,Federal Reserve G.17 / FRED public CSV,agency_index,A,R1
2025-04-01,159.1169,216.7479,162.2271,211.1025,327.8801,207.4386,75.3743,66.1058,78.2049,Federal Reserve G.17 / FRED public CSV,agency_index,A,R1
2025-05-01,163.6835,212.9755,164.3526,211.0074,332.1115,210.6814,77.5724,64.1277,78.01,Federal Reserve G.17 / FRED public CSV,agency_index,A,R1
2025-06-01,164.5429,208.6809,163.1741,211.0293,336.4227,214.0717,77.9716,62.0294,76.224,Federal Reserve G.17 / FRED public CSV,agency_index,A,R1
2025-07-01,171.0941,203.895,171.5555,211.1389,340.7681,217.5518,81.0339,59.8339,78.8573,Federal Reserve G.17 / FRED public CSV,agency_index,A,R1
2025-08-01,170.6425,200.1067,169.197,211.2929,345.1645,221.1051,80.7611,57.9743,76.5233,Federal Reserve G.17 / FRED public CSV,agency_index,A,R1
2025-09-01,171.5279,203.0789,165.667,211.4619,349.6193,224.715,81.1153,58.0857,73.7232,Federal Reserve G.17 / FRED public CSV,agency_index,A,R1
2025-10-01,170.4791,210.8122,169.1163,211.6205,354.1427,228.3738,80.5589,59.5275,74.0524,Federal Reserve G.17 / FRED public CSV,agency_index,A,R1
2025-11-01,169.3777,216.102,169.7424,211.7479,358.7327,232.0649,79.9902,60.2404,73.1444,Federal Reserve G.17 / FRED public CSV,agency_index,A,R1
2025-12-01,168.7953,219.838,170.5402,211.8303,363.3629,235.7557,79.6842,60.5009,72.3377,Federal Reserve G.17 / FRED public CSV,agency_index,A,R1
2026-01-01,175.5434,221.9316,176.7104,213.586,367.2045,238.2684,82.1886,60.4381,74.1644,Federal Reserve G.17 / FRED public CSV,agency_index,A,R1
2026-02-01,178.014,223.9405,176.0779,214.7409,371.4732,241.4135,82.8971,60.2844,72.9362,Federal Reserve G.17 / FRED public CSV,agency_index,A,R1
2026-03-01,179.9256,226.0413,173.5648,215.9776,375.6708,244.3075,83.3076,60.1701,71.0436,Federal Reserve G.17 / FRED public CSV,agency_index,A,R1
2026-04-01,182.3641,227.5967,176.4452,217.2761,379.7778,246.9411,83.9319,59.9289,71.4524,Federal Reserve G.17 / FRED public CSV,agency_index,A,R1
2026-05-01,180.6928,229.1909,180.9228,218.6502,383.8923,249.5155,82.6401,59.7019,72.5096,Federal Reserve G.17 / FRED public CSV,agency_index,A,R1
2026-06-01,179.7598,230.7621,181.8824,220.0894,388.0341,252.0622,81.6758,59.4695,72.1577,Federal Reserve G.17 / FRED public CSV,agency_index,A,R1
